group,group_kind,feature_name,pcap_count,row_count,nonfinite_count,zero_count,nonzero_count,min,max,mean,std,p01,p50,p95,p99,p99_9,percentile_method,percentile_sample_size,is_constant
DDoS,other,window_span_seconds,24,19112074,0,778648,18333426,0.0,2.0082409381866455,0.0007080993524999384,0.013279822967864273,0.0,0.00036406517028808594,0.0014708161354064914,0.0026209449768066495,0.005624065637588681,bounded_sample,200000,false
DDoS,other,iat_mean_seconds,24,19112074,0,778649,18333425,0.0,0.0836767057577769,2.9505910366165467e-05,0.0005533259826598322,0.0,1.5328327814737957e-05,6.095618009567249e-05,0.00011011958122253418,0.00026561817526817336,bounded_sample,200000,false
DDoS,other,iat_std_seconds,24,19112074,0,778649,18333425,0.0,0.2767818903012598,8.972335149599646e-05,0.0013233125866891542,0.0,4.6124290417535934e-05,0.00020727683751029842,0.0004352529089374912,0.0011032336031205662,bounded_sample,200000,false
DDoS,other,iat_p50_seconds,24,19112074,0,10903620,8208454,0.0,0.04788053035736084,1.2596408825650843e-06,8.416048427065951e-05,0.0,0.0,1.9073486328125e-06,1.9073486328125e-06,9.59634780883789e-05,bounded_sample,200000,false
DDoS,other,iat_p95_seconds,24,19112074,0,994085,18117989,0.0,0.8501325964927652,0.00011998023822041745,0.0029249671161250173,0.0,6.217956542968737e-05,0.00028146684169769176,0.0004181892871856712,0.0008578662514686647,bounded_sample,200000,false
DDoS,other,frame_length_mean,24,19112074,0,0,19112074,53.52,1514.0,61.63876411947757,34.6066599574265,60.0,60.0,60.0,61.88,289.44,bounded_sample,200000,false
DDoS,other,frame_length_std,24,19112074,0,18576002,536072,0.0,726.4181671737018,2.177099427803042,30.93223544400933,0.0,0.0,0.0,7.446448818060863,465.9948428899187,bounded_sample,200000,false
DDoS,other,frame_length_min,24,19112074,0,0,19112074,42.0,1514.0,60.22665781850781,17.728025333127686,60.0,60.0,60.0,60.0,60.0,bounded_sample,200000,false
DDoS,other,frame_length_max,24,19112074,0,0,19112074,60.0,1514.0,67.24918750314592,87.71146373949055,60.0,60.0,60.0,100.0,1494.0,bounded_sample,200000,false
DDoS,other,ipv4_ratio,24,19112074,0,0,19112074,0.28,1.0,0.9999268734518294,0.003223496347892151,1.0,1.0,1.0,1.0,1.0,bounded_sample,200000,false
DDoS,other,ipv6_ratio,24,19112074,0,19110664,1410,0.0,0.36,3.158212970502311e-06,0.000392358330561548,0.0,0.0,0.0,0.0,0.0,bounded_sample,200000,false
DDoS,other,arp_ratio,24,19112074,0,19092402,19672,0.0,0.72,6.920023436493599e-05,0.0031436694080786195,0.0,0.0,0.0,0.0,0.04,bounded_sample,200000,false
DDoS,other,llc_ratio,24,19112074,0,19111824,250,0.0,0.48,6.508974379232731e-07,0.00024224985373775,0.0,0.0,0.0,0.0,0.0,bounded_sample,200000,false
DDoS,other,other_protocol_ratio,24,19112074,0,19112018,56,0.0,0.04,1.1720339718232566e-07,6.84698630833794e-05,0.0,0.0,0.0,0.0,0.0,bounded_sample,200000,false
DDoS,other,tcp_ratio,24,19112074,0,12565876,6546198,0.0,1.0,0.3370490947240994,0.47174941629094586,0.0,0.0,1.0,1.0,1.0,bounded_sample,200000,false
DDoS,other,udp_ratio,24,19112074,0,12405231,6706843,0.0,1.0,0.3413937388480184,0.4727520966371447,0.0,0.0,1.0,1.0,1.0,bounded_sample,200000,false
DDoS,other,icmp_ratio,24,19112074,0,12857060,6255014,0.0,1.0,0.32148669160657317,0.4656930984749391,0.0,1.0,1.0,1.0,1.0,bounded_sample,200000,false
DDoS,other,icmpv6_ratio,24,19112074,0,19111925,149,0.0,0.2,3.8091104084255855e-07,0.0001547347233715905,0.0,0.0,0.0,0.0,0.0,bounded_sample,200000,false
DDoS,other,igmp_ratio,24,19112074,0,19112033,41,0.0,0.2,1.2557506840963455e-07,0.0001018864885682362,0.0,0.0,0.0,0.0,0.0,bounded_sample,200000,false
DDoS,other,tcp_syn_ratio,24,19112074,0,16020676,3091398,0.0,1.0,0.14131846461001074,0.335258718243674,0.0,0.0,1.0,1.0,1.0,bounded_sample,200000,false
DDoS,other,tcp_ack_ratio,24,19112074,0,18015965,1096109,0.0,1.0,0.0390538305252576,0.17898310984306745,0.0,0.0,0.0,1.0,1.0,bounded_sample,200000,false
DDoS,other,tcp_fin_ratio,24,19112074,0,19110279,1795,0.0,1.0,3.323143139620771e-05,0.005207276141919807,0.0,0.0,0.0,0.0,0.0,bounded_sample,200000,false
DDoS,other,tcp_rst_ratio,24,19112074,0,18017412,1094662,0.0,1.0,0.026589569090440964,0.13043802390651327,0.0,0.0,0.0,0.52,1.0,bounded_sample,200000,false
DDoS,other,tcp_psh_ratio,24,19112074,0,19040371,71703,0.0,1.0,0.0014971516779436849,0.03221249323233182,0.0,0.0,0.0,0.0,0.5000238095242475,bounded_sample,200000,false
DDoS,other,tcp_urg_ratio,24,19112074,0,19112074,0,0.0,0.0,0.0,0.0,0.0,0.0,0.0,0.0,0.0,bounded_sample,200000,true
DDoS,other,unique_ip_count,24,19112074,0,0,19112074,2.0,26.0,2.784942283082414,0.7230599791844804,2.0,3.0,4.0,4.0,6.0,bounded_sample,200000,false
DDoS,other,unique_port_count,24,19112074,0,5997378,13114696,0.0,46.0,10.066974730215042,11.455970760170645,0.0,0.0,26.0,26.0,27.0,bounded_sample,200000,false
DoS,other,window_span_seconds,16,7219182,0,30158,7189024,0.0,2.0119709968566895,0.0021378539986304864,0.027607671979006303,3.3855438232421875e-05,0.0005741119384765625,0.0032711029052734375,0.006240136623382575,0.03551305627823119,bounded_sample,200000,false
DoS,other,iat_mean_seconds,16,7219182,0,30158,7189024,0.0,0.08383212486902873,8.907953963849646e-05,0.0011503198301984245,1.4106432596842449e-06,2.3871660232543945e-05,0.00013666351636250815,0.0002607508500417078,0.0013523019353550824,bounded_sample,200000,false
DoS,other,iat_std_seconds,16,7219182,0,30158,7189024,0.0,0.2776850339793014,0.0003047297771523766,0.0035785113346286125,3.970050305164882e-06,6.755966101039728e-05,0.0005495610452401766,0.0010764624307356978,0.005230241039347642,bounded_sample,200000,false
DoS,other,iat_p50_seconds,16,7219182,0,2629118,4590064,0.0,0.03763854503631592,1.9491129895996965e-06,9.222559480937076e-05,0.0,0.0,1.9073486328125e-06,2.86102294921875e-06,3.0994415283203125e-05,bounded_sample,200000,false
DoS,other,iat_p95_seconds,16,7219182,0,78144,7141038,0.0,0.8509221911430338,0.0003416151684365953,0.008116917223535247,3.0994415283203125e-06,6.141662597656245e-05,0.0004916131496429421,0.001247406721115111,0.004385338664055061,bounded_sample,200000,false
DoS,other,frame_length_mean,16,7219182,0,0,7219182,53.52,1514.0,64.740044049312,61.601255715161024,60.0,60.0,66.56,84.72040000000037,727.52,bounded_sample,200000,false
DoS,other,frame_length_std,16,7219182,0,6728322,490860,0.0,726.4181671737018,5.494576717534781,48.56230967805865,0.0,0.0,32.13730542531528,115.22530273919503,608.3959102960608,bounded_sample,200000,false
DoS,other,frame_length_min,16,7219182,0,0,7219182,42.0,1514.0,60.986772185546805,36.96676691626147,60.0,60.0,60.0,60.0,60.0,bounded_sample,200000,false
DoS,other,frame_length_max,16,7219182,0,0,7219182,60.0,1514.0,78.76435169524747,135.9094639767208,60.0,60.0,224.0,644.0,1494.0,bounded_sample,200000,false
DoS,other,ipv4_ratio,16,7219182,0,0,7219182,0.28,1.0,0.9999081280953994,0.003378168501648696,1.0,1.0,1.0,1.0,1.0,bounded_sample,200000,false
DoS,other,ipv6_ratio,16,7219182,0,7217597,1585,0.0,0.32,9.735174982428757e-06,0.0007233103121524352,0.0,0.0,0.0,0.0,0.0,bounded_sample,200000,false
DoS,other,arp_ratio,16,7219182,0,7210631,8551,0.0,0.72,7.995919759330074e-05,0.00322687730092107,0.0,0.0,0.0,0.0,0.0,bounded_sample,200000,false
DoS,other,llc_ratio,16,7219182,0,7218909,273,0.0,0.68,1.8949515332900594e-06,0.00045788650612474987,0.0,0.0,0.0,0.0,0.0,bounded_sample,200000,false
DoS,other,other_protocol_ratio,16,7219182,0,7219131,51,0.0,0.04,2.825804918064124e-07,0.00010631622557503698,0.0,0.0,0.0,0.0,0.0,bounded_sample,200000,false
DoS,other,tcp_ratio,16,7219182,0,3844762,3374420,0.0,1.0,0.45769179389022213,0.4960616277042581,0.0,0.0,1.0,1.0,1.0,bounded_sample,200000,false
DoS,other,udp_ratio,16,7219182,0,4752167,2467015,0.0,1.0,0.31165070502447506,0.4594573391669014,0.0,0.0,1.0,1.0,1.0,bounded_sample,200000,false
DoS,other,icmp_ratio,16,7219182,0,5497361,1721821,0.0,1.0,0.2305732200684231,0.41861983006421327,0.0,1.0,1.0,1.0,1.0,bounded_sample,200000,false
DoS,other,icmpv6_ratio,16,7219182,0,7218973,209,0.0,0.2,1.4461472227739929e-06,0.0003047320386459832,0.0,0.0,0.0,0.0,0.0,bounded_sample,200000,false
DoS,other,igmp_ratio,16,7219182,0,7219092,90,0.0,0.2,6.981400385805486e-07,0.00022966904682829347,0.0,0.0,0.0,0.0,0.0,bounded_sample,200000,false
DoS,other,tcp_syn_ratio,16,7219182,0,5507071,1712111,0.0,1.0,0.20876548013568755,0.3882974004709354,0.0,0.0,0.6,1.0,1.0,bounded_sample,200000,false
DoS,other,tcp_ack_ratio,16,7219182,0,6555578,663604,0.0,1.0,0.0508716305965251,0.19175690465077025,0.0,0.0,0.0,1.0,1.0,bounded_sample,200000,false
DoS,other,tcp_fin_ratio,16,7219182,0,7217124,2058,0.0,1.0,9.56691751182945e-05,0.008758945502398714,0.0,0.0,0.0,0.0,0.0,bounded_sample,200000,false
DoS,other,tcp_rst_ratio,16,7219182,0,6621876,597306,0.0,1.0,0.0345599857092177,0.13971270614632533,0.0,0.0,0.0,0.4,1.0,bounded_sample,200000,false
DoS,other,tcp_psh_ratio,16,7219182,0,7160042,59140,0.0,1.0,0.0032758157482238323,0.04728669308322628,0.0,0.0,0.0,0.0,1.0,bounded_sample,200000,false
DoS,other,tcp_urg_ratio,16,7219182,0,7219182,0,0.0,0.0,0.0,0.0,0.0,0.0,0.0,0.0,0.0,bounded_sample,200000,true
DoS,other,unique_ip_count,16,7219182,0,0,7219182,2.0,24.0,2.096585735059735,0.4922757789165305,2.0,2.0,3.0,3.0,7.0,bounded_sample,200000,false
DoS,other,unique_port_count,16,7219182,0,1554793,5664389,0.0,30.0,12.533587184808475,12.315697586527925,0.0,0.0,26.0,26.0,27.0,bounded_sample,200000,false
MQTT,other,window_span_seconds,5,1032401,0,3747,1028654,0.0,2.000307083129883,0.0022885821841084073,0.02249194951267223,1.5974044799804688e-05,0.00044918060302734375,0.002794981002807617,0.005633831024169922,0.017363816022873464,bounded_sample,200000,false
MQTT,other,iat_mean_seconds,5,1032401,0,3749,1028652,0.0,0.08334612846374512,9.536665147138946e-05,0.0009371639645616607,7.549921671549479e-07,1.874566078186035e-05,0.00011620918909708659,0.00023449500401814813,0.0007039252916972648,bounded_sample,200000,false
MQTT,other,iat_std_seconds,5,1032401,0,3749,1028652,0.0,0.22457790898427873,0.00028351478207776345,0.0027351268222234703,2.1687922163474047e-06,5.169499488302303e-05,0.0004347366361636317,0.0008851906617890419,0.0022804890986707228,bounded_sample,200000,false
MQTT,other,iat_p50_seconds,5,1032401,0,441057,591344,0.0,0.030171871185302734,5.333481147592885e-06,7.033097318992281e-05,0.0,9.5367431640625e-07,2.86102294921875e-06,4.0531158447265625e-06,0.00011110341548920336,bounded_sample,200000,false
MQTT,other,iat_p95_seconds,5,1032401,0,40355,992046,0.0,0.6210458159446707,0.0004126512880786843,0.004516528984447748,0.0,7.293224334716795e-05,0.00042724788188934184,0.0012818815708160374,0.0037528923034671037,bounded_sample,200000,false
MQTT,other,frame_length_mean,5,1032401,0,0,1032401,58.56,1514.0,154.55338826676842,216.489946582704,62.16,68.68,73.68,222.96,1172.2410000000184,bounded_sample,200000,false
MQTT,other,frame_length_std,5,1032401,0,36578,995823,0.0,726.4181671737018,85.59553697025369,180.77953123038492,1.5999999999999994,5.830403073544744,8.653323061113573,247.18622423392074,692.208539436314,bounded_sample,200000,false
MQTT,other,frame_length_min,5,1032401,0,0,1032401,42.0,1514.0,69.74203918826115,49.64492018398335,60.0,60.0,66.0,66.0,175.0,bounded_sample,200000,false
MQTT,other,frame_length_max,5,1032401,0,0,1032401,60.0,1514.0,317.20882873999545,501.6153122624651,66.0,83.0,83.0,1374.0,1514.0,bounded_sample,200000,false
MQTT,other,ipv4_ratio,5,1032401,0,0,1032401,0.44,1.0,0.9999359551182149,0.003073262087121379,1.0,1.0,1.0,1.0,1.0,bounded_sample,200000,false
MQTT,other,ipv6_ratio,5,1032401,0,1032188,213,0.0,0.12,8.562564352417327e-06,0.0006110850715337864,0.0,0.0,0.0,0.0,0.0,bounded_sample,200000,false
MQTT,other,arp_ratio,5,1032401,0,1031813,588,0.0,0.56,5.5211104987306294e-05,0.002989074129871372,0.0,0.0,0.0,0.0,0.0,bounded_sample,200000,false
MQTT,other,llc_ratio,5,1032401,0,1032400,1,0.0,0.04,3.874463507881143e-08,3.936729482712407e-05,0.0,0.0,0.0,0.0,0.0,bounded_sample,200000,false
MQTT,other,other_protocol_ratio,5,1032401,0,1032395,6,0.0,0.04,2.324678104728686e-07,9.642955137110118e-05,0.0,0.0,0.0,0.0,0.0,bounded_sample,200000,false
MQTT,other,tcp_ratio,5,1032401,0,0,1032401,0.4,1.0,0.9998495933266242,0.003910544359364382,1.0,1.0,1.0,1.0,1.0,bounded_sample,200000,false
MQTT,other,udp_ratio,5,1032401,0,1030275,2126,0.0,0.28,9.434318641690585e-05,0.0022789754192530255,0.0,0.0,0.0,0.0,0.04,bounded_sample,200000,false
MQTT,other,icmp_ratio,5,1032401,0,1032400,1,0.0,0.04,3.874463507881143e-08,3.936729482712407e-05,0.0,0.0,0.0,0.0,0.0,bounded_sample,200000,false
MQTT,other,icmpv6_ratio,5,1032401,0,1032394,7,0.0,0.12,3.487017157093028e-07,0.0001524685523457225,0.0,0.0,0.0,0.0,0.0,bounded_sample,200000,false
MQTT,other,igmp_ratio,5,1032401,0,1032398,3,0.0,0.12,1.9372317539405722e-07,0.00013056646547260264,0.0,0.0,0.0,0.0,0.0,bounded_sample,200000,false
MQTT,other,tcp_syn_ratio,5,1032401,0,312056,720345,0.0,1.0,0.15194928476877514,0.16531985175117447,0.0,0.16,0.52,0.72,0.88,bounded_sample,200000,false
MQTT,other,tcp_ack_ratio,5,1032401,0,2453,1029948,0.0,1.0,0.7724946219855667,0.24296156366631486,0.12,0.76,1.0,1.0,1.0,bounded_sample,200000,false
MQTT,other,tcp_fin_ratio,5,1032401,0,318757,713644,0.0,1.0,0.13839338386964442,0.1488481512011819,0.0,0.16,0.44,0.72,1.0,bounded_sample,200000,false
MQTT,other,tcp_rst_ratio,5,1032401,0,477523,554878,0.0,1.0,0.16001685878138008,0.21069046633732408,0.0,0.12,0.6,0.8,1.0,bounded_sample,200000,false
MQTT,other,tcp_psh_ratio,5,1032401,0,73079,959322,0.0,1.0,0.27394340828702723,0.23279136314050897,0.0,0.2,0.44,0.68,1.0,bounded_sample,200000,false
MQTT,other,tcp_urg_ratio,5,1032401,0,1032401,0,0.0,0.0,0.0,0.0,0.0,0.0,0.0,0.0,0.0,bounded_sample,200000,true
MQTT,other,unique_ip_count,5,1032401,0,0,1032401,2.0,18.0,2.889243617547833,0.9641197842940528,2.0,3.0,5.0,5.0,8.0,bounded_sample,200000,false
MQTT,other,unique_port_count,5,1032401,0,0,1032401,2.0,28.0,21.600948662389907,4.07492792664654,15.0,23.0,26.0,26.0,26.0,bounded_sample,200000,false
Recon,other,window_span_seconds,4,41495,0,1636,39859,0.0,6.20250391960144,0.05646037417070625,0.23342537897329896,0.0,0.004565000534057617,0.28510684967040734,1.001473250389099,2.0029370622634906,exact,41495,false
Recon,other,iat_mean_seconds,4,41495,0,1636,39859,0.0,0.2584376633167267,0.00235251659115869,0.009726057251116044,0.0,0.00019020835558573404,0.011879452069600307,0.0417280520995458,0.08345571092764544,exact,41495,false
Recon,other,iat_std_seconds,4,41495,0,1636,39859,0.0,0.38926890072575177,0.004965130057009695,0.021682650211218315,0.0,0.0006404375156670539,0.014573639086835738,0.11133589990798481,0.27605624322448347,exact,41495,false
Recon,other,iat_p50_seconds,4,41495,0,17048,24447,0.0,0.17262351512908936,0.0005428049130272558,0.003530599880366632,0.0,1.0728836059570312e-06,0.002528989315032944,0.012859759330749482,0.039476073503496564,exact,41495,false
Recon,other,iat_p95_seconds,4,41495,0,4910,36585,0.0,1.136186218261717,0.009762910212188005,0.04972535657446358,0.0,0.00046627521514892503,0.034982610940933176,0.1990371918678278,0.8474464545965174,exact,41495,false
Recon,other,frame_length_mean,4,41495,0,0,41495,55.68,1494.0,80.99693553440173,83.715859404038,60.0,60.0,174.28799999999933,520.4927999999933,993.0910400000023,exact,41495,false
Recon,other,frame_length_std,4,41495,0,28521,12974,0.0,690.3717259563866,35.397949373401396,95.50324952977957,0.0,0.0,237.14187010946625,530.8870477110646,647.840402900242,exact,41495,false
Recon,other,frame_length_min,4,41495,0,0,41495,42.0,1494.0,60.51890589227618,8.445692659860413,60.0,60.0,60.0,70.0,118.0,exact,41495,false
Recon,other,frame_length_max,4,41495,0,0,41495,60.0,1514.0,195.13056994818655,324.04252949996925,60.0,60.0,1218.2999999999956,1435.0,1474.0,exact,41495,false
Recon,other,ipv4_ratio,4,41495,0,65,41430,0.0,1.0,0.9928270876009159,0.06826206639476887,0.88,1.0,1.0,1.0,1.0,exact,41495,false
Recon,other,ipv6_ratio,4,41495,0,41293,202,0.0,0.28,0.00024099289070972403,0.004093114521063114,0.0,0.0,0.0,0.0,0.04,exact,41495,false
Recon,other,arp_ratio,4,41495,0,40181,1314,0.0,1.0,0.0069193878780576,0.06804924844065363,0.0,0.0,0.0,0.12,1.0,exact,41495,false
Recon,other,llc_ratio,4,41495,0,41492,3,0.0,0.04,2.8919146885166885e-06,0.00034010031515731043,0.0,0.0,0.0,0.0,0.0,exact,41495,false
Recon,other,other_protocol_ratio,4,41495,0,41485,10,0.0,0.04,9.639715628388962e-06,0.0006208830010703807,0.0,0.0,0.0,0.0,0.0,exact,41495,false
Recon,other,tcp_ratio,4,41495,0,585,40910,0.0,1.0,0.9458344378840825,0.18120384958035968,0.0,1.0,1.0,1.0,1.0,exact,41495,false
Recon,other,udp_ratio,4,41495,0,31828,9667,0.0,1.0,0.04642197855163274,0.16679422230889007,0.0,0.0,0.2,0.96,1.0,exact,41495,false
Recon,other,icmp_ratio,4,41495,0,41098,397,0.0,0.24,0.000767321364019762,0.009110808518112315,0.0,0.0,0.0,0.0,0.14024000000004888,exact,41495,false
Recon,other,icmpv6_ratio,4,41495,0,41480,15,0.0,0.16,2.5063260633811307e-05,0.001619065929444567,0.0,0.0,0.0,0.0,0.0,exact,41495,false
Recon,other,igmp_ratio,4,41495,0,41486,9,0.0,0.16,1.9279431256777925e-05,0.0015460523210327902,0.0,0.0,0.0,0.0,0.0,exact,41495,false
Recon,other,tcp_syn_ratio,4,41495,0,16468,25027,0.0,1.0,0.45687429286946524,0.44674602347730324,0.0,0.36,1.0,1.0,1.0,exact,41495,false
Recon,other,tcp_ack_ratio,4,41495,0,13717,27778,0.0,1.0,0.5286356027455456,0.4480587297771463,0.0,0.6,1.0,1.0,1.0,exact,41495,false
Recon,other,tcp_fin_ratio,4,41495,0,41111,384,0.0,1.0,0.001111109419963357,0.017619786831477156,0.0,0.0,0.0,0.0,0.22477777777778396,exact,41495,false
Recon,other,tcp_rst_ratio,4,41495,0,16801,24694,0.0,1.0,0.4498361115042876,0.4459147270709555,0.0,0.32,1.0,1.0,1.0,exact,41495,false
Recon,other,tcp_psh_ratio,4,41495,0,36470,5025,0.0,1.0,0.038980303207546224,0.13301689869415648,0.0,0.0,0.4166666666666667,0.6,1.0,exact,41495,false
Recon,other,tcp_urg_ratio,4,41495,0,41334,161,0.0,0.24,0.000353249064447299,0.006798405314580323,0.0,0.0,0.0,0.0,0.1334347826087029,exact,41495,false
Recon,other,unique_ip_count,4,41495,0,0,41495,2.0,28.0,3.0304615013857092,2.72735667534783,2.0,2.0,8.0,15.0,27.0,exact,41495,false
Recon,other,unique_port_count,4,41495,0,113,41382,0.0,30.0,24.505578985419927,5.019423553350092,2.0,26.0,27.0,27.0,28.0,exact,41495,false
Spoofing,other,window_span_seconds,1,6423,0,0,6423,0.00015997886657714844,2.0108580589294434,0.2881780084226615,0.4316494231250219,0.0012645721435546875,0.1393141746520996,1.0737685203552239,1.9992832326889038,2.0025331649780274,exact,6423,false
Spoofing,other,iat_mean_seconds,1,6423,0,0,6423,6.665786107381185e-06,0.08378575245539348,0.012007417017610897,0.01798539263020925,5.269050598144531e-05,0.005804757277170817,0.04474035501480099,0.08330346802870434,0.08343888187408446,exact,6423,false
Spoofing,other,iat_std_seconds,1,6423,0,0,6423,3.584533784446368e-06,0.27754187828392457,0.02874283013969136,0.0586994699771884,7.95046676941393e-05,0.005520491730799106,0.19135067385033902,0.2757418864534565,0.2763112154908666,exact,6423,false
Spoofing,other,iat_p50_seconds,1,6423,0,1169,5254,0.0,0.030622482299804688,0.0027276925648667444,0.004354046519773673,0.0,0.00027954578399658203,0.011467552185058582,0.02040928602218628,0.025177875757217482,exact,6423,false
Spoofing,other,iat_p95_seconds,1,6423,0,3,6420,0.0,0.8506144285202005,0.052835091586129986,0.12987756780006862,0.000209006309509277,0.01505554914474487,0.2561423444747917,0.8463463099002816,0.8492111263990381,exact,6423,false
Spoofing,other,frame_length_mean,1,6423,0,0,6423,57.12,1494.0,482.10086875291915,478.9439736606266,63.275200000000005,272.2,1494.0,1494.0,1494.0,exact,6423,false
Spoofing,other,frame_length_std,1,6423,0,1203,5220,0.0,713.4285713370328,226.88328014903627,207.08500353790222,0.0,188.42574770980738,584.4980776100518,671.147614268497,713.4285713370328,exact,6423,false
Spoofing,other,frame_length_min,1,6423,0,0,6423,42.0,1494.0,252.07971352950335,464.4722808089165,42.0,66.0,1494.0,1494.0,1494.0,exact,6423,false
Spoofing,other,frame_length_max,1,6423,0,0,6423,60.0,1514.0,933.2744823291297,525.6854275915731,66.0,1242.0,1494.0,1498.0,1514.0,exact,6423,false
Spoofing,other,ipv4_ratio,1,6423,0,47,6376,0.0,1.0,0.9711287560330064,0.13359012123577474,0.04,1.0,1.0,1.0,1.0,exact,6423,false
Spoofing,other,ipv6_ratio,1,6423,0,6269,154,0.0,0.16,0.0010711505527012301,0.007358933182628788,0.0,0.0,0.0,0.04,0.08,exact,6423,false
Spoofing,other,arp_ratio,1,6423,0,5813,610,0.0,1.0,0.0277129067413981,0.13333171955276182,0.0,0.0,0.08,0.96,1.0,exact,6423,false
Spoofing,other,llc_ratio,1,6423,0,6418,5,0.0,0.04,3.113809746224506e-05,0.0011155959471852853,0.0,0.0,0.0,0.0,0.0,exact,6423,false
Spoofing,other,other_protocol_ratio,1,6423,0,6414,9,0.0,0.04,5.60485754320411e-05,0.0014962625352770427,0.0,0.0,0.0,0.0,0.04,exact,6423,false
Spoofing,other,tcp_ratio,1,6423,0,1833,4590,0.0,1.0,0.5229269811614511,0.4440599656740722,0.0,0.6,1.0,1.0,1.0,exact,6423,false
Spoofing,other,udp_ratio,1,6423,0,2307,4116,0.0,1.0,0.4487747158648607,0.44615203220663185,0.0,0.32,1.0,1.0,1.0,exact,6423,false
Spoofing,other,icmp_ratio,1,6423,0,6383,40,0.0,0.24,0.0003861124085318387,0.005677546879481719,0.0,0.0,0.0,0.0,0.08,exact,6423,false
Spoofing,other,icmpv6_ratio,1,6423,0,6407,16,0.0,0.08,0.0001120971508640822,0.002338319777558939,0.0,0.0,0.0,0.0,0.04,exact,6423,false
Spoofing,other,igmp_ratio,1,6423,0,6423,0,0.0,0.0,0.0,0.0,0.0,0.0,0.0,0.0,0.0,exact,6423,true
Spoofing,other,tcp_syn_ratio,1,6423,0,6173,250,0.0,1.0,0.0038397282593914963,0.03785728656803235,0.0,0.0,0.0,0.08333333333333331,0.7890000000002146,exact,6423,false
Spoofing,other,tcp_ack_ratio,1,6423,0,1837,4586,0.0,1.0,0.7110740283578083,0.450495936354685,0.0,1.0,1.0,1.0,1.0,exact,6423,false
Spoofing,other,tcp_fin_ratio,1,6423,0,6211,212,0.0,1.0,0.008188474662003864,0.07339394527577926,0.0,0.0,0.0,0.16666666666666663,1.0,exact,6423,false
Spoofing,other,tcp_rst_ratio,1,6423,0,6329,94,0.0,1.0,0.0018463459931246616,0.026748298682036004,0.0,0.0,0.0,0.045454545454545456,0.2857142857142857,exact,6423,false
Spoofing,other,tcp_psh_ratio,1,6423,0,3228,3195,0.0,1.0,0.2290782702105677,0.27614005634450467,0.0,0.0,0.6666666666666666,1.0,1.0,exact,6423,false
Spoofing,other,tcp_urg_ratio,1,6423,0,6423,0,0.0,0.0,0.0,0.0,0.0,0.0,0.0,0.0,0.0,exact,6423,true
Spoofing,other,unique_ip_count,1,6423,0,0,6423,2.0,28.0,5.412112719912813,4.552052258593722,2.0,4.0,14.0,26.0,27.0,exact,6423,false
Spoofing,other,unique_port_count,1,6423,0,46,6377,0.0,29.0,5.972131402771291,4.9696887787721655,2.0,4.0,15.0,22.0,27.0,exact,6423,false
all_train,global,window_span_seconds,85,27645149,0,814218,26830931,0.0,23.321362018585205,0.014699654510305065,0.2517872781405744,0.0,0.0005979537963867188,1.0021650791168213,1.9995880222320557,2.972077380419168,bounded_sample,200000,false
all_train,global,iat_mean_seconds,85,27645149,0,814221,26830928,0.0,0.9717234174410502,0.0006124879265978701,0.010491137003827125,0.0,2.4954477945963543e-05,0.041764503717422484,0.0833159589767456,0.12377070444822441,bounded_sample,200000,false
all_train,global,iat_std_seconds,85,27645149,0,814221,26830928,0.0,1.4136610692769298,0.0014769512920265902,0.019376134119695083,0.0,6.98399135362656e-05,0.16164701219413605,0.2392250388761933,0.2763911895736927,bounded_sample,200000,false
all_train,global,iat_p50_seconds,85,27645149,0,13997861,13647288,0.0,0.8499571084976196,0.00013702201025176042,0.00461663153003741,0.0,9.5367431640625e-07,7.95125961303711e-05,0.0020396018028260854,0.05225196361541801,bounded_sample,200000,false
all_train,global,iat_p95_seconds,85,27645149,0,1117613,26527536,0.0,4.592154538631436,0.0028780492507472673,0.048240534672938463,0.0,9.417533874511716e-05,0.26702132582664395,0.6503269056081776,0.8491534000992753,bounded_sample,200000,false
all_train,global,frame_length_mean,85,27645149,0,0,27645149,53.52,2962.0,67.40631918605325,70.68869673643772,60.0,60.0,118.24,1054.1668000000066,1514.0,bounded_sample,200000,false
all_train,global,frame_length_std,85,27645149,0,25378203,2266946,0.0,1790.8429407404774,7.426131134460055,56.620716788685826,0.0,0.0,167.2289625632301,460.25188667767907,690.9620100658393,bounded_sample,200000,false
all_train,global,frame_length_min,85,27645149,0,0,27645149,42.0,1514.0,61.16135528877056,33.45197992313684,42.0,60.0,66.0,102.0,1514.0,bounded_sample,200000,false
all_train,global,frame_length_max,85,27645149,0,0,27645149,60.0,8754.0,84.36538446582443,165.71858315491167,60.0,60.0,928.0,1494.0,1514.0,bounded_sample,200000,false
all_train,global,ipv4_ratio,85,27645149,0,112,27645037,0.0,1.0,0.9997135700010155,0.0077351600464997915,0.88,1.0,1.0,1.0,1.0,bounded_sample,200000,false
all_train,global,ipv6_ratio,85,27645149,0,27628603,16546,0.0,0.64,3.0060970190466312e-05,0.001432752711251779,0.0,0.0,0.0,0.04,0.08,bounded_sample,200000,false
all_train,global,arp_ratio,85,27645149,0,27578952,66197,0.0,1.0,0.00025375157138780483,0.007479788154796479,0.0,0.0,0.0,0.08,0.4,bounded_sample,200000,false
all_train,global,llc_ratio,85,27645149,0,27644516,633,0.0,0.68,1.244341276655807e-06,0.0003728503943534763,0.0,0.0,0.0,0.0,0.0,bounded_sample,200000,false
all_train,global,other_protocol_ratio,85,27645149,0,27644200,949,0.0,0.04,1.3731161297050694e-06,0.00023435605334681928,0.0,0.0,0.0,0.0,0.0,bounded_sample,200000,false
all_train,global,tcp_ratio,85,27645149,0,16435355,11209794,0.0,1.0,0.39802666572714107,0.487772893097219,0.0,0.96,1.0,1.0,1.0,bounded_sample,200000,false
all_train,global,udp_ratio,85,27645149,0,18333760,9311389,0.0,1.0,0.31922344712267603,0.4637918389249679,0.0,0.0,1.0,1.0,1.0,bounded_sample,200000,false
all_train,global,icmp_ratio,85,27645149,0,19663091,7982058,0.0,1.0,0.2824908341061934,0.4485886393833523,0.0,0.0,1.0,1.0,1.0,bounded_sample,200000,false
all_train,global,icmpv6_ratio,85,27645149,0,27644251,898,0.0,0.36,1.8997908095919465e-06,0.00042281958358639455,0.0,0.0,0.0,0.0,0.0,bounded_sample,200000,false
all_train,global,igmp_ratio,85,27645149,0,27644889,260,0.0,0.32,7.842243859854038e-07,0.00031477559692101966,0.0,0.0,0.0,0.0,0.0,bounded_sample,200000,false
all_train,global,tcp_syn_ratio,85,27645149,0,22080292,5564857,0.0,1.0,0.15862588220792817,0.3458451246219045,0.0,0.0,1.0,1.0,1.0,bounded_sample,200000,false
all_train,global,tcp_ack_ratio,85,27645149,0,24611895,3033254,0.0,1.0,0.07769915132260585,0.24575847761436315,0.0,0.0,1.0,1.0,1.0,bounded_sample,200000,false
all_train,global,tcp_fin_ratio,85,27645149,0,26912282,732867,0.0,1.0,0.005267683468126194,0.0395530403007297,0.0,0.0,0.28,0.48,0.84,bounded_sample,200000,false
all_train,global,tcp_rst_ratio,85,27645149,0,25367415,2277734,0.0,1.0,0.034085401593812625,0.14042988888510693,0.0,0.0,0.44,0.8,1.0,bounded_sample,200000,false
all_train,global,tcp_psh_ratio,85,27645149,0,26346246,1298903,0.0,1.0,0.015753677708373506,0.08826428279614654,0.0,0.0,0.5,0.64,1.0,bounded_sample,200000,false
all_train,global,tcp_urg_ratio,85,27645149,0,27644988,161,0.0,0.24,5.302221351471362e-07,0.00026374247583897664,0.0,0.0,0.0,0.0,0.0,bounded_sample,200000,false
all_train,global,unique_ip_count,85,27645149,0,0,27645149,2.0,28.0,2.6536030968760542,0.970870539374976,2.0,3.0,10.0,14.0,19.0,bounded_sample,200000,false
all_train,global,unique_port_count,85,27645149,0,7552330,20092819,0.0,46.0,11.168538248790052,11.700190486462208,0.0,14.0,26.0,26.0,27.0,bounded_sample,200000,false
attack_family_DDoS,attack_family,window_span_seconds,24,19112074,0,778648,18333426,0.0,2.0082409381866455,0.0007080993524999384,0.013279822967864273,0.0,0.000370025634765625,0.001463210582733146,0.002660036087036133,0.006578926324844435,bounded_sample,200000,false
attack_family_DDoS,attack_family,iat_mean_seconds,24,19112074,0,778649,18333425,0.0,0.0836767057577769,2.9505910366165467e-05,0.0005533259826598322,0.0,1.537799835205078e-05,6.082653999328613e-05,0.0001098314921061198,0.0002493374546369155,bounded_sample,200000,false
attack_family_DDoS,attack_family,iat_std_seconds,24,19112074,0,778649,18333425,0.0,0.2767818903012598,8.972335149599646e-05,0.0013233125866891542,0.0,4.643529283635403e-05,0.00020724624904999847,0.000433519580897184,0.0011469316063482768,bounded_sample,200000,false
attack_family_DDoS,attack_family,iat_p50_seconds,24,19112074,0,10903620,8208454,0.0,0.04788053035736084,1.2596408825650843e-06,8.416048427065951e-05,0.0,0.0,1.9073486328125e-06,1.9073486328125e-06,9.739410877228002e-05,bounded_sample,200000,false
attack_family_DDoS,attack_family,iat_p95_seconds,24,19112074,0,994085,18117989,0.0,0.8501325964927652,0.00011998023822041745,0.0029249671161250173,0.0,6.124973297119129e-05,0.00027809202671050985,0.0004163272380828862,0.0008698356747627469,bounded_sample,200000,false
attack_family_DDoS,attack_family,frame_length_mean,24,19112074,0,0,19112074,53.52,1514.0,61.63876411947757,34.6066599574265,60.0,60.0,60.0,61.84,251.84016000000295,bounded_sample,200000,false
attack_family_DDoS,attack_family,frame_length_std,24,19112074,0,18576002,536072,0.0,726.4181671737018,2.177099427803042,30.93223544400933,0.0,0.0,0.0,7.447099175284418,465.99484288991874,bounded_sample,200000,false
attack_family_DDoS,attack_family,frame_length_min,24,19112074,0,0,19112074,42.0,1514.0,60.22665781850781,17.728025333127686,60.0,60.0,60.0,60.0,60.0,bounded_sample,200000,false
attack_family_DDoS,attack_family,frame_length_max,24,19112074,0,0,19112074,60.0,1514.0,67.24918750314592,87.71146373949055,60.0,60.0,60.0,88.0,1494.0,bounded_sample,200000,false
attack_family_DDoS,attack_family,ipv4_ratio,24,19112074,0,0,19112074,0.28,1.0,0.9999268734518294,0.003223496347892151,1.0,1.0,1.0,1.0,1.0,bounded_sample,200000,false
attack_family_DDoS,attack_family,ipv6_ratio,24,19112074,0,19110664,1410,0.0,0.36,3.158212970502311e-06,0.000392358330561548,0.0,0.0,0.0,0.0,0.0,bounded_sample,200000,false
attack_family_DDoS,attack_family,arp_ratio,24,19112074,0,19092402,19672,0.0,0.72,6.920023436493599e-05,0.0031436694080786195,0.0,0.0,0.0,0.0,0.04,bounded_sample,200000,false
attack_family_DDoS,attack_family,llc_ratio,24,19112074,0,19111824,250,0.0,0.48,6.508974379232731e-07,0.00024224985373775,0.0,0.0,0.0,0.0,0.0,bounded_sample,200000,false
attack_family_DDoS,attack_family,other_protocol_ratio,24,19112074,0,19112018,56,0.0,0.04,1.1720339718232566e-07,6.84698630833794e-05,0.0,0.0,0.0,0.0,0.0,bounded_sample,200000,false
attack_family_DDoS,attack_family,tcp_ratio,24,19112074,0,12565876,6546198,0.0,1.0,0.3370490947240994,0.47174941629094586,0.0,0.0,1.0,1.0,1.0,bounded_sample,200000,false
attack_family_DDoS,attack_family,udp_ratio,24,19112074,0,12405231,6706843,0.0,1.0,0.3413937388480184,0.4727520966371447,0.0,0.0,1.0,1.0,1.0,bounded_sample,200000,false
attack_family_DDoS,attack_family,icmp_ratio,24,19112074,0,12857060,6255014,0.0,1.0,0.32148669160657317,0.4656930984749391,0.0,1.0,1.0,1.0,1.0,bounded_sample,200000,false
attack_family_DDoS,attack_family,icmpv6_ratio,24,19112074,0,19111925,149,0.0,0.2,3.8091104084255855e-07,0.0001547347233715905,0.0,0.0,0.0,0.0,0.0,bounded_sample,200000,false
attack_family_DDoS,attack_family,igmp_ratio,24,19112074,0,19112033,41,0.0,0.2,1.2557506840963455e-07,0.0001018864885682362,0.0,0.0,0.0,0.0,0.0,bounded_sample,200000,false
attack_family_DDoS,attack_family,tcp_syn_ratio,24,19112074,0,16020676,3091398,0.0,1.0,0.14131846461001074,0.335258718243674,0.0,0.0,1.0,1.0,1.0,bounded_sample,200000,false
attack_family_DDoS,attack_family,tcp_ack_ratio,24,19112074,0,18015965,1096109,0.0,1.0,0.0390538305252576,0.17898310984306745,0.0,0.0,0.0,1.0,1.0,bounded_sample,200000,false
attack_family_DDoS,attack_family,tcp_fin_ratio,24,19112074,0,19110279,1795,0.0,1.0,3.323143139620771e-05,0.005207276141919807,0.0,0.0,0.0,0.0,0.0,bounded_sample,200000,false
attack_family_DDoS,attack_family,tcp_rst_ratio,24,19112074,0,18017412,1094662,0.0,1.0,0.026589569090440964,0.13043802390651327,0.0,0.0,0.0,0.56,1.0,bounded_sample,200000,false
attack_family_DDoS,attack_family,tcp_psh_ratio,24,19112074,0,19040371,71703,0.0,1.0,0.0014971516779436849,0.03221249323233182,0.0,0.0,0.0,0.0,0.5,bounded_sample,200000,false
attack_family_DDoS,attack_family,tcp_urg_ratio,24,19112074,0,19112074,0,0.0,0.0,0.0,0.0,0.0,0.0,0.0,0.0,0.0,bounded_sample,200000,true
attack_family_DDoS,attack_family,unique_ip_count,24,19112074,0,0,19112074,2.0,26.0,2.784942283082414,0.7230599791844804,2.0,3.0,4.0,4.0,6.0,bounded_sample,200000,false
attack_family_DDoS,attack_family,unique_port_count,24,19112074,0,5997378,13114696,0.0,46.0,10.066974730215042,11.455970760170645,0.0,0.0,26.0,26.0,27.0,bounded_sample,200000,false
attack_family_DoS,attack_family,window_span_seconds,16,7219182,0,30158,7189024,0.0,2.0119709968566895,0.0021378539986304864,0.027607671979006303,3.3855438232421875e-05,0.0005731582641601562,0.0032711386680602944,0.00615288019180299,0.03045520949363887,bounded_sample,200000,false
attack_family_DoS,attack_family,iat_mean_seconds,16,7219182,0,30158,7189024,0.0,0.08383212486902873,8.907953963849646e-05,0.0011503198301984245,1.4106432596842449e-06,2.3831923802693684e-05,0.00013591845830281576,0.0002587839961051946,0.0012808857758840264,bounded_sample,200000,false
attack_family_DoS,attack_family,iat_std_seconds,16,7219182,0,30158,7189024,0.0,0.2776850339793014,0.0003047297771523766,0.0035785113346286125,3.949926550648547e-06,6.771830623319454e-05,0.0005500784090650488,0.0011145193012224084,0.005233588529254994,bounded_sample,200000,false
attack_family_DoS,attack_family,iat_p50_seconds,16,7219182,0,2629118,4590064,0.0,0.03763854503631592,1.9491129895996965e-06,9.222559480937076e-05,0.0,0.0,1.9073486328125e-06,2.86102294921875e-06,2.8014183044433594e-05,bounded_sample,200000,false
attack_family_DoS,attack_family,iat_p95_seconds,16,7219182,0,78144,7141038,0.0,0.8509221911430338,0.0003416151684365953,0.008116917223535247,3.0994415283203125e-06,6.103515625e-05,0.00049403965473175,0.0012468223571777328,0.005335240232945438,bounded_sample,200000,false
attack_family_DoS,attack_family,frame_length_mean,16,7219182,0,0,7219182,53.52,1514.0,64.740044049312,61.601255715161024,60.0,60.0,66.56,85.04040000000039,679.84,bounded_sample,200000,false
attack_family_DoS,attack_family,frame_length_std,16,7219182,0,6728322,490860,0.0,726.4181671737018,5.494576717534781,48.56230967805865,0.0,0.0,32.13730542531528,112.67848775982225,595.5230091272713,bounded_sample,200000,false
attack_family_DoS,attack_family,frame_length_min,16,7219182,0,0,7219182,42.0,1514.0,60.986772185546805,36.96676691626147,60.0,60.0,60.0,60.0,60.0,bounded_sample,200000,false
attack_family_DoS,attack_family,frame_length_max,16,7219182,0,0,7219182,60.0,1514.0,78.76435169524747,135.9094639767208,60.0,60.0,224.0,664.0,1494.0,bounded_sample,200000,false
attack_family_DoS,attack_family,ipv4_ratio,16,7219182,0,0,7219182,0.28,1.0,0.9999081280953994,0.003378168501648696,1.0,1.0,1.0,1.0,1.0,bounded_sample,200000,false
attack_family_DoS,attack_family,ipv6_ratio,16,7219182,0,7217597,1585,0.0,0.32,9.735174982428757e-06,0.0007233103121524352,0.0,0.0,0.0,0.0,0.0,bounded_sample,200000,false
attack_family_DoS,attack_family,arp_ratio,16,7219182,0,7210631,8551,0.0,0.72,7.995919759330074e-05,0.00322687730092107,0.0,0.0,0.0,0.0,0.0,bounded_sample,200000,false
attack_family_DoS,attack_family,llc_ratio,16,7219182,0,7218909,273,0.0,0.68,1.8949515332900594e-06,0.00045788650612474987,0.0,0.0,0.0,0.0,0.0,bounded_sample,200000,false
attack_family_DoS,attack_family,other_protocol_ratio,16,7219182,0,7219131,51,0.0,0.04,2.825804918064124e-07,0.00010631622557503698,0.0,0.0,0.0,0.0,0.0,bounded_sample,200000,false
attack_family_DoS,attack_family,tcp_ratio,16,7219182,0,3844762,3374420,0.0,1.0,0.45769179389022213,0.4960616277042581,0.0,0.0,1.0,1.0,1.0,bounded_sample,200000,false
attack_family_DoS,attack_family,udp_ratio,16,7219182,0,4752167,2467015,0.0,1.0,0.31165070502447506,0.4594573391669014,0.0,0.0,1.0,1.0,1.0,bounded_sample,200000,false
attack_family_DoS,attack_family,icmp_ratio,16,7219182,0,5497361,1721821,0.0,1.0,0.2305732200684231,0.41861983006421327,0.0,1.0,1.0,1.0,1.0,bounded_sample,200000,false
attack_family_DoS,attack_family,icmpv6_ratio,16,7219182,0,7218973,209,0.0,0.2,1.4461472227739929e-06,0.0003047320386459832,0.0,0.0,0.0,0.0,0.0,bounded_sample,200000,false
attack_family_DoS,attack_family,igmp_ratio,16,7219182,0,7219092,90,0.0,0.2,6.981400385805486e-07,0.00022966904682829347,0.0,0.0,0.0,0.0,0.0,bounded_sample,200000,false
attack_family_DoS,attack_family,tcp_syn_ratio,16,7219182,0,5507071,1712111,0.0,1.0,0.20876548013568755,0.3882974004709354,0.0,0.0,0.6,1.0,1.0,bounded_sample,200000,false
attack_family_DoS,attack_family,tcp_ack_ratio,16,7219182,0,6555578,663604,0.0,1.0,0.0508716305965251,0.19175690465077025,0.0,0.0,0.0,1.0,1.0,bounded_sample,200000,false
attack_family_DoS,attack_family,tcp_fin_ratio,16,7219182,0,7217124,2058,0.0,1.0,9.56691751182945e-05,0.008758945502398714,0.0,0.0,0.0,0.0,0.0,bounded_sample,200000,false
attack_family_DoS,attack_family,tcp_rst_ratio,16,7219182,0,6621876,597306,0.0,1.0,0.0345599857092177,0.13971270614632533,0.0,0.0,0.0,0.4,1.0,bounded_sample,200000,false
attack_family_DoS,attack_family,tcp_psh_ratio,16,7219182,0,7160042,59140,0.0,1.0,0.0032758157482238323,0.04728669308322628,0.0,0.0,0.0,0.0,1.0,bounded_sample,200000,false
attack_family_DoS,attack_family,tcp_urg_ratio,16,7219182,0,7219182,0,0.0,0.0,0.0,0.0,0.0,0.0,0.0,0.0,0.0,bounded_sample,200000,true
attack_family_DoS,attack_family,unique_ip_count,16,7219182,0,0,7219182,2.0,24.0,2.096585735059735,0.4922757789165305,2.0,2.0,3.0,3.0,7.0,bounded_sample,200000,false
attack_family_DoS,attack_family,unique_port_count,16,7219182,0,1554793,5664389,0.0,30.0,12.533587184808475,12.315697586527925,0.0,0.0,26.0,26.0,27.0,bounded_sample,200000,false
attack_family_MQTT,attack_family,window_span_seconds,5,1032401,0,3747,1028654,0.0,2.000307083129883,0.0022885821841084073,0.02249194951267223,1.5974044799804688e-05,0.00045013427734375,0.002801907062530515,0.005680084228515625,0.016897383451465138,bounded_sample,200000,false
attack_family_MQTT,attack_family,iat_mean_seconds,5,1032401,0,3749,1028652,0.0,0.08334612846374512,9.536665147138946e-05,0.0009371639645616607,7.549921671549479e-07,1.874566078186035e-05,0.00011620918909708659,0.0002348323663075765,0.0007310422460238363,bounded_sample,200000,false
attack_family_MQTT,attack_family,iat_std_seconds,5,1032401,0,3749,1028652,0.0,0.22457790898427873,0.00028351478207776345,0.0027351268222234703,2.176345065466503e-06,5.1703722155926797e-05,0.000433841702688937,0.0008868967832932524,0.0024048415346180616,bounded_sample,200000,false
attack_family_MQTT,attack_family,iat_p50_seconds,5,1032401,0,441057,591344,0.0,0.030171871185302734,5.333481147592885e-06,7.033097318992281e-05,0.0,9.5367431640625e-07,2.86102294921875e-06,4.0531158447265625e-06,0.00012254714965820312,bounded_sample,200000,false
attack_family_MQTT,attack_family,iat_p95_seconds,5,1032401,0,40355,992046,0.0,0.6210458159446707,0.0004126512880786843,0.004516528984447748,0.0,7.302761077880849e-05,0.0004289066791534413,0.0012875001430511493,0.003901314949989319,bounded_sample,200000,false
attack_family_MQTT,attack_family,frame_length_mean,5,1032401,0,0,1032401,58.56,1514.0,154.55338826676842,216.489946582704,62.16,68.68,73.68,227.3244000000041,1159.7206400000118,bounded_sample,200000,false
attack_family_MQTT,attack_family,frame_length_std,5,1032401,0,36578,995823,0.0,726.4181671737018,85.59553697025369,180.77953123038492,1.5999999999999996,5.831500664494517,8.657944328765344,266.6947606064808,689.1769521278459,bounded_sample,200000,false
attack_family_MQTT,attack_family,frame_length_min,5,1032401,0,0,1032401,42.0,1514.0,69.74203918826115,49.64492018398335,60.0,60.0,66.0,66.0,175.0,bounded_sample,200000,false
attack_family_MQTT,attack_family,frame_length_max,5,1032401,0,0,1032401,60.0,1514.0,317.20882873999545,501.6153122624651,66.0,83.0,83.0,1265.0,1514.0,bounded_sample,200000,false
attack_family_MQTT,attack_family,ipv4_ratio,5,1032401,0,0,1032401,0.44,1.0,0.9999359551182149,0.003073262087121379,1.0,1.0,1.0,1.0,1.0,bounded_sample,200000,false
attack_family_MQTT,attack_family,ipv6_ratio,5,1032401,0,1032188,213,0.0,0.12,8.562564352417327e-06,0.0006110850715337864,0.0,0.0,0.0,0.0,0.0,bounded_sample,200000,false
attack_family_MQTT,attack_family,arp_ratio,5,1032401,0,1031813,588,0.0,0.56,5.5211104987306294e-05,0.002989074129871372,0.0,0.0,0.0,0.0,0.0,bounded_sample,200000,false
attack_family_MQTT,attack_family,llc_ratio,5,1032401,0,1032400,1,0.0,0.04,3.874463507881143e-08,3.936729482712407e-05,0.0,0.0,0.0,0.0,0.0,bounded_sample,200000,false
attack_family_MQTT,attack_family,other_protocol_ratio,5,1032401,0,1032395,6,0.0,0.04,2.324678104728686e-07,9.642955137110118e-05,0.0,0.0,0.0,0.0,0.0,bounded_sample,200000,false
attack_family_MQTT,attack_family,tcp_ratio,5,1032401,0,0,1032401,0.4,1.0,0.9998495933266242,0.003910544359364382,1.0,1.0,1.0,1.0,1.0,bounded_sample,200000,false
attack_family_MQTT,attack_family,udp_ratio,5,1032401,0,1030275,2126,0.0,0.28,9.434318641690585e-05,0.0022789754192530255,0.0,0.0,0.0,0.0,0.04,bounded_sample,200000,false
attack_family_MQTT,attack_family,icmp_ratio,5,1032401,0,1032400,1,0.0,0.04,3.874463507881143e-08,3.936729482712407e-05,0.0,0.0,0.0,0.0,0.0,bounded_sample,200000,false
attack_family_MQTT,attack_family,icmpv6_ratio,5,1032401,0,1032394,7,0.0,0.12,3.487017157093028e-07,0.0001524685523457225,0.0,0.0,0.0,0.0,0.0,bounded_sample,200000,false
attack_family_MQTT,attack_family,igmp_ratio,5,1032401,0,1032398,3,0.0,0.12,1.9372317539405722e-07,0.00013056646547260264,0.0,0.0,0.0,0.0,0.0,bounded_sample,200000,false
attack_family_MQTT,attack_family,tcp_syn_ratio,5,1032401,0,312056,720345,0.0,1.0,0.15194928476877514,0.16531985175117447,0.0,0.16,0.52,0.72,0.88,bounded_sample,200000,false
attack_family_MQTT,attack_family,tcp_ack_ratio,5,1032401,0,2453,1029948,0.0,1.0,0.7724946219855667,0.24296156366631486,0.12,0.76,1.0,1.0,1.0,bounded_sample,200000,false
attack_family_MQTT,attack_family,tcp_fin_ratio,5,1032401,0,318757,713644,0.0,1.0,0.13839338386964442,0.1488481512011819,0.0,0.16,0.44,0.72,1.0,bounded_sample,200000,false
attack_family_MQTT,attack_family,tcp_rst_ratio,5,1032401,0,477523,554878,0.0,1.0,0.16001685878138008,0.21069046633732408,0.0,0.12,0.6,0.8,1.0,bounded_sample,200000,false
attack_family_MQTT,attack_family,tcp_psh_ratio,5,1032401,0,73079,959322,0.0,1.0,0.27394340828702723,0.23279136314050897,0.0,0.2,0.44,0.68,1.0,bounded_sample,200000,false
attack_family_MQTT,attack_family,tcp_urg_ratio,5,1032401,0,1032401,0,0.0,0.0,0.0,0.0,0.0,0.0,0.0,0.0,0.0,bounded_sample,200000,true
attack_family_MQTT,attack_family,unique_ip_count,5,1032401,0,0,1032401,2.0,18.0,2.889243617547833,0.9641197842940528,2.0,3.0,5.0,5.0,8.0,bounded_sample,200000,false
attack_family_MQTT,attack_family,unique_port_count,5,1032401,0,0,1032401,2.0,28.0,21.600948662389907,4.07492792664654,15.0,23.0,26.0,26.0,26.0,bounded_sample,200000,false
attack_family_Recon,attack_family,window_span_seconds,4,41495,0,1636,39859,0.0,6.20250391960144,0.05646037417070625,0.23342537897329896,0.0,0.004565000534057617,0.28510684967040734,1.001473250389099,2.0029370622634906,exact,41495,false
attack_family_Recon,attack_family,iat_mean_seconds,4,41495,0,1636,39859,0.0,0.2584376633167267,0.00235251659115869,0.009726057251116044,0.0,0.00019020835558573404,0.011879452069600307,0.0417280520995458,0.08345571092764544,exact,41495,false
attack_family_Recon,attack_family,iat_std_seconds,4,41495,0,1636,39859,0.0,0.38926890072575177,0.004965130057009695,0.021682650211218315,0.0,0.0006404375156670539,0.014573639086835738,0.11133589990798481,0.27605624322448347,exact,41495,false
attack_family_Recon,attack_family,iat_p50_seconds,4,41495,0,17048,24447,0.0,0.17262351512908936,0.0005428049130272558,0.003530599880366632,0.0,1.0728836059570312e-06,0.002528989315032944,0.012859759330749482,0.039476073503496564,exact,41495,false
attack_family_Recon,attack_family,iat_p95_seconds,4,41495,0,4910,36585,0.0,1.136186218261717,0.009762910212188005,0.04972535657446358,0.0,0.00046627521514892503,0.034982610940933176,0.1990371918678278,0.8474464545965174,exact,41495,false
attack_family_Recon,attack_family,frame_length_mean,4,41495,0,0,41495,55.68,1494.0,80.99693553440173,83.715859404038,60.0,60.0,174.28799999999933,520.4927999999933,993.0910400000023,exact,41495,false
attack_family_Recon,attack_family,frame_length_std,4,41495,0,28521,12974,0.0,690.3717259563866,35.397949373401396,95.50324952977957,0.0,0.0,237.14187010946625,530.8870477110646,647.840402900242,exact,41495,false
attack_family_Recon,attack_family,frame_length_min,4,41495,0,0,41495,42.0,1494.0,60.51890589227618,8.445692659860413,60.0,60.0,60.0,70.0,118.0,exact,41495,false
attack_family_Recon,attack_family,frame_length_max,4,41495,0,0,41495,60.0,1514.0,195.13056994818655,324.04252949996925,60.0,60.0,1218.2999999999956,1435.0,1474.0,exact,41495,false
attack_family_Recon,attack_family,ipv4_ratio,4,41495,0,65,41430,0.0,1.0,0.9928270876009159,0.06826206639476887,0.88,1.0,1.0,1.0,1.0,exact,41495,false
attack_family_Recon,attack_family,ipv6_ratio,4,41495,0,41293,202,0.0,0.28,0.00024099289070972403,0.004093114521063114,0.0,0.0,0.0,0.0,0.04,exact,41495,false
attack_family_Recon,attack_family,arp_ratio,4,41495,0,40181,1314,0.0,1.0,0.0069193878780576,0.06804924844065363,0.0,0.0,0.0,0.12,1.0,exact,41495,false
attack_family_Recon,attack_family,llc_ratio,4,41495,0,41492,3,0.0,0.04,2.8919146885166885e-06,0.00034010031515731043,0.0,0.0,0.0,0.0,0.0,exact,41495,false
attack_family_Recon,attack_family,other_protocol_ratio,4,41495,0,41485,10,0.0,0.04,9.639715628388962e-06,0.0006208830010703807,0.0,0.0,0.0,0.0,0.0,exact,41495,false
attack_family_Recon,attack_family,tcp_ratio,4,41495,0,585,40910,0.0,1.0,0.9458344378840825,0.18120384958035968,0.0,1.0,1.0,1.0,1.0,exact,41495,false
attack_family_Recon,attack_family,udp_ratio,4,41495,0,31828,9667,0.0,1.0,0.04642197855163274,0.16679422230889007,0.0,0.0,0.2,0.96,1.0,exact,41495,false
attack_family_Recon,attack_family,icmp_ratio,4,41495,0,41098,397,0.0,0.24,0.000767321364019762,0.009110808518112315,0.0,0.0,0.0,0.0,0.14024000000004888,exact,41495,false
attack_family_Recon,attack_family,icmpv6_ratio,4,41495,0,41480,15,0.0,0.16,2.5063260633811307e-05,0.001619065929444567,0.0,0.0,0.0,0.0,0.0,exact,41495,false
attack_family_Recon,attack_family,igmp_ratio,4,41495,0,41486,9,0.0,0.16,1.9279431256777925e-05,0.0015460523210327902,0.0,0.0,0.0,0.0,0.0,exact,41495,false
attack_family_Recon,attack_family,tcp_syn_ratio,4,41495,0,16468,25027,0.0,1.0,0.45687429286946524,0.44674602347730324,0.0,0.36,1.0,1.0,1.0,exact,41495,false
attack_family_Recon,attack_family,tcp_ack_ratio,4,41495,0,13717,27778,0.0,1.0,0.5286356027455456,0.4480587297771463,0.0,0.6,1.0,1.0,1.0,exact,41495,false
attack_family_Recon,attack_family,tcp_fin_ratio,4,41495,0,41111,384,0.0,1.0,0.001111109419963357,0.017619786831477156,0.0,0.0,0.0,0.0,0.22477777777778396,exact,41495,false
attack_family_Recon,attack_family,tcp_rst_ratio,4,41495,0,16801,24694,0.0,1.0,0.4498361115042876,0.4459147270709555,0.0,0.32,1.0,1.0,1.0,exact,41495,false
attack_family_Recon,attack_family,tcp_psh_ratio,4,41495,0,36470,5025,0.0,1.0,0.038980303207546224,0.13301689869415648,0.0,0.0,0.4166666666666667,0.6,1.0,exact,41495,false
attack_family_Recon,attack_family,tcp_urg_ratio,4,41495,0,41334,161,0.0,0.24,0.000353249064447299,0.006798405314580323,0.0,0.0,0.0,0.0,0.1334347826087029,exact,41495,false
attack_family_Recon,attack_family,unique_ip_count,4,41495,0,0,41495,2.0,28.0,3.0304615013857092,2.72735667534783,2.0,2.0,8.0,15.0,27.0,exact,41495,false
attack_family_Recon,attack_family,unique_port_count,4,41495,0,113,41382,0.0,30.0,24.505578985419927,5.019423553350092,2.0,26.0,27.0,27.0,28.0,exact,41495,false
attack_family_Spoofing,attack_family,window_span_seconds,1,6423,0,0,6423,0.00015997886657714844,2.0108580589294434,0.2881780084226615,0.4316494231250219,0.0012645721435546875,0.1393141746520996,1.0737685203552239,1.9992832326889038,2.0025331649780274,exact,6423,false
attack_family_Spoofing,attack_family,iat_mean_seconds,1,6423,0,0,6423,6.665786107381185e-06,0.08378575245539348,0.012007417017610897,0.01798539263020925,5.269050598144531e-05,0.005804757277170817,0.04474035501480099,0.08330346802870434,0.08343888187408446,exact,6423,false
attack_family_Spoofing,attack_family,iat_std_seconds,1,6423,0,0,6423,3.584533784446368e-06,0.27754187828392457,0.02874283013969136,0.0586994699771884,7.95046676941393e-05,0.005520491730799106,0.19135067385033902,0.2757418864534565,0.2763112154908666,exact,6423,false
attack_family_Spoofing,attack_family,iat_p50_seconds,1,6423,0,1169,5254,0.0,0.030622482299804688,0.0027276925648667444,0.004354046519773673,0.0,0.00027954578399658203,0.011467552185058582,0.02040928602218628,0.025177875757217482,exact,6423,false
attack_family_Spoofing,attack_family,iat_p95_seconds,1,6423,0,3,6420,0.0,0.8506144285202005,0.052835091586129986,0.12987756780006862,0.000209006309509277,0.01505554914474487,0.2561423444747917,0.8463463099002816,0.8492111263990381,exact,6423,false
attack_family_Spoofing,attack_family,frame_length_mean,1,6423,0,0,6423,57.12,1494.0,482.10086875291915,478.9439736606266,63.275200000000005,272.2,1494.0,1494.0,1494.0,exact,6423,false
attack_family_Spoofing,attack_family,frame_length_std,1,6423,0,1203,5220,0.0,713.4285713370328,226.88328014903627,207.08500353790222,0.0,188.42574770980738,584.4980776100518,671.147614268497,713.4285713370328,exact,6423,false
attack_family_Spoofing,attack_family,frame_length_min,1,6423,0,0,6423,42.0,1494.0,252.07971352950335,464.4722808089165,42.0,66.0,1494.0,1494.0,1494.0,exact,6423,false
attack_family_Spoofing,attack_family,frame_length_max,1,6423,0,0,6423,60.0,1514.0,933.2744823291297,525.6854275915731,66.0,1242.0,1494.0,1498.0,1514.0,exact,6423,false
attack_family_Spoofing,attack_family,ipv4_ratio,1,6423,0,47,6376,0.0,1.0,0.9711287560330064,0.13359012123577474,0.04,1.0,1.0,1.0,1.0,exact,6423,false
attack_family_Spoofing,attack_family,ipv6_ratio,1,6423,0,6269,154,0.0,0.16,0.0010711505527012301,0.007358933182628788,0.0,0.0,0.0,0.04,0.08,exact,6423,false
attack_family_Spoofing,attack_family,arp_ratio,1,6423,0,5813,610,0.0,1.0,0.0277129067413981,0.13333171955276182,0.0,0.0,0.08,0.96,1.0,exact,6423,false
attack_family_Spoofing,attack_family,llc_ratio,1,6423,0,6418,5,0.0,0.04,3.113809746224506e-05,0.0011155959471852853,0.0,0.0,0.0,0.0,0.0,exact,6423,false
attack_family_Spoofing,attack_family,other_protocol_ratio,1,6423,0,6414,9,0.0,0.04,5.60485754320411e-05,0.0014962625352770427,0.0,0.0,0.0,0.0,0.04,exact,6423,false
attack_family_Spoofing,attack_family,tcp_ratio,1,6423,0,1833,4590,0.0,1.0,0.5229269811614511,0.4440599656740722,0.0,0.6,1.0,1.0,1.0,exact,6423,false
attack_family_Spoofing,attack_family,udp_ratio,1,6423,0,2307,4116,0.0,1.0,0.4487747158648607,0.44615203220663185,0.0,0.32,1.0,1.0,1.0,exact,6423,false
attack_family_Spoofing,attack_family,icmp_ratio,1,6423,0,6383,40,0.0,0.24,0.0003861124085318387,0.005677546879481719,0.0,0.0,0.0,0.0,0.08,exact,6423,false
attack_family_Spoofing,attack_family,icmpv6_ratio,1,6423,0,6407,16,0.0,0.08,0.0001120971508640822,0.002338319777558939,0.0,0.0,0.0,0.0,0.04,exact,6423,false
attack_family_Spoofing,attack_family,igmp_ratio,1,6423,0,6423,0,0.0,0.0,0.0,0.0,0.0,0.0,0.0,0.0,0.0,exact,6423,true
attack_family_Spoofing,attack_family,tcp_syn_ratio,1,6423,0,6173,250,0.0,1.0,0.0038397282593914963,0.03785728656803235,0.0,0.0,0.0,0.08333333333333331,0.7890000000002146,exact,6423,false
attack_family_Spoofing,attack_family,tcp_ack_ratio,1,6423,0,1837,4586,0.0,1.0,0.7110740283578083,0.450495936354685,0.0,1.0,1.0,1.0,1.0,exact,6423,false
attack_family_Spoofing,attack_family,tcp_fin_ratio,1,6423,0,6211,212,0.0,1.0,0.008188474662003864,0.07339394527577926,0.0,0.0,0.0,0.16666666666666663,1.0,exact,6423,false
attack_family_Spoofing,attack_family,tcp_rst_ratio,1,6423,0,6329,94,0.0,1.0,0.0018463459931246616,0.026748298682036004,0.0,0.0,0.0,0.045454545454545456,0.2857142857142857,exact,6423,false
attack_family_Spoofing,attack_family,tcp_psh_ratio,1,6423,0,3228,3195,0.0,1.0,0.2290782702105677,0.27614005634450467,0.0,0.0,0.6666666666666666,1.0,1.0,exact,6423,false
attack_family_Spoofing,attack_family,tcp_urg_ratio,1,6423,0,6423,0,0.0,0.0,0.0,0.0,0.0,0.0,0.0,0.0,0.0,exact,6423,true
attack_family_Spoofing,attack_family,unique_ip_count,1,6423,0,0,6423,2.0,28.0,5.412112719912813,4.552052258593722,2.0,4.0,14.0,26.0,27.0,exact,6423,false
attack_family_Spoofing,attack_family,unique_port_count,1,6423,0,46,6377,0.0,29.0,5.972131402771291,4.9696887787721655,2.0,4.0,15.0,22.0,27.0,exact,6423,false
attack_type_ARP_Spoofing,attack_type,window_span_seconds,1,6423,0,0,6423,0.00015997886657714844,2.0108580589294434,0.2881780084226615,0.4316494231250219,0.0012645721435546875,0.1393141746520996,1.0737685203552239,1.9992832326889038,2.0025331649780274,exact,6423,false
attack_type_ARP_Spoofing,attack_type,iat_mean_seconds,1,6423,0,0,6423,6.665786107381185e-06,0.08378575245539348,0.012007417017610897,0.01798539263020925,5.269050598144531e-05,0.005804757277170817,0.04474035501480099,0.08330346802870434,0.08343888187408446,exact,6423,false
attack_type_ARP_Spoofing,attack_type,iat_std_seconds,1,6423,0,0,6423,3.584533784446368e-06,0.27754187828392457,0.02874283013969136,0.0586994699771884,7.95046676941393e-05,0.005520491730799106,0.19135067385033902,0.2757418864534565,0.2763112154908666,exact,6423,false
attack_type_ARP_Spoofing,attack_type,iat_p50_seconds,1,6423,0,1169,5254,0.0,0.030622482299804688,0.0027276925648667444,0.004354046519773673,0.0,0.00027954578399658203,0.011467552185058582,0.02040928602218628,0.025177875757217482,exact,6423,false
attack_type_ARP_Spoofing,attack_type,iat_p95_seconds,1,6423,0,3,6420,0.0,0.8506144285202005,0.052835091586129986,0.12987756780006862,0.000209006309509277,0.01505554914474487,0.2561423444747917,0.8463463099002816,0.8492111263990381,exact,6423,false
attack_type_ARP_Spoofing,attack_type,frame_length_mean,1,6423,0,0,6423,57.12,1494.0,482.10086875291915,478.9439736606266,63.275200000000005,272.2,1494.0,1494.0,1494.0,exact,6423,false
attack_type_ARP_Spoofing,attack_type,frame_length_std,1,6423,0,1203,5220,0.0,713.4285713370328,226.88328014903627,207.08500353790222,0.0,188.42574770980738,584.4980776100518,671.147614268497,713.4285713370328,exact,6423,false
attack_type_ARP_Spoofing,attack_type,frame_length_min,1,6423,0,0,6423,42.0,1494.0,252.07971352950335,464.4722808089165,42.0,66.0,1494.0,1494.0,1494.0,exact,6423,false
attack_type_ARP_Spoofing,attack_type,frame_length_max,1,6423,0,0,6423,60.0,1514.0,933.2744823291297,525.6854275915731,66.0,1242.0,1494.0,1498.0,1514.0,exact,6423,false
attack_type_ARP_Spoofing,attack_type,ipv4_ratio,1,6423,0,47,6376,0.0,1.0,0.9711287560330064,0.13359012123577474,0.04,1.0,1.0,1.0,1.0,exact,6423,false
attack_type_ARP_Spoofing,attack_type,ipv6_ratio,1,6423,0,6269,154,0.0,0.16,0.0010711505527012301,0.007358933182628788,0.0,0.0,0.0,0.04,0.08,exact,6423,false
attack_type_ARP_Spoofing,attack_type,arp_ratio,1,6423,0,5813,610,0.0,1.0,0.0277129067413981,0.13333171955276182,0.0,0.0,0.08,0.96,1.0,exact,6423,false
attack_type_ARP_Spoofing,attack_type,llc_ratio,1,6423,0,6418,5,0.0,0.04,3.113809746224506e-05,0.0011155959471852853,0.0,0.0,0.0,0.0,0.0,exact,6423,false
attack_type_ARP_Spoofing,attack_type,other_protocol_ratio,1,6423,0,6414,9,0.0,0.04,5.60485754320411e-05,0.0014962625352770427,0.0,0.0,0.0,0.0,0.04,exact,6423,false
attack_type_ARP_Spoofing,attack_type,tcp_ratio,1,6423,0,1833,4590,0.0,1.0,0.5229269811614511,0.4440599656740722,0.0,0.6,1.0,1.0,1.0,exact,6423,false
attack_type_ARP_Spoofing,attack_type,udp_ratio,1,6423,0,2307,4116,0.0,1.0,0.4487747158648607,0.44615203220663185,0.0,0.32,1.0,1.0,1.0,exact,6423,false
attack_type_ARP_Spoofing,attack_type,icmp_ratio,1,6423,0,6383,40,0.0,0.24,0.0003861124085318387,0.005677546879481719,0.0,0.0,0.0,0.0,0.08,exact,6423,false
attack_type_ARP_Spoofing,attack_type,icmpv6_ratio,1,6423,0,6407,16,0.0,0.08,0.0001120971508640822,0.002338319777558939,0.0,0.0,0.0,0.0,0.04,exact,6423,false
attack_type_ARP_Spoofing,attack_type,igmp_ratio,1,6423,0,6423,0,0.0,0.0,0.0,0.0,0.0,0.0,0.0,0.0,0.0,exact,6423,true
attack_type_ARP_Spoofing,attack_type,tcp_syn_ratio,1,6423,0,6173,250,0.0,1.0,0.0038397282593914963,0.03785728656803235,0.0,0.0,0.0,0.08333333333333331,0.7890000000002146,exact,6423,false
attack_type_ARP_Spoofing,attack_type,tcp_ack_ratio,1,6423,0,1837,4586,0.0,1.0,0.7110740283578083,0.450495936354685,0.0,1.0,1.0,1.0,1.0,exact,6423,false
attack_type_ARP_Spoofing,attack_type,tcp_fin_ratio,1,6423,0,6211,212,0.0,1.0,0.008188474662003864,0.07339394527577926,0.0,0.0,0.0,0.16666666666666663,1.0,exact,6423,false
attack_type_ARP_Spoofing,attack_type,tcp_rst_ratio,1,6423,0,6329,94,0.0,1.0,0.0018463459931246616,0.026748298682036004,0.0,0.0,0.0,0.045454545454545456,0.2857142857142857,exact,6423,false
attack_type_ARP_Spoofing,attack_type,tcp_psh_ratio,1,6423,0,3228,3195,0.0,1.0,0.2290782702105677,0.27614005634450467,0.0,0.0,0.6666666666666666,1.0,1.0,exact,6423,false
attack_type_ARP_Spoofing,attack_type,tcp_urg_ratio,1,6423,0,6423,0,0.0,0.0,0.0,0.0,0.0,0.0,0.0,0.0,0.0,exact,6423,true
attack_type_ARP_Spoofing,attack_type,unique_ip_count,1,6423,0,0,6423,2.0,28.0,5.412112719912813,4.552052258593722,2.0,4.0,14.0,26.0,27.0,exact,6423,false
attack_type_ARP_Spoofing,attack_type,unique_port_count,1,6423,0,46,6377,0.0,29.0,5.972131402771291,4.9696887787721655,2.0,4.0,15.0,22.0,27.0,exact,6423,false
attack_type_DDoS_ICMP,attack_type,window_span_seconds,8,6147552,0,501200,5646352,0.0,2.0045831203460693,0.0006517415656237822,0.008795989539186559,0.0,0.00039696693420410156,0.001519918441772461,0.00271106719970704,0.005141058921814684,bounded_sample,200000,false
attack_type_DDoS_ICMP,attack_type,iat_mean_seconds,8,6147552,0,501200,5646352,0.0,0.08352429668108623,2.7156222834543354e-05,0.0003664995568320231,0.0,1.6709168752034504e-05,6.304184595743816e-05,0.00011271238327026367,0.00021170580387115553,bounded_sample,200000,false
attack_type_DDoS_ICMP,attack_type,iat_std_seconds,8,6147552,0,501200,5646352,0.0,0.2500288010105774,8.904996657737612e-05,0.0008693765781833886,0.0,5.0092497268901614e-05,0.00021548383672368931,0.0004569876912891999,0.0009351960476163485,bounded_sample,200000,false
attack_type_DDoS_ICMP,attack_type,iat_p50_seconds,8,6147552,0,3695232,2452320,0.0,0.032277464866638184,9.57968374186762e-07,7.016267684830124e-05,0.0,0.0,1.9073486328125e-06,1.9073486328125e-06,5.7936310768138405e-05,bounded_sample,200000,false
attack_type_DDoS_ICMP,attack_type,iat_p95_seconds,8,6147552,0,637364,5510188,0.0,0.7348297476768479,9.471233367645951e-05,0.0018753385454457346,0.0,6.055831909179675e-05,0.0002982616424560543,0.0004372000694274894,0.0008427623152732896,bounded_sample,200000,false
attack_type_DDoS_ICMP,attack_type,frame_length_mean,8,6147552,0,0,6147552,53.52,1494.0,61.819517596597805,35.79948238679186,60.0,60.0,60.0,60.0,115.32172000003163,bounded_sample,200000,false
attack_type_DDoS_ICMP,attack_type,frame_length_std,8,6147552,0,6000394,147158,0.0,726.4181671737018,2.507964804053947,33.634732351149694,0.0,0.0,0.0,0.0,172.44745925481357,bounded_sample,200000,false
attack_type_DDoS_ICMP,attack_type,frame_length_min,8,6147552,0,0,6147552,42.0,1494.0,60.20985491460668,17.246222112067596,60.0,60.0,60.0,60.0,60.0,bounded_sample,200000,false
attack_type_DDoS_ICMP,attack_type,frame_length_max,8,6147552,0,0,6147552,60.0,1514.0,68.20331117166636,94.06240284750945,60.0,60.0,60.0,60.0,1106.0,bounded_sample,200000,false
attack_type_DDoS_ICMP,attack_type,ipv4_ratio,8,6147552,0,0,6147552,0.44,1.0,0.9999296500460672,0.002410485192405542,1.0,1.0,1.0,1.0,1.0,bounded_sample,200000,false
attack_type_DDoS_ICMP,attack_type,ipv6_ratio,8,6147552,0,6147178,374,0.0,0.12,2.5115688326019857e-06,0.0003274497923851671,0.0,0.0,0.0,0.0,0.0,bounded_sample,200000,false
attack_type_DDoS_ICMP,attack_type,arp_ratio,8,6147552,0,6139600,7952,0.0,0.56,6.695998667437052e-05,0.0023429629919561917,0.0,0.0,0.0,0.0,0.04,bounded_sample,200000,false
attack_type_DDoS_ICMP,attack_type,llc_ratio,8,6147552,0,6147461,91,0.0,0.48,7.612786357886848e-07,0.00028541678496408487,0.0,0.0,0.0,0.0,0.0,bounded_sample,200000,false
attack_type_DDoS_ICMP,attack_type,other_protocol_ratio,8,6147552,0,6147534,18,0.0,0.04,1.171197901213361e-07,6.844543730452896e-05,0.0,0.0,0.0,0.0,0.0,bounded_sample,200000,false
attack_type_DDoS_ICMP,attack_type,tcp_ratio,8,6147552,0,6079247,68305,0.0,1.0,0.002287902566745267,0.03262306922362274,0.0,0.0,0.0,0.0,0.28,bounded_sample,200000,false
attack_type_DDoS_ICMP,attack_type,udp_ratio,8,6147552,0,6063610,83942,0.0,1.0,0.0007900640775385062,0.010825191627543288,0.0,0.0,0.0,0.0,0.04,bounded_sample,200000,false
attack_type_DDoS_ICMP,attack_type,icmp_ratio,8,6147552,0,2941,6144611,0.0,1.0,0.9968539607310359,0.03503735015228746,1.0,1.0,1.0,1.0,1.0,bounded_sample,200000,false
attack_type_DDoS_ICMP,attack_type,icmpv6_ratio,8,6147552,0,6147529,23,0.0,0.08,1.561597201617815e-07,8.226115013268617e-05,0.0,0.0,0.0,0.0,0.0,bounded_sample,200000,false
attack_type_DDoS_ICMP,attack_type,igmp_ratio,8,6147552,0,6147541,11,0.0,0.08,7.807986008089075e-08,6.03632397019109e-05,0.0,0.0,0.0,0.0,0.0,bounded_sample,200000,false
attack_type_DDoS_ICMP,attack_type,tcp_syn_ratio,8,6147552,0,6146858,694,0.0,1.0,0.00010178529372760231,0.009989302694883866,0.0,0.0,0.0,0.0,0.0,bounded_sample,200000,false
attack_type_DDoS_ICMP,attack_type,tcp_ack_ratio,8,6147552,0,6079676,67876,0.0,1.0,0.011037827985294879,0.10446954638746479,0.0,0.0,0.0,0.0,1.0,bounded_sample,200000,false
attack_type_DDoS_ICMP,attack_type,tcp_fin_ratio,8,6147552,0,6147150,402,0.0,1.0,4.1383994234161065e-05,0.00578512626074749,0.0,0.0,0.0,0.0,0.0,bounded_sample,200000,false
attack_type_DDoS_ICMP,attack_type,tcp_rst_ratio,8,6147552,0,6147423,129,0.0,1.0,1.3808897328679759e-05,0.0035285385661711676,0.0,0.0,0.0,0.0,0.0,bounded_sample,200000,false
attack_type_DDoS_ICMP,attack_type,tcp_psh_ratio,8,6147552,0,6125644,21908,0.0,1.0,0.0022566568971569253,0.04155806833062294,0.0,0.0,0.0,0.0,0.6666666666666666,bounded_sample,200000,false
attack_type_DDoS_ICMP,attack_type,tcp_urg_ratio,8,6147552,0,6147552,0,0.0,0.0,0.0,0.0,0.0,0.0,0.0,0.0,0.0,bounded_sample,200000,true
attack_type_DDoS_ICMP,attack_type,unique_ip_count,8,6147552,0,0,6147552,2.0,21.0,2.5975328065545447,0.6946623202624258,2.0,3.0,3.0,4.0,6.0,bounded_sample,200000,false
attack_type_DDoS_ICMP,attack_type,unique_port_count,8,6147552,0,5997377,150175,0.0,26.0,0.05512210388785649,0.3950492482609686,0.0,0.0,0.0,0.0,4.0,bounded_sample,200000,false
attack_type_DDoS_SYN,attack_type,window_span_seconds,4,3206644,0,276934,2929710,0.0,2.003911018371582,0.0007440401569642356,0.010166300975304226,0.0,0.0005500316619873047,0.0023670196533203125,0.006443045139312764,0.08478108716014841,bounded_sample,200000,false
attack_type_DDoS_SYN,attack_type,iat_mean_seconds,4,3206644,0,276935,2929709,0.0,0.08349629243214925,3.1005668403689255e-05,0.0004235958411124251,0.0,2.2957722345987957e-05,9.899387756983427e-05,0.0002676650881767278,0.003532545298339518,bounded_sample,200000,false
attack_type_DDoS_SYN,attack_type,iat_std_seconds,4,3206644,0,276935,2929709,0.0,0.21362394965645065,9.513968776314949e-05,0.0010313895955706652,0.0,6.316179818920508e-05,0.00036814814279131664,0.0011885222052895768,0.013744977573933753,bounded_sample,200000,false
attack_type_DDoS_SYN,attack_type,iat_p50_seconds,4,3206644,0,1546003,1660641,0.0,0.028766989707946777,1.6546367340763023e-06,7.036720633289761e-05,0.0,9.5367431640625e-07,1.9073486328125e-06,3.0994415283203125e-06,8.654642105103416e-05,bounded_sample,200000,false
attack_type_DDoS_SYN,attack_type,iat_p95_seconds,4,3206644,0,355163,2851481,0.0,0.6290882587432851,0.00011949062721622866,0.0021316709124758176,0.0,8.829832077026346e-05,0.000311244130134582,0.000552213549613952,0.006295076513290672,bounded_sample,200000,false
attack_type_DDoS_SYN,attack_type,frame_length_mean,4,3206644,0,0,3206644,55.68,1494.0,61.63872552113673,34.720583559928656,60.0,60.0,60.0,67.44,1037.04,bounded_sample,200000,false
attack_type_DDoS_SYN,attack_type,frame_length_std,4,3206644,0,3161772,44872,0.0,726.4181671737016,2.0795601930703795,32.29691741081574,0.0,0.0,0.0,15.340258946885916,699.5742705388756,bounded_sample,200000,false
attack_type_DDoS_SYN,attack_type,frame_length_min,4,3206644,0,0,3206644,42.0,1494.0,60.161103633580765,14.987577445368848,60.0,60.0,60.0,60.0,66.0,bounded_sample,200000,false
attack_type_DDoS_SYN,attack_type,frame_length_max,4,3206644,0,0,3206644,60.0,1514.0,66.44559202705383,90.46096921549066,60.0,60.0,60.0,146.0700000000652,1494.0,bounded_sample,200000,false
attack_type_DDoS_SYN,attack_type,ipv4_ratio,4,3206644,0,0,3206644,0.48,1.0,0.9999410349262344,0.0024279161580923725,1.0,1.0,1.0,1.0,1.0,bounded_sample,200000,false
attack_type_DDoS_SYN,attack_type,ipv6_ratio,4,3206644,0,3206348,296,0.0,0.12,3.8295488990982465e-06,0.0004076031834930008,0.0,0.0,0.0,0.0,0.0,bounded_sample,200000,false
attack_type_DDoS_SYN,attack_type,arp_ratio,4,3206644,0,3203704,2940,0.0,0.52,5.464903494120332e-05,0.0023577458472333022,0.0,0.0,0.0,0.0,0.04,bounded_sample,200000,false
attack_type_DDoS_SYN,attack_type,llc_ratio,4,3206644,0,3206617,27,0.0,0.04,3.368007175102693e-07,0.00011606858001064482,0.0,0.0,0.0,0.0,0.0,bounded_sample,200000,false
attack_type_DDoS_SYN,attack_type,other_protocol_ratio,4,3206644,0,3206632,12,0.0,0.04,1.4968920778234194e-07,7.737923432313577e-05,0.0,0.0,0.0,0.0,0.0,bounded_sample,200000,false
attack_type_DDoS_SYN,attack_type,tcp_ratio,4,3206644,0,84,3206560,0.0,1.0,0.9997489462503477,0.0100161641556977,1.0,1.0,1.0,1.0,1.0,bounded_sample,200000,false
attack_type_DDoS_SYN,attack_type,udp_ratio,4,3206644,0,3200781,5863,0.0,1.0,0.00019336103415284014,0.009557059935829969,0.0,0.0,0.0,0.0,0.04,bounded_sample,200000,false
attack_type_DDoS_SYN,attack_type,icmp_ratio,4,3206644,0,3206541,103,0.0,0.24,1.846166895982217e-06,0.0003601766766636736,0.0,0.0,0.0,0.0,0.0,bounded_sample,200000,false
attack_type_DDoS_SYN,attack_type,icmpv6_ratio,4,3206644,0,3206602,42,0.0,0.12,5.987568311293678e-07,0.0001786990183254797,0.0,0.0,0.0,0.0,0.0,bounded_sample,200000,false
attack_type_DDoS_SYN,attack_type,igmp_ratio,4,3206644,0,3206637,7,0.0,0.12,1.1226690583675642e-07,8.651270302827759e-05,0.0,0.0,0.0,0.0,0.0,bounded_sample,200000,false
attack_type_DDoS_SYN,attack_type,tcp_syn_ratio,4,3206644,0,123252,3083392,0.0,1.0,0.8407960989739696,0.28415084544495745,0.0,1.0,1.0,1.0,1.0,bounded_sample,200000,false
attack_type_DDoS_SYN,attack_type,tcp_ack_ratio,4,3206644,0,2287075,919569,0.0,1.0,0.19000145269915863,0.3507314347485665,0.0,0.0,0.92,1.0,1.0,bounded_sample,200000,false
attack_type_DDoS_SYN,attack_type,tcp_fin_ratio,4,3206644,0,3206134,510,0.0,0.2,7.122232334398916e-06,0.0006098900511083812,0.0,0.0,0.0,0.0,0.0,bounded_sample,200000,false
attack_type_DDoS_SYN,attack_type,tcp_rst_ratio,4,3206644,0,2125022,1081622,0.0,1.0,0.15662144526938843,0.2825192084013678,0.0,0.0,0.56,1.0,1.0,bounded_sample,200000,false
attack_type_DDoS_SYN,attack_type,tcp_psh_ratio,4,3206644,0,3190779,15865,0.0,1.0,0.00047934996794526486,0.01045066653917986,0.0,0.0,0.0,0.0,0.23809714285717787,bounded_sample,200000,false
attack_type_DDoS_SYN,attack_type,tcp_urg_ratio,4,3206644,0,3206644,0,0.0,0.0,0.0,0.0,0.0,0.0,0.0,0.0,0.0,bounded_sample,200000,true
attack_type_DDoS_SYN,attack_type,unique_ip_count,4,3206644,0,0,3206644,2.0,26.0,2.8449849749457687,0.7739875057400435,2.0,2.0,5.0,5.0,8.0,bounded_sample,200000,false
attack_type_DDoS_SYN,attack_type,unique_port_count,4,3206644,0,0,3206644,2.0,29.0,25.958269143690412,0.7744898408033535,24.0,26.0,26.0,26.0,27.0,bounded_sample,200000,false
attack_type_DDoS_TCP,attack_type,window_span_seconds,4,3216597,0,511,3216086,0.0,2.0082409381866455,0.0009119185067324824,0.017062041338748064,2.5033950805664062e-05,0.0003001689910888672,0.0012650489807128906,0.0019409656524658203,0.010207462072377695,bounded_sample,200000,false
attack_type_DDoS_TCP,attack_type,iat_mean_seconds,4,3216597,0,511,3216086,0.0,0.0836767057577769,3.800041721961923e-05,0.000710918502821764,1.043081283569336e-06,1.24971071879069e-05,5.278984705607096e-05,8.149941762288411e-05,0.0004340106248857308,bounded_sample,200000,false
attack_type_DDoS_TCP,attack_type,iat_std_seconds,4,3216597,0,511,3216086,0.0,0.2767818903012598,0.00010459757696782766,0.0018018588934913464,2.955342707683459e-06,3.532657659015825e-05,0.00018915377331323957,0.000312739894636341,0.0016208485349142228,bounded_sample,200000,false
attack_type_DDoS_TCP,attack_type,iat_p50_seconds,4,3216597,0,1395205,1821392,0.0,0.031670451164245605,2.348943154576377e-06,0.00010846498576869344,0.0,0.0,9.5367431640625e-07,1.9073486328125e-06,4.5895695686342525e-05,bounded_sample,200000,false
attack_type_DDoS_TCP,attack_type,iat_p95_seconds,4,3216597,0,1329,3215268,0.0,0.8501325964927652,0.0001705527797398321,0.003831904060176185,1.1563301086425776e-06,6.6554546356201e-05,0.0002208590507507319,0.0003983265161514284,0.0011505640387540126,bounded_sample,200000,false
attack_type_DDoS_TCP,attack_type,frame_length_mean,4,3216597,0,0,3216597,54.96,1514.0,62.39310435220824,42.526486320357314,60.0,60.0,61.76,74.72,863.04,bounded_sample,200000,false
attack_type_DDoS_TCP,attack_type,frame_length_std,4,3216597,0,3099989,116608,0.0,726.4181671737016,3.0548544233489916,35.9071544523946,0.0,0.0,8.622203894596788,47.86954052817035,609.876419658275,bounded_sample,200000,false
attack_type_DDoS_TCP,attack_type,frame_length_min,4,3216597,0,0,3216597,42.0,1514.0,60.370757978074344,22.39241130999058,60.0,60.0,60.0,60.0,60.0,bounded_sample,200000,false
attack_type_DDoS_TCP,attack_type,frame_length_max,4,3216597,0,0,3216597,60.0,1514.0,70.42606363184447,101.68684405668441,60.0,60.0,104.0,342.0,1494.0,bounded_sample,200000,false
attack_type_DDoS_TCP,attack_type,ipv4_ratio,4,3216597,0,0,3216597,0.28,1.0,0.99992266361002,0.0032543139774482265,1.0,1.0,1.0,1.0,1.0,bounded_sample,200000,false
attack_type_DDoS_TCP,attack_type,ipv6_ratio,4,3216597,0,3216316,281,0.0,0.28,3.83013476664935e-06,0.00045487590778875864,0.0,0.0,0.0,0.0,0.0,bounded_sample,200000,false
attack_type_DDoS_TCP,attack_type,arp_ratio,4,3216597,0,3213384,3213,0.0,0.72,7.305857712358745e-05,0.0031736250946501204,0.0,0.0,0.0,0.0,0.0,bounded_sample,200000,false
attack_type_DDoS_TCP,attack_type,llc_ratio,4,3216597,0,3216572,25,0.0,0.12,3.357585672062742e-07,0.0001281200630339551,0.0,0.0,0.0,0.0,0.0,bounded_sample,200000,false
attack_type_DDoS_TCP,attack_type,other_protocol_ratio,4,3216597,0,3216588,9,0.0,0.04,1.1191952240209144e-07,6.690865691451415e-05,0.0,0.0,0.0,0.0,0.0,bounded_sample,200000,false
attack_type_DDoS_TCP,attack_type,tcp_ratio,4,3216597,0,402,3216195,0.0,1.0,0.9984770364456599,0.018204701795758702,0.96,1.0,1.0,1.0,1.0,bounded_sample,200000,false
attack_type_DDoS_TCP,attack_type,udp_ratio,4,3216597,0,3138645,77952,0.0,1.0,0.001444992953733402,0.017755185707340613,0.0,0.0,0.04,0.04,0.28,bounded_sample,200000,false
attack_type_DDoS_TCP,attack_type,icmp_ratio,4,3216597,0,3216470,127,0.0,0.56,3.942054289051442e-06,0.000835383061773141,0.0,0.0,0.0,0.0,0.0,bounded_sample,200000,false
attack_type_DDoS_TCP,attack_type,icmpv6_ratio,4,3216597,0,3216580,17,0.0,0.2,3.3575856720627415e-07,0.00017981155062425725,0.0,0.0,0.0,0.0,0.0,bounded_sample,200000,false
attack_type_DDoS_TCP,attack_type,igmp_ratio,4,3216597,0,3216590,7,0.0,0.2,1.8653253733681903e-07,0.00015612030644438993,0.0,0.0,0.0,0.0,0.0,bounded_sample,200000,false
attack_type_DDoS_TCP,attack_type,tcp_syn_ratio,4,3216597,0,3210879,5718,0.0,1.0,0.0008412904553960549,0.025093032564369688,0.0,0.0,0.0,0.0,0.0,bounded_sample,200000,false
attack_type_DDoS_TCP,attack_type,tcp_ack_ratio,4,3216597,0,3162200,54397,0.0,1.0,0.00467672919020102,0.05307537033758232,0.0,0.0,0.0,0.04,1.0,bounded_sample,200000,false
attack_type_DDoS_TCP,attack_type,tcp_fin_ratio,4,3216597,0,3216189,408,0.0,1.0,6.0418622609730744e-06,0.0007999801015801201,0.0,0.0,0.0,0.0,0.0,bounded_sample,200000,false
attack_type_DDoS_TCP,attack_type,tcp_rst_ratio,4,3216597,0,3204072,12525,0.0,1.0,0.0017197355824269173,0.03377667401522368,0.0,0.0,0.0,0.0,0.0,bounded_sample,200000,false
attack_type_DDoS_TCP,attack_type,tcp_psh_ratio,4,3216597,0,3201734,14863,0.0,1.0,0.000513963956111353,0.01179706219855159,0.0,0.0,0.0,0.0,0.08,bounded_sample,200000,false
attack_type_DDoS_TCP,attack_type,tcp_urg_ratio,4,3216597,0,3216597,0,0.0,0.0,0.0,0.0,0.0,0.0,0.0,0.0,0.0,bounded_sample,200000,true
attack_type_DDoS_TCP,attack_type,unique_ip_count,4,3216597,0,0,3216597,2.0,22.0,2.782881722516063,0.6960664291205005,2.0,3.0,4.0,5.0,6.0,bounded_sample,200000,false
attack_type_DDoS_TCP,attack_type,unique_port_count,4,3216597,0,0,3216597,2.0,29.0,25.97141264510288,0.8872818347826742,26.0,26.0,26.0,27.0,27.0,bounded_sample,200000,false
attack_type_DDoS_UDP,attack_type,window_span_seconds,8,6541281,0,3,6541278,0.0,2.0062549114227295,0.0006432204672156236,0.015770411448391284,2.6941299438476562e-05,0.00026798248291015625,0.0011210441589355469,0.0018329715728759854,0.003644002676010373,bounded_sample,200000,false
attack_type_DDoS_UDP,attack_type,iat_mean_seconds,8,6541281,0,3,6541278,0.0,0.08359395464261372,2.6801888158683842e-05,0.0006571004705274647,1.1225541432698567e-06,1.1126200358072916e-05,4.68293825785319e-05,7.670124371846516e-05,0.0001567112902800379,bounded_sample,200000,false
attack_type_DDoS_UDP,attack_type,iat_std_seconds,8,6541281,0,3,6541278,0.0,0.2759216434966686,8.038680374337294e-05,0.0015125912150989783,2.886541210596678e-06,3.634522904532716e-05,0.00017134035540975176,0.00031487969355406287,0.000637721451815671,bounded_sample,200000,false
attack_type_DDoS_UDP,attack_type,iat_p50_seconds,8,6541281,0,4267180,2274101,0.0,0.04788053035736084,8.138703881784561e-07,8.862798315749729e-05,0.0,4.76837158203125e-07,1.9073486328125e-06,2.1457672119140625e-06,3.0994415283203125e-06,bounded_sample,200000,false
attack_type_DDoS_UDP,attack_type,iat_p95_seconds,8,6541281,0,229,6541052,0.0,0.8483166813850381,0.00011909880230139942,0.0034988422335510802,2.002716064453123e-06,2.9814243316650373e-05,0.0001845955848693843,0.0002922898530960087,0.000675237190723418,bounded_sample,200000,false
attack_type_DDoS_UDP,attack_type,frame_length_mean,8,6541281,0,0,6541281,54.96,1494.0,61.09797155022083,28.52762976252641,60.0,60.0,60.0,62.4,633.6,bounded_sample,200000,false
attack_type_DDoS_UDP,attack_type,frame_length_std,8,6541281,0,6313847,227434,0.0,726.4181671737018,1.482339091243576,24.208104310269842,0.0,0.0,0.0,4.270831300812524,643.8644031160599,bounded_sample,200000,false
attack_type_DDoS_UDP,attack_type,frame_length_min,8,6541281,0,0,6541281,42.0,1494.0,60.20372553938593,16.79387630555244,60.0,60.0,60.0,60.0,60.0,bounded_sample,200000,false
attack_type_DDoS_UDP,attack_type,frame_length_max,8,6541281,0,0,6541281,60.0,1514.0,65.18423868352392,71.10707271156437,60.0,60.0,60.0,70.0,1494.0,bounded_sample,200000,false
attack_type_DDoS_UDP,attack_type,ipv4_ratio,8,6541281,0,0,6541281,0.28,1.0,0.9999193919356166,0.00409895888744073,1.0,1.0,1.0,1.0,1.0,bounded_sample,200000,false
attack_type_DDoS_UDP,attack_type,ipv6_ratio,8,6541281,0,6540822,459,0.0,0.36,3.1064251787990766e-06,0.0004072215939719783,0.0,0.0,0.0,0.0,0.0,bounded_sample,200000,false
attack_type_DDoS_UDP,attack_type,arp_ratio,8,6541281,0,6535714,5567,0.0,0.72,7.65415826043859e-05,0.004004713064976646,0.0,0.0,0.0,0.0,0.0,bounded_sample,200000,false
attack_type_DDoS_UDP,attack_type,llc_ratio,8,6541281,0,6541174,107,0.0,0.32,8.561014272280918e-07,0.0002832458311114349,0.0,0.0,0.0,0.0,0.0,bounded_sample,200000,false
attack_type_DDoS_UDP,attack_type,other_protocol_ratio,8,6541281,0,6541264,17,0.0,0.04,1.039551733062683e-07,6.448407652725342e-05,0.0,0.0,0.0,0.0,0.0,bounded_sample,200000,false
attack_type_DDoS_UDP,attack_type,tcp_ratio,8,6541281,0,6486143,55138,0.0,1.0,0.0015448105653923135,0.02679630553194411,0.0,0.0,0.0,0.04,0.48,bounded_sample,200000,false
attack_type_DDoS_UDP,attack_type,udp_ratio,8,6541281,0,2195,6539086,0.0,1.0,0.9959238014694671,0.03678228225863009,0.76,1.0,1.0,1.0,1.0,bounded_sample,200000,false
attack_type_DDoS_UDP,attack_type,icmp_ratio,8,6541281,0,6431108,110173,0.0,1.0,0.002453232019844432,0.023522269769427024,0.0,0.0,0.0,0.24,0.24,bounded_sample,200000,false
attack_type_DDoS_UDP,attack_type,icmpv6_ratio,8,6541281,0,6541214,67,0.0,0.2,5.07545846142369e-07,0.0001790038988858138,0.0,0.0,0.0,0.0,0.0,bounded_sample,200000,false
attack_type_DDoS_UDP,attack_type,igmp_ratio,8,6541281,0,6541265,16,0.0,0.16,1.4676024466767294e-07,0.00010607354627467447,0.0,0.0,0.0,0.0,0.0,bounded_sample,200000,false
attack_type_DDoS_UDP,attack_type,tcp_syn_ratio,8,6541281,0,6539687,1594,0.0,1.0,0.00021759720361179573,0.014640416762585822,0.0,0.0,0.0,0.0,0.0,bounded_sample,200000,false
attack_type_DDoS_UDP,attack_type,tcp_ack_ratio,8,6541281,0,6487014,54267,0.0,1.0,0.008291022217738682,0.09065746728717296,0.0,0.0,0.0,1.0,1.0,bounded_sample,200000,false
attack_type_DDoS_UDP,attack_type,tcp_fin_ratio,8,6541281,0,6540806,475,0.0,1.0,5.1738890263737985e-05,0.006875635604576053,0.0,0.0,0.0,0.0,0.0,bounded_sample,200000,false
attack_type_DDoS_UDP,attack_type,tcp_rst_ratio,8,6541281,0,6540895,386,0.0,1.0,5.136717266682031e-05,0.007059373139709868,0.0,0.0,0.0,0.0,0.0,bounded_sample,200000,false
attack_type_DDoS_UDP,attack_type,tcp_psh_ratio,8,6541281,0,6522214,19067,0.0,1.0,0.0017657762170292357,0.03584775312883944,0.0,0.0,0.0,0.0,0.6666666666666666,bounded_sample,200000,false
attack_type_DDoS_UDP,attack_type,tcp_urg_ratio,8,6541281,0,6541281,0,0.0,0.0,0.0,0.0,0.0,0.0,0.0,0.0,0.0,bounded_sample,200000,true
attack_type_DDoS_UDP,attack_type,unique_ip_count,8,6541281,0,0,6541281,2.0,25.0,2.9326506535952217,0.6967923698259713,2.0,3.0,4.0,5.0,6.0,bounded_sample,200000,false
attack_type_DDoS_UDP,attack_type,unique_port_count,8,6541281,0,1,6541280,0.0,46.0,3.865206830282936,1.33222771103612,2.0,4.0,6.0,6.0,8.0,bounded_sample,200000,false
attack_type_DoS_ICMP,attack_type,window_span_seconds,4,1664434,0,25948,1638486,0.0,2.009770154953003,0.0022134948122898256,0.030146336737375223,3.314018249511719e-05,0.00045299530029296875,0.0030641555786132812,0.0047550201416015625,0.014777213096623582,bounded_sample,200000,false
attack_type_DoS_ICMP,attack_type,iat_mean_seconds,4,1664434,0,25948,1638486,0.0,0.0837404231230418,9.222903894674531e-05,0.0012560982765861162,1.3808409372965495e-06,1.8785397211710613e-05,0.00012762347857157388,0.00019904027382532805,0.0005842155416806652,bounded_sample,200000,false
attack_type_DoS_ICMP,attack_type,iat_std_seconds,4,1664434,0,25948,1638486,0.0,0.2763335200594214,0.00031138250670398684,0.0036881407568055426,3.8807512923269675e-06,5.980178810828461e-05,0.0005162161877586309,0.0008191309349884595,0.0020656464568214804,bounded_sample,200000,false
attack_type_DoS_ICMP,attack_type,iat_p50_seconds,4,1664434,0,814237,850197,0.0,0.023639559745788574,2.0044258706260267e-06,8.86498496901738e-05,0.0,0.0,1.9073486328125e-06,2.1457672119140625e-06,8.463859558105469e-06,bounded_sample,200000,false
attack_type_DoS_ICMP,attack_type,iat_p95_seconds,4,1664434,0,51868,1612566,0.0,0.8493613719940164,0.0003724758277926852,0.008049893362230972,3.7312507629394486e-06,5.03897666931152e-05,0.0005112409591674794,0.001212231397628786,0.002253904628753706,bounded_sample,200000,false
attack_type_DoS_ICMP,attack_type,frame_length_mean,4,1664434,0,0,1664434,55.2,1494.0,64.6515075755482,64.0174527267123,60.0,60.0,66.56,84.56,536.8,bounded_sample,200000,false
attack_type_DoS_ICMP,attack_type,frame_length_std,4,1664434,0,1556707,107727,0.0,726.4181671737018,4.84458474668896,42.49999571359585,0.0,0.0,32.13730542531528,114.44016078283003,574.3212635603314,bounded_sample,200000,false
attack_type_DoS_ICMP,attack_type,frame_length_min,4,1664434,0,0,1664434,42.0,1494.0,61.42441334411578,44.716406554961374,60.0,60.0,60.0,60.0,60.0,bounded_sample,200000,false
attack_type_DoS_ICMP,attack_type,frame_length_max,4,1664434,0,0,1664434,60.0,1514.0,78.2322453158251,127.39312314347988,60.0,60.0,224.0,643.0,1252.0,bounded_sample,200000,false
attack_type_DoS_ICMP,attack_type,ipv4_ratio,4,1664434,0,0,1664434,0.48,1.0,0.9999096389523405,0.0033504392880738428,1.0,1.0,1.0,1.0,1.0,bounded_sample,200000,false
attack_type_DoS_ICMP,attack_type,ipv6_ratio,4,1664434,0,1664044,390,0.0,0.16,1.0309811022846206e-05,0.000721075846016914,0.0,0.0,0.0,0.0,0.0,bounded_sample,200000,false
attack_type_DoS_ICMP,attack_type,arp_ratio,4,1664434,0,1662584,1850,0.0,0.52,7.608592470473444e-05,0.003174908173670781,0.0,0.0,0.0,0.0,0.0,bounded_sample,200000,false
attack_type_DoS_ICMP,attack_type,llc_ratio,4,1664434,0,1664307,127,0.0,0.28,3.5807968354407563e-06,0.0005066073477126918,0.0,0.0,0.0,0.0,0.0,bounded_sample,200000,false
attack_type_DoS_ICMP,attack_type,other_protocol_ratio,4,1664434,0,1664418,16,0.0,0.04,3.845150964231684e-07,0.00012401796646078085,0.0,0.0,0.0,0.0,0.0,bounded_sample,200000,false
attack_type_DoS_ICMP,attack_type,tcp_ratio,4,1664434,0,1636562,27872,0.0,1.0,0.005342885329186979,0.059314284087665634,0.0,0.0,0.0,0.0,0.4,bounded_sample,200000,false
attack_type_DoS_ICMP,attack_type,udp_ratio,4,1664434,0,1579502,84932,0.0,1.0,0.0032874358490634055,0.027029406573072182,0.0,0.0,0.04,0.08,0.4,bounded_sample,200000,false
attack_type_DoS_ICMP,attack_type,icmp_ratio,4,1664434,0,4049,1660385,0.0,1.0,0.991288209685695,0.06616308449470909,0.92,1.0,1.0,1.0,1.0,bounded_sample,200000,false
attack_type_DoS_ICMP,attack_type,icmpv6_ratio,4,1664434,0,1664401,33,0.0,0.16,9.612877410579213e-07,0.00024412889192283247,0.0,0.0,0.0,0.0,0.0,bounded_sample,200000,false
attack_type_DoS_ICMP,attack_type,igmp_ratio,4,1664434,0,1664421,13,0.0,0.16,4.566116770025127e-07,0.0001936233803212705,0.0,0.0,0.0,0.0,0.0,bounded_sample,200000,false
attack_type_DoS_ICMP,attack_type,tcp_syn_ratio,4,1664434,0,1664027,407,0.0,1.0,0.0001918015895939565,0.013573600056215739,0.0,0.0,0.0,0.0,0.0,bounded_sample,200000,false
attack_type_DoS_ICMP,attack_type,tcp_ack_ratio,4,1664434,0,1636727,27707,0.0,1.0,0.01663747339124501,0.12788463258962715,0.0,0.0,0.0,0.0,1.0,bounded_sample,200000,false
attack_type_DoS_ICMP,attack_type,tcp_fin_ratio,4,1664434,0,1664146,288,0.0,1.0,0.00010091877328247305,0.009045469223340888,0.0,0.0,0.0,0.0,0.0,bounded_sample,200000,false
attack_type_DoS_ICMP,attack_type,tcp_rst_ratio,4,1664434,0,1664291,143,0.0,1.0,6.361372249507297e-05,0.007611906138224973,0.0,0.0,0.0,0.0,0.0,bounded_sample,200000,false
attack_type_DoS_ICMP,attack_type,tcp_psh_ratio,4,1664434,0,1652007,12427,0.0,1.0,0.00455952072388398,0.05795403149512171,0.0,0.0,0.0,0.0,0.6666666666666666,bounded_sample,200000,false
attack_type_DoS_ICMP,attack_type,tcp_urg_ratio,4,1664434,0,1664434,0,0.0,0.0,0.0,0.0,0.0,0.0,0.0,0.0,0.0,bounded_sample,200000,true
attack_type_DoS_ICMP,attack_type,unique_ip_count,4,1664434,0,0,1664434,2.0,21.0,2.0953501310355356,0.4777139757840337,2.0,2.0,3.0,3.0,6.0,bounded_sample,200000,false
attack_type_DoS_ICMP,attack_type,unique_port_count,4,1664434,0,1553842,110592,0.0,30.0,0.15638889856852245,0.7188093136093046,0.0,0.0,2.0,2.0,6.0,bounded_sample,200000,false
attack_type_DoS_SYN,attack_type,window_span_seconds,4,1766923,0,4203,1762720,0.0,2.00239896774292,0.0019112815347140885,0.01653853819009329,2.3126602172851562e-05,0.0007250308990478516,0.0028760433197021484,0.004976046085357677,0.014909985780716,bounded_sample,200000,false
attack_type_DoS_SYN,attack_type,iat_mean_seconds,4,1766923,0,4203,1762720,0.0,0.08343329032262166,7.964303263684547e-05,0.0006891054821178771,1.0033448537190755e-06,3.0169884363810222e-05,0.00011991461118062337,0.00021054347356160483,0.000619670291741699,bounded_sample,200000,false
attack_type_DoS_SYN,attack_type,iat_std_seconds,4,1766923,0,4203,1762720,0.0,0.24228488359711717,0.00028227180335655723,0.0017952474603681959,2.7585719576002185e-06,7.596503012678182e-05,0.0004329010300417812,0.0007980591931531042,0.0026821857189809808,bounded_sample,200000,false
attack_type_DoS_SYN,attack_type,iat_p50_seconds,4,1766923,0,420023,1346900,0.0,0.029096484184265137,2.576849014364518e-06,0.0001083478411474862,0.0,4.76837158203125e-07,2.1457672119140625e-06,4.5299530029296875e-06,3.254449367523851e-05,bounded_sample,200000,false
attack_type_DoS_SYN,attack_type,iat_p95_seconds,4,1766923,0,26199,1740724,0.0,0.6416600584983817,0.00023887019556186474,0.003544374671634584,0.0,0.0001231431961059568,0.0005211240053176874,0.0011482611894607535,0.0025139339923858726,bounded_sample,200000,false
attack_type_DoS_SYN,attack_type,frame_length_mean,4,1766923,0,0,1766923,53.52,1494.0,65.58746990106529,66.57853698300823,60.0,60.0,66.56,206.88,920.4,bounded_sample,200000,false
attack_type_DoS_SYN,attack_type,frame_length_std,4,1766923,0,1641704,125219,0.0,726.4181671737018,6.612057309392485,53.57070899440731,0.0,0.0,32.13730542531529,389.0344478320654,702.5136582302157,bounded_sample,200000,false
attack_type_DoS_SYN,attack_type,frame_length_min,4,1766923,0,0,1766923,42.0,1494.0,61.22139731046571,41.06107991940572,60.0,60.0,60.0,60.0,60.0,bounded_sample,200000,false
attack_type_DoS_SYN,attack_type,frame_length_max,4,1766923,0,0,1766923,60.0,1514.0,82.56135043802136,149.803640904191,60.0,60.0,224.0,1252.0,1494.0,bounded_sample,200000,false
attack_type_DoS_SYN,attack_type,ipv4_ratio,4,1766923,0,0,1766923,0.32,1.0,0.9999110317767101,0.003324759660466535,1.0,1.0,1.0,1.0,1.0,bounded_sample,200000,false
attack_type_DoS_SYN,attack_type,ipv6_ratio,4,1766923,0,1766532,391,0.0,0.24,1.0141924690549617e-05,0.0007718388542522081,0.0,0.0,0.0,0.0,0.0,bounded_sample,200000,false
attack_type_DoS_SYN,attack_type,arp_ratio,4,1766923,0,1764808,2115,0.0,0.68,7.780757848531036e-05,0.0031807003257907033,0.0,0.0,0.0,0.0,0.0,bounded_sample,200000,false
attack_type_DoS_SYN,attack_type,llc_ratio,4,1766923,0,1766892,31,0.0,0.16,8.149760912048799e-07,0.00022112869846825303,0.0,0.0,0.0,0.0,0.0,bounded_sample,200000,false
attack_type_DoS_SYN,attack_type,other_protocol_ratio,4,1766923,0,1766914,9,0.0,0.04,2.0374402280121998e-07,9.027579631563477e-05,0.0,0.0,0.0,0.0,0.0,bounded_sample,200000,false
attack_type_DoS_SYN,attack_type,tcp_ratio,4,1766923,0,208,1766715,0.0,1.0,0.997096692951532,0.021809034992735638,0.92,1.0,1.0,1.0,1.0,bounded_sample,200000,false
attack_type_DoS_SYN,attack_type,udp_ratio,4,1766923,0,1680731,86192,0.0,1.0,0.002809448968630779,0.02136230713262561,0.0,0.0,0.04,0.08,0.36,bounded_sample,200000,false
attack_type_DoS_SYN,attack_type,icmp_ratio,4,1766923,0,1766748,175,0.0,0.64,1.1522856400646773e-05,0.0016500887543992584,0.0,0.0,0.0,0.0,0.0,bounded_sample,200000,false
attack_type_DoS_SYN,attack_type,icmpv6_ratio,4,1766923,0,1766852,71,0.0,0.16,2.060078452767891e-06,0.00036731400139483855,0.0,0.0,0.0,0.0,0.0,bounded_sample,200000,false
attack_type_DoS_SYN,attack_type,igmp_ratio,4,1766923,0,1766875,48,0.0,0.12,1.448846384364231e-06,0.000309812804461476,0.0,0.0,0.0,0.0,0.0,bounded_sample,200000,false
attack_type_DoS_SYN,attack_type,tcp_syn_ratio,4,1766923,0,57528,1709395,0.0,1.0,0.8521212877070702,0.2592166227928343,0.0,0.72,1.0,1.0,1.0,bounded_sample,200000,false
attack_type_DoS_SYN,attack_type,tcp_ack_ratio,4,1766923,0,1222614,544309,0.0,1.0,0.15428043689086218,0.29221063143293186,0.0,0.20833333333333334,1.0,1.0,1.0,bounded_sample,200000,false
attack_type_DoS_SYN,attack_type,tcp_fin_ratio,4,1766923,0,1766431,492,0.0,1.0,1.4161292374749152e-05,0.0014530296085328363,0.0,0.0,0.0,0.0,0.0,bounded_sample,200000,false
attack_type_DoS_SYN,attack_type,tcp_rst_ratio,4,1766923,0,1170339,596584,0.0,1.0,0.14096317006218928,0.254058870152,0.0,0.28,1.0,1.0,1.0,bounded_sample,200000,false
attack_type_DoS_SYN,attack_type,tcp_psh_ratio,4,1766923,0,1753602,13321,0.0,1.0,0.0010093276577513726,0.016908317137453784,0.0,0.0,0.0,0.0,0.24,bounded_sample,200000,false
attack_type_DoS_SYN,attack_type,tcp_urg_ratio,4,1766923,0,1766923,0,0.0,0.0,0.0,0.0,0.0,0.0,0.0,0.0,0.0,bounded_sample,200000,true
attack_type_DoS_SYN,attack_type,unique_ip_count,4,1766923,0,0,1766923,2.0,23.0,2.1097133265003634,0.5091869563612406,2.0,2.0,3.0,3.0,7.0,bounded_sample,200000,false
attack_type_DoS_SYN,attack_type,unique_port_count,4,1766923,0,0,1766923,2.0,29.0,25.928489809686106,1.3201202253055477,23.0,26.0,27.0,27.0,28.0,bounded_sample,200000,false
attack_type_DoS_TCP,attack_type,window_span_seconds,4,1520960,0,7,1520953,0.0,2.009934902191162,0.002176716000581575,0.027389694000772697,4.9114227294921875e-05,0.0008211135864257812,0.017657136917114236,0.03903340339660666,0.10050419473648574,bounded_sample,200000,false
attack_type_DoS_TCP,attack_type,iat_mean_seconds,4,1520960,0,7,1520953,0.0,0.08374728759129842,9.069992646050367e-05,0.0011412371856043446,2.0464261372884116e-06,3.425280253092448e-05,0.0007365862528483069,0.0016350074609120708,0.004208336979150786,bounded_sample,200000,false
attack_type_DoS_TCP,attack_type,iat_std_seconds,4,1520960,0,7,1520953,0.0,0.2776850339793014,0.0003142002310524325,0.0033264133510319286,5.110557143510696e-06,7.857066272898722e-05,0.0033226861825764154,0.0070749587146429664,0.017860052705516757,bounded_sample,200000,false
attack_type_DoS_TCP,attack_type,iat_p50_seconds,4,1520960,0,169167,1351793,0.0,0.02008056640625,2.018189225827873e-06,7.443778076948695e-05,0.0,1.5497207641601562e-06,2.9802322387695312e-06,4.5299530029296875e-06,3.349781036376953e-05,bounded_sample,200000,false
attack_type_DoS_TCP,attack_type,iat_p95_seconds,4,1520960,0,62,1520898,0.0,0.8507920622825601,0.00031194302296728743,0.007466510579230938,2.956390380859373e-06,0.00010702610015869135,0.00039728939533233577,0.006499020576477038,0.023901617074013618,bounded_sample,200000,false
attack_type_DoS_TCP,attack_type,frame_length_mean,4,1520960,0,0,1520960,55.68,1494.0,63.633716652640445,51.97768582999253,60.0,60.0,60.0,95.0,1320.0805600000103,bounded_sample,200000,false
attack_type_DoS_TCP,attack_type,frame_length_std,4,1520960,0,1456284,64676,0.0,726.4181671737018,4.48220767030366,46.10762124226235,0.0,0.0,0.0,150.3006906171758,708.8405586589976,bounded_sample,200000,false
attack_type_DoS_TCP,attack_type,frame_length_min,4,1520960,0,0,1520960,42.0,1494.0,60.22597569955818,17.492103996817274,60.0,60.0,60.0,60.0,66.0,bounded_sample,200000,false
attack_type_DoS_TCP,attack_type,frame_length_max,4,1520960,0,0,1520960,60.0,1514.0,73.9635631443299,121.75459486517484,60.0,60.0,60.0,932.0,1494.0,bounded_sample,200000,false
attack_type_DoS_TCP,attack_type,ipv4_ratio,4,1520960,0,0,1520960,0.28,1.0,0.9999154218388385,0.003392297049474465,1.0,1.0,1.0,1.0,1.0,bounded_sample,200000,false
attack_type_DoS_TCP,attack_type,ipv6_ratio,4,1520960,0,1520655,305,0.0,0.32,8.96802019776983e-06,0.0007127550223527978,0.0,0.0,0.0,0.0,0.0,bounded_sample,200000,false
attack_type_DoS_TCP,attack_type,arp_ratio,4,1520960,0,1519504,1456,0.0,0.72,7.468966968230591e-05,0.003276110866963573,0.0,0.0,0.0,0.0,0.04,bounded_sample,200000,false
attack_type_DoS_TCP,attack_type,llc_ratio,4,1520960,0,1520942,18,0.0,0.28,6.311803071744162e-07,0.00026349465915005867,0.0,0.0,0.0,0.0,0.0,bounded_sample,200000,false
attack_type_DoS_TCP,attack_type,other_protocol_ratio,4,1520960,0,1520949,11,0.0,0.04,2.8929097412160736e-07,0.00010757116377355315,0.0,0.0,0.0,0.0,0.0,bounded_sample,200000,false
attack_type_DoS_TCP,attack_type,tcp_ratio,4,1520960,0,64,1520896,0.0,1.0,0.9986279455081002,0.014533617219539375,1.0,1.0,1.0,1.0,1.0,bounded_sample,200000,false
attack_type_DoS_TCP,attack_type,udp_ratio,4,1520960,0,1486605,34355,0.0,1.0,0.0012821638964864296,0.013906236258930414,0.0,0.0,0.0,0.0,0.04,bounded_sample,200000,false
attack_type_DoS_TCP,attack_type,icmp_ratio,4,1520960,0,1520726,234,0.0,0.64,1.2781401220281925e-05,0.001474178017343932,0.0,0.0,0.0,0.0,0.0,bounded_sample,200000,false
attack_type_DoS_TCP,attack_type,icmpv6_ratio,4,1520960,0,1520932,28,0.0,0.16,9.73069640227225e-07,0.00026941564256838013,0.0,0.0,0.0,0.0,0.0,bounded_sample,200000,false
attack_type_DoS_TCP,attack_type,igmp_ratio,4,1520960,0,1520948,12,0.0,0.16,5.259835893120135e-07,0.00021997775696185515,0.0,0.0,0.0,0.0,0.0,bounded_sample,200000,false
attack_type_DoS_TCP,attack_type,tcp_syn_ratio,4,1520960,0,1519966,994,0.0,0.24,2.920945550828818e-05,0.0012341147828187492,0.0,0.0,0.0,0.0,0.04,bounded_sample,200000,false
attack_type_DoS_TCP,attack_type,tcp_ack_ratio,4,1520960,0,1487659,33301,0.0,1.0,0.005734402992009078,0.05885367188629282,0.0,0.0,0.0,0.44,1.0,bounded_sample,200000,false
attack_type_DoS_TCP,attack_type,tcp_fin_ratio,4,1520960,0,1520413,547,0.0,0.2,1.654360148630201e-05,0.0009564389905639203,0.0,0.0,0.0,0.0,0.04,bounded_sample,200000,false
attack_type_DoS_TCP,attack_type,tcp_rst_ratio,4,1520960,0,1520756,204,0.0,0.9565217391304348,1.2505842313724073e-05,0.0020415498713321186,0.0,0.0,0.0,0.0,0.0,bounded_sample,200000,false
attack_type_DoS_TCP,attack_type,tcp_psh_ratio,4,1520960,0,1507946,13014,0.0,1.0,0.0011465986073220882,0.018391687170603483,0.0,0.0,0.0,0.04,0.4,bounded_sample,200000,false
attack_type_DoS_TCP,attack_type,tcp_urg_ratio,4,1520960,0,1520960,0,0.0,0.0,0.0,0.0,0.0,0.0,0.0,0.0,0.0,bounded_sample,200000,true
attack_type_DoS_TCP,attack_type,unique_ip_count,4,1520960,0,0,1520960,2.0,22.0,2.0781407795076796,0.49093403922004525,2.0,2.0,2.0,4.0,10.0,bounded_sample,200000,false
attack_type_DoS_TCP,attack_type,unique_port_count,4,1520960,0,0,1520960,2.0,29.0,25.935158715548074,1.1693727379481962,21.0,26.0,26.0,27.0,27.0,bounded_sample,200000,false
attack_type_DoS_UDP,attack_type,window_span_seconds,4,2266865,0,0,2266865,1.811981201171875e-05,2.0119709968566895,0.0022328439539788434,0.03230183884696069,0.00014710426330566406,0.0008029937744140625,0.0028457760810852023,0.005248796939849865,0.02033402228355439,bounded_sample,200000,false
attack_type_DoS_UDP,attack_type,iat_mean_seconds,4,2266865,0,0,2266865,7.549921671549479e-07,0.08383212486902873,9.303518057364357e-05,0.0013459099523422714,6.20881716410319e-06,3.345807393391927e-05,0.00011771122614542597,0.00021599769592285195,0.0007878767251968874,bounded_sample,200000,false
attack_type_DoS_UDP,attack_type,iat_std_seconds,4,2266865,0,0,2266865,1.8715974462491167e-06,0.2775329417767215,0.0003109958316421214,0.00456701550335675,1.756178378087938e-05,7.44991998248454e-05,0.0004149942152646483,0.0008792430622234843,0.002934955028161973,bounded_sample,200000,false
attack_type_DoS_UDP,attack_type,iat_p50_seconds,4,2266865,0,1225691,1041174,0.0,0.03763854503631592,1.3728598593262487e-06,9.191499719554515e-05,0.0,0.0,9.5367431640625e-07,1.9073486328125e-06,2.9087424278265855e-05,bounded_sample,200000,false
attack_type_DoS_UDP,attack_type,iat_p95_seconds,4,2266865,0,15,2266850,0.0,0.8509221911430338,0.00041894975668293696,0.010725060825301943,2.092123031616209e-05,0.00017435550689697237,0.00030506849288940385,0.00097976112365723,0.004668375313282166,bounded_sample,200000,false
attack_type_DoS_UDP,attack_type,frame_length_mean,4,2266865,0,0,2266865,54.96,1514.0,64.88681353322762,61.69716965050004,60.0,60.0,66.56,136.6024000000022,863.04,bounded_sample,200000,false
attack_type_DoS_UDP,attack_type,frame_length_std,4,2266865,0,2073627,193238,0.0,726.4181671737018,5.7800544157093245,50.18758229607164,0.0,0.0,32.13730542531529,274.08224324015885,688.3200000000002,bounded_sample,200000,false
attack_type_DoS_UDP,attack_type,frame_length_min,4,2266865,0,0,2266865,42.0,1514.0,60.9930150229502,36.92911974124159,60.0,60.0,60.0,60.0,60.0,bounded_sample,200000,false
attack_type_DoS_UDP,attack_type,frame_length_max,4,2266865,0,0,2266865,60.0,1514.0,79.41655590429953,139.43942630666336,60.0,60.0,224.0,1252.0,1494.0,bounded_sample,200000,false
attack_type_DoS_UDP,attack_type,ipv4_ratio,4,2266865,0,0,2266865,0.32,1.0,0.9998998617032776,0.0034298346380001402,1.0,1.0,1.0,1.0,1.0,bounded_sample,200000,false
attack_type_DoS_UDP,attack_type,ipv6_ratio,4,2266865,0,2266366,499,0.0,0.32,9.51093249928867e-06,0.0006922150859696957,0.0,0.0,0.0,0.0,0.0,bounded_sample,200000,false
attack_type_DoS_UDP,attack_type,arp_ratio,4,2266865,0,2263735,3130,0.0,0.52,8.801582802681236e-05,0.0032669145132625727,0.0,0.0,0.0,0.0,0.0,bounded_sample,200000,false
attack_type_DoS_UDP,attack_type,llc_ratio,4,2266865,0,2266768,97,0.0,0.68,2.3468534738504495e-06,0.0006281307221614809,0.0,0.0,0.0,0.0,0.0,bounded_sample,200000,false
attack_type_DoS_UDP,attack_type,other_protocol_ratio,4,2266865,0,2266850,15,0.0,0.04,2.646827226147124e-07,0.00010289430911204393,0.0,0.0,0.0,0.0,0.0,bounded_sample,200000,false
attack_type_DoS_UDP,attack_type,tcp_ratio,4,2266865,0,2207928,58937,0.0,1.0,0.006441159927918071,0.05991081312257179,0.0,0.0,0.0,0.12,0.56,bounded_sample,200000,false
attack_type_DoS_UDP,attack_type,udp_ratio,4,2266865,0,5329,2261536,0.0,1.0,0.9870359461194204,0.07949940398909658,0.84,1.0,1.0,1.0,1.0,bounded_sample,200000,false
attack_type_DoS_UDP,attack_type,icmp_ratio,4,2266865,0,2205838,61027,0.0,1.0,0.006430219708716664,0.051278533404704486,0.0,0.0,0.0,0.0,0.2,bounded_sample,200000,false
attack_type_DoS_UDP,attack_type,icmpv6_ratio,4,2266865,0,2266788,77,0.0,0.2,1.6410328802112167e-06,0.00031321936326948155,0.0,0.0,0.0,0.0,0.0,bounded_sample,200000,false
attack_type_DoS_UDP,attack_type,igmp_ratio,4,2266865,0,2266848,17,0.0,0.2,4.0584684134255884e-07,0.00018213567247902132,0.0,0.0,0.0,0.0,0.0,bounded_sample,200000,false
attack_type_DoS_UDP,attack_type,tcp_syn_ratio,4,2266865,0,2265550,1315,0.0,1.0,0.0004939098169723452,0.02191247582774689,0.0,0.0,0.0,0.0,0.0,bounded_sample,200000,false
attack_type_DoS_UDP,attack_type,tcp_ack_ratio,4,2266865,0,2208578,58287,0.0,1.0,0.02569016397507608,0.15816973388535494,0.0,0.0,0.0,1.0,1.0,bounded_sample,200000,false
attack_type_DoS_UDP,attack_type,tcp_fin_ratio,4,2266865,0,2266134,731,0.0,1.0,0.0002084360913225644,0.01348948013646814,0.0,0.0,0.0,0.0,0.0,bounded_sample,200000,false
attack_type_DoS_UDP,attack_type,tcp_rst_ratio,4,2266865,0,2266490,375,0.0,1.0,0.000131837444195022,0.011075108392938227,0.0,0.0,0.0,0.0,0.0,bounded_sample,200000,false
attack_type_DoS_UDP,attack_type,tcp_psh_ratio,4,2266865,0,2246487,20378,0.0,1.0,0.005528495917289859,0.06474394620941128,0.0,0.0,0.0,0.0,1.0,bounded_sample,200000,false
attack_type_DoS_UDP,attack_type,tcp_urg_ratio,4,2266865,0,2266865,0,0.0,0.0,0.0,0.0,0.0,0.0,0.0,0.0,0.0,bounded_sample,200000,true
attack_type_DoS_UDP,attack_type,unique_ip_count,4,2266865,0,0,2266865,2.0,24.0,2.0996362818253407,0.48991611523152256,2.0,2.0,3.0,4.0,6.0,bounded_sample,200000,false
attack_type_DoS_UDP,attack_type,unique_port_count,4,2266865,0,951,2265914,0.0,27.0,2.1889102350603142,0.7275684399256613,2.0,2.0,4.0,4.0,8.0,bounded_sample,200000,false
attack_type_MQTT_DDoS_Connect_Flood,attack_type,window_span_seconds,1,691837,0,3112,688725,0.0,1.537363052368164,0.000743084057021875,0.003458531962910805,1.5974044799804688e-05,0.0004410743713378906,0.0025310516357421875,0.004871139526367196,0.008865122795105068,bounded_sample,200000,false
attack_type_MQTT_DDoS_Connect_Flood,attack_type,iat_mean_seconds,1,691837,0,3114,688723,0.0,0.06405679384867351,3.0972030835134326e-05,0.0001441046618584343,7.549921671549479e-07,1.8417835235595703e-05,0.00010541131099065133,0.00020329157511393228,0.0003707508643468229,bounded_sample,200000,false
attack_type_MQTT_DDoS_Connect_Flood,attack_type,iat_std_seconds,1,691837,0,3114,688723,0.0,0.12433966486103835,0.00010710205507225576,0.0003277648388563199,2.093599183362444e-06,5.068118713174417e-05,0.00040533945732755793,0.0008002931396529924,0.0014659302340022675,bounded_sample,200000,false
attack_type_MQTT_DDoS_Connect_Flood,attack_type,iat_p50_seconds,1,691837,0,341060,350777,0.0,0.008845925331115723,8.022642153609108e-07,1.0854806165306668e-05,0.0,9.5367431640625e-07,2.5033950805664062e-06,3.4570693969726562e-06,1.2516975402832031e-05,bounded_sample,200000,false
attack_type_MQTT_DDoS_Connect_Flood,attack_type,iat_p95_seconds,1,691837,0,33437,658400,0.0,0.30949182510375955,0.00012006143057090467,0.0006631080715652636,0.0,7.182359695434557e-05,0.0003556501865386952,0.0010453809499740676,0.0020453225374221957,bounded_sample,200000,false
attack_type_MQTT_DDoS_Connect_Flood,attack_type,frame_length_mean,1,691837,0,0,691837,60.0,1494.0,69.22228131770923,19.78441199119807,62.16,68.64,73.36,75.32,468.5600800000015,bounded_sample,200000,false
attack_type_MQTT_DDoS_Connect_Flood,attack_type,frame_length_std,1,691837,0,2990,688847,0.0,718.4080177726305,6.4523910139698515,20.884452895958326,1.70833252032501,5.799862067325396,8.49884698062037,9.482281581922816,609.3070597494394,bounded_sample,200000,false
attack_type_MQTT_DDoS_Connect_Flood,attack_type,frame_length_min,1,691837,0,0,691837,42.0,1494.0,62.49304388172359,6.534130605462157,60.0,60.0,66.0,66.0,66.0,bounded_sample,200000,false
attack_type_MQTT_DDoS_Connect_Flood,attack_type,frame_length_max,1,691837,0,0,691837,60.0,1514.0,82.60443428148538,55.28209085003713,66.0,83.0,83.0,83.0,1494.0,bounded_sample,200000,false
attack_type_MQTT_DDoS_Connect_Flood,attack_type,ipv4_ratio,1,691837,0,0,691837,0.64,1.0,0.9999771044335589,0.0016391503883210381,1.0,1.0,1.0,1.0,1.0,bounded_sample,200000,false
attack_type_MQTT_DDoS_Connect_Flood,attack_type,ipv6_ratio,1,691837,0,691788,49,0.0,0.04,2.8330372616671276e-06,0.00033662065350563246,0.0,0.0,0.0,0.0,0.0,bounded_sample,200000,false
attack_type_MQTT_DDoS_Connect_Flood,attack_type,arp_ratio,1,691837,0,691670,167,0.0,0.36,2.000471209258828e-05,0.001603528559160756,0.0,0.0,0.0,0.0,0.0,bounded_sample,200000,false
attack_type_MQTT_DDoS_Connect_Flood,attack_type,llc_ratio,1,691837,0,691837,0,0.0,0.0,0.0,0.0,0.0,0.0,0.0,0.0,0.0,bounded_sample,200000,true
attack_type_MQTT_DDoS_Connect_Flood,attack_type,other_protocol_ratio,1,691837,0,691836,1,0.0,0.04,5.781708697279851e-08,4.8090333083649924e-05,0.0,0.0,0.0,0.0,0.0,bounded_sample,200000,false
attack_type_MQTT_DDoS_Connect_Flood,attack_type,tcp_ratio,1,691837,0,0,691837,0.64,1.0,0.9999492365976381,0.0019833331434957534,1.0,1.0,1.0,1.0,1.0,bounded_sample,200000,false
attack_type_MQTT_DDoS_Connect_Flood,attack_type,udp_ratio,1,691837,0,691329,508,0.0,0.12,3.0643056095583214e-05,0.0011537619715376306,0.0,0.0,0.0,0.0,0.0,bounded_sample,200000,false
attack_type_MQTT_DDoS_Connect_Flood,attack_type,icmp_ratio,1,691837,0,691837,0,0.0,0.0,0.0,0.0,0.0,0.0,0.0,0.0,0.0,bounded_sample,200000,true
attack_type_MQTT_DDoS_Connect_Flood,attack_type,icmpv6_ratio,1,691837,0,691836,1,0.0,0.04,5.781708697279851e-08,4.809033308364993e-05,0.0,0.0,0.0,0.0,0.0,bounded_sample,200000,false
attack_type_MQTT_DDoS_Connect_Flood,attack_type,igmp_ratio,1,691837,0,691837,0,0.0,0.0,0.0,0.0,0.0,0.0,0.0,0.0,0.0,bounded_sample,200000,true
attack_type_MQTT_DDoS_Connect_Flood,attack_type,tcp_syn_ratio,1,691837,0,63469,628368,0.0,1.0,0.201793830087995,0.16580702250645327,0.0,0.16,0.52,0.72,0.88,bounded_sample,200000,false
attack_type_MQTT_DDoS_Connect_Flood,attack_type,tcp_ack_ratio,1,691837,0,1858,689979,0.0,1.0,0.7177864340441085,0.24472447472712885,0.12,0.76,1.0,1.0,1.0,bounded_sample,200000,false
attack_type_MQTT_DDoS_Connect_Flood,attack_type,tcp_fin_ratio,1,691837,0,36166,655671,0.0,1.0,0.19823264330045695,0.14476621512898286,0.0,0.16,0.44,0.72,1.0,bounded_sample,200000,false
attack_type_MQTT_DDoS_Connect_Flood,attack_type,tcp_rst_ratio,1,691837,0,261871,429966,0.0,1.0,0.18789894496298915,0.2159014556903457,0.0,0.12,0.6,0.8,1.0,bounded_sample,200000,false
attack_type_MQTT_DDoS_Connect_Flood,attack_type,tcp_psh_ratio,1,691837,0,36277,655560,0.0,1.0,0.19947985738911914,0.13123622742527463,0.0,0.2,0.44,0.6,0.88,bounded_sample,200000,false
attack_type_MQTT_DDoS_Connect_Flood,attack_type,tcp_urg_ratio,1,691837,0,691837,0,0.0,0.0,0.0,0.0,0.0,0.0,0.0,0.0,0.0,bounded_sample,200000,true
attack_type_MQTT_DDoS_Connect_Flood,attack_type,unique_ip_count,1,691837,0,0,691837,2.0,18.0,3.1124788064240567,0.8989122744356249,2.0,3.0,5.0,5.0,7.0,bounded_sample,200000,false
attack_type_MQTT_DDoS_Connect_Flood,attack_type,unique_port_count,1,691837,0,0,691837,2.0,28.0,22.580224821742696,2.6027722000656333,15.0,23.0,26.0,26.0,26.0,bounded_sample,200000,false
attack_type_MQTT_DDoS_Publish_Flood,attack_type,window_span_seconds,1,110171,0,26,110145,0.0,1.872931957244873,0.0045846445188169075,0.024415155319081422,0.00014901161193847656,0.003103017807006836,0.010750055313110352,0.017277002334594747,0.038103280067448037,exact,110171,false
attack_type_MQTT_DDoS_Publish_Flood,attack_type,iat_mean_seconds,1,110171,0,26,110145,0.0,0.0780388315518697,0.000191030055350775,0.001017297877472721,6.24855359395345e-06,0.00012929240862528482,0.00044791897137959796,0.0007198750972747811,0.0015876366694770015,exact,110171,false
attack_type_MQTT_DDoS_Publish_Flood,attack_type,iat_std_seconds,1,110171,0,26,110145,0.0,0.15514747330895967,0.0004560843204306518,0.002315535855327226,1.6184106687701238e-05,0.0002554110609344454,0.0012665746746017127,0.002137348636643806,0.004706750778638984,exact,110171,false
attack_type_MQTT_DDoS_Publish_Flood,attack_type,iat_p50_seconds,1,110171,0,28962,81209,0.0,0.01412510871887207,3.2811832430575406e-05,9.213407358193557e-05,0.0,2.5033950805664062e-06,0.0001519918441772461,0.0001779794692993164,0.0002489268779754736,exact,110171,false
attack_type_MQTT_DDoS_Publish_Flood,attack_type,iat_p95_seconds,1,110171,0,437,109734,0.0,0.4395544409751889,0.0008282789164004712,0.005127113686829176,1.6169548034667954e-05,0.0003631353378295897,0.0022077441215515104,0.004025716781616205,0.008526468396186877,exact,110171,false
attack_type_MQTT_DDoS_Publish_Flood,attack_type,frame_length_mean,1,110171,0,0,110171,58.56,1514.0,548.9378290112643,374.2605654433538,60.56,510.88,1226.2,1364.5720000000001,1474.7644000000112,exact,110171,false
attack_type_MQTT_DDoS_Publish_Flood,attack_type,frame_length_std,1,110171,0,948,109223,0.0,726.4181671737018,448.86272603983207,237.67116412288306,1.1757550765359255,545.6659725509735,691.730463114066,713.733626429021,725.5765075812765,exact,110171,false
attack_type_MQTT_DDoS_Publish_Flood,attack_type,frame_length_min,1,110171,0,0,110171,42.0,1514.0,80.91160105653938,106.22708057142572,60.0,60.0,144.0,767.0,876.0,exact,110171,false
attack_type_MQTT_DDoS_Publish_Flood,attack_type,frame_length_max,1,110171,0,0,110171,60.0,1514.0,1239.8428896896644,542.5296342679738,66.0,1514.0,1514.0,1514.0,1514.0,exact,110171,false
attack_type_MQTT_DDoS_Publish_Flood,attack_type,ipv4_ratio,1,110171,0,0,110171,0.44,1.0,0.9998950722059344,0.004247461312447146,1.0,1.0,1.0,1.0,1.0,exact,110171,false
attack_type_MQTT_DDoS_Publish_Flood,attack_type,ipv6_ratio,1,110171,0,110133,38,0.0,0.04,1.3796734167793702e-05,0.0007427509790219406,0.0,0.0,0.0,0.0,0.0,exact,110171,false
attack_type_MQTT_DDoS_Publish_Flood,attack_type,arp_ratio,1,110171,0,110071,100,0.0,0.56,9.040491599422716e-05,0.004178857412141783,0.0,0.0,0.0,0.0,0.0,exact,110171,false
attack_type_MQTT_DDoS_Publish_Flood,attack_type,llc_ratio,1,110171,0,110171,0,0.0,0.0,0.0,0.0,0.0,0.0,0.0,0.0,0.0,exact,110171,true
attack_type_MQTT_DDoS_Publish_Flood,attack_type,other_protocol_ratio,1,110171,0,110169,2,0.0,0.04,7.261439035680896e-07,0.00017042660842061868,0.0,0.0,0.0,0.0,0.0,exact,110171,false
attack_type_MQTT_DDoS_Publish_Flood,attack_type,tcp_ratio,1,110171,0,0,110171,0.4,1.0,0.9997302375398244,0.005208510232565611,1.0,1.0,1.0,1.0,1.0,exact,110171,false
attack_type_MQTT_DDoS_Publish_Flood,attack_type,udp_ratio,1,110171,0,109721,450,0.0,0.16,0.00017863140027775005,0.0029316685346784544,0.0,0.0,0.0,0.0,0.039999999999999994,exact,110171,false
attack_type_MQTT_DDoS_Publish_Flood,attack_type,icmp_ratio,1,110171,0,110171,0,0.0,0.0,0.0,0.0,0.0,0.0,0.0,0.0,0.0,exact,110171,true
attack_type_MQTT_DDoS_Publish_Flood,attack_type,icmpv6_ratio,1,110171,0,110171,0,0.0,0.0,0.0,0.0,0.0,0.0,0.0,0.0,0.0,exact,110171,true
attack_type_MQTT_DDoS_Publish_Flood,attack_type,igmp_ratio,1,110171,0,110171,0,0.0,0.0,0.0,0.0,0.0,0.0,0.0,0.0,0.0,exact,110171,true
attack_type_MQTT_DDoS_Publish_Flood,attack_type,tcp_syn_ratio,1,110171,0,67781,42390,0.0,1.0,0.04922782071807784,0.09474280805633079,0.0,0.0,0.24,0.43999999999999995,0.72,exact,110171,false
attack_type_MQTT_DDoS_Publish_Flood,attack_type,tcp_ack_ratio,1,110171,0,570,109601,0.0,1.0,0.7285133144461008,0.24706328077722822,0.08,0.76,1.0,1.0,1.0,exact,110171,false
attack_type_MQTT_DDoS_Publish_Flood,attack_type,tcp_fin_ratio,1,110171,0,89314,20857,0.0,0.72,0.017386424371011282,0.04738701586043284,0.0,0.0,0.12,0.24,0.4,exact,110171,false
attack_type_MQTT_DDoS_Publish_Flood,attack_type,tcp_rst_ratio,1,110171,0,28862,81309,0.0,1.0,0.2491856242788847,0.24755671565393872,0.0,0.2,0.76,0.92,1.0,exact,110171,false
attack_type_MQTT_DDoS_Publish_Flood,attack_type,tcp_psh_ratio,1,110171,0,7053,103118,0.0,1.0,0.3691242064621857,0.23191368121138412,0.0,0.36,0.76,0.96,1.0,exact,110171,false
attack_type_MQTT_DDoS_Publish_Flood,attack_type,tcp_urg_ratio,1,110171,0,110171,0,0.0,0.0,0.0,0.0,0.0,0.0,0.0,0.0,0.0,exact,110171,true
attack_type_MQTT_DDoS_Publish_Flood,attack_type,unique_ip_count,1,110171,0,0,110171,2.0,17.0,3.121629103847655,0.9694396785388023,2.0,3.0,4.0,6.0,10.0,exact,110171,false
attack_type_MQTT_DDoS_Publish_Flood,attack_type,unique_port_count,1,110171,0,0,110171,2.0,27.0,13.74761053271732,4.082732718601737,5.0,13.0,21.0,24.0,26.0,exact,110171,false
attack_type_MQTT_DoS_Connect_Flood,attack_type,window_span_seconds,1,51077,0,107,50970,0.0,1.8865230083465576,0.007861291797172725,0.029908142436027824,2.8133392333984375e-05,0.0038690567016601562,0.01992144584655761,0.09270421981811501,0.278861604690554,exact,51077,false
attack_type_MQTT_DoS_Connect_Flood,attack_type,iat_mean_seconds,1,51077,0,107,50970,0.0,0.07860512534777324,0.00032756111097052945,0.0012461712789460675,1.2020270029703777e-06,0.0001612106959025065,0.0008300602436065672,0.003862675825754792,0.011619233528773082,exact,51077,false
attack_type_MQTT_DoS_Connect_Flood,attack_type,iat_std_seconds,1,51077,0,107,50970,0.0,0.18611160127438997,0.0009160319867043435,0.0038085073675435096,4.764230572494586e-06,0.0004433626648210827,0.001972216714832014,0.012516558785603841,0.040768629037850765,exact,51077,false
attack_type_MQTT_DoS_Connect_Flood,attack_type,iat_p50_seconds,1,51077,0,9912,41165,0.0,0.01117253303527832,8.651132761182287e-06,7.905730515718197e-05,0.0,2.1457672119140625e-06,3.0517578125e-05,0.0001035928726196289,0.0006310849189758308,exact,51077,false
attack_type_MQTT_DoS_Connect_Flood,attack_type,iat_p95_seconds,1,51077,0,966,50111,0.0,0.5193604469299309,0.0014947379846940872,0.0059369286910364374,0.0,0.0009295344352722164,0.003909137248992911,0.01155300235748288,0.05184076852798505,exact,51077,false
attack_type_MQTT_DoS_Connect_Flood,attack_type,frame_length_mean,1,51077,0,0,51077,60.0,310.52,70.14307418211719,3.911109662819842,64.16,70.0,74.16,77.72,105.16,exact,51077,false
attack_type_MQTT_DoS_Connect_Flood,attack_type,frame_length_std,1,51077,0,62,51015,0.0,477.4619130360033,6.440130074632983,10.370384639315967,2.3671346953381955,5.70697818464378,8.00179975757852,34.221361713801336,169.82823719556703,exact,51077,false
attack_type_MQTT_DoS_Connect_Flood,attack_type,frame_length_min,1,51077,0,0,51077,42.0,74.0,63.217181901834486,3.074181241895825,60.0,66.0,66.0,66.0,66.0,exact,51077,false
attack_type_MQTT_DoS_Connect_Flood,attack_type,frame_length_max,1,51077,0,0,51077,60.0,1474.0,85.90573056365879,48.701790749407884,70.0,83.0,83.0,243.0,935.0,exact,51077,false
attack_type_MQTT_DoS_Connect_Flood,attack_type,ipv4_ratio,1,51077,0,0,51077,0.68,1.0,0.9997901207980108,0.005143648085596115,1.0,1.0,1.0,1.0,1.0,exact,51077,false
attack_type_MQTT_DoS_Connect_Flood,attack_type,ipv6_ratio,1,51077,0,51036,41,0.0,0.12,3.524091078176087e-05,0.001312115486441657,0.0,0.0,0.0,0.0,0.0,exact,51077,false
attack_type_MQTT_DoS_Connect_Flood,attack_type,arp_ratio,1,51077,0,50981,96,0.0,0.32,0.00017463829120739277,0.004962104028278997,0.0,0.0,0.0,0.0,0.07999999999999999,exact,51077,false
attack_type_MQTT_DoS_Connect_Flood,attack_type,llc_ratio,1,51077,0,51077,0,0.0,0.0,0.0,0.0,0.0,0.0,0.0,0.0,0.0,exact,51077,true
attack_type_MQTT_DoS_Connect_Flood,attack_type,other_protocol_ratio,1,51077,0,51077,0,0.0,0.0,0.0,0.0,0.0,0.0,0.0,0.0,0.0,exact,51077,true
attack_type_MQTT_DoS_Connect_Flood,attack_type,tcp_ratio,1,51077,0,0,51077,0.68,1.0,0.9995042778550033,0.006548979642038531,1.0,1.0,1.0,1.0,1.0,exact,51077,false
attack_type_MQTT_DoS_Connect_Flood,attack_type,udp_ratio,1,51077,0,50712,365,0.0,0.16,0.0003124694089316131,0.003933321004000713,0.0,0.0,0.0,0.0,0.039999999999999994,exact,51077,false
attack_type_MQTT_DoS_Connect_Flood,attack_type,icmp_ratio,1,51077,0,51077,0,0.0,0.0,0.0,0.0,0.0,0.0,0.0,0.0,0.0,exact,51077,true
attack_type_MQTT_DoS_Connect_Flood,attack_type,icmpv6_ratio,1,51077,0,51073,4,0.0,0.12,4.698788104234783e-06,0.0006130913225035354,0.0,0.0,0.0,0.0,0.0,exact,51077,false
attack_type_MQTT_DoS_Connect_Flood,attack_type,igmp_ratio,1,51077,0,51074,3,0.0,0.12,3.915656753528986e-06,0.0005869944309299187,0.0,0.0,0.0,0.0,0.0,exact,51077,false
attack_type_MQTT_DoS_Connect_Flood,attack_type,tcp_syn_ratio,1,51077,0,1872,49205,0.0,1.0,0.23055505896458894,0.13068041724171622,0.0,0.24,0.44,0.6,0.9169600000002538,exact,51077,false
attack_type_MQTT_DoS_Connect_Flood,attack_type,tcp_ack_ratio,1,51077,0,22,51055,0.0,1.0,0.8112198534574506,0.1503239183345489,0.32,0.84,1.0,1.0,1.0,exact,51077,false
attack_type_MQTT_DoS_Connect_Flood,attack_type,tcp_fin_ratio,1,51077,0,14343,36734,0.0,1.0,0.0736839971778688,0.08783225533447787,0.0,0.04,0.24,0.4,0.72,exact,51077,false
attack_type_MQTT_DoS_Connect_Flood,attack_type,tcp_rst_ratio,1,51077,0,7764,43313,0.0,1.0,0.1508903524706975,0.12709167099968485,0.0,0.12,0.4,0.56,0.8,exact,51077,false
attack_type_MQTT_DoS_Connect_Flood,attack_type,tcp_psh_ratio,1,51077,0,1209,49868,0.0,1.0,0.23303798345981444,0.11418534866336562,0.0,0.24,0.4,0.52,0.72,exact,51077,false
attack_type_MQTT_DoS_Connect_Flood,attack_type,tcp_urg_ratio,1,51077,0,51077,0,0.0,0.0,0.0,0.0,0.0,0.0,0.0,0.0,0.0,exact,51077,true
attack_type_MQTT_DoS_Connect_Flood,attack_type,unique_ip_count,1,51077,0,0,51077,2.0,17.0,2.132388354836815,0.7392459146196999,2.0,2.0,3.0,6.0,11.0,exact,51077,false
attack_type_MQTT_DoS_Connect_Flood,attack_type,unique_port_count,1,51077,0,0,51077,7.0,28.0,21.765021438220725,2.877227517502283,13.0,22.0,26.0,26.0,26.0,exact,51077,false
attack_type_MQTT_DoS_Publish_Flood,attack_type,window_span_seconds,1,177263,0,502,176761,0.0,1.6368739604949951,0.002927421623021624,0.011058662428687228,2.288818359375e-05,0.0021109580993652344,0.008069992065429688,0.013397336006164579,0.02758915185928404,exact,177263,false
attack_type_MQTT_DoS_Publish_Flood,attack_type,iat_mean_seconds,1,177263,0,502,176761,0.0,0.06820308168729146,0.00012198478994633862,0.0004607764968427787,9.934107462565105e-07,8.796652158101399e-05,0.00033624966939290363,0.0005582223335901908,0.001149547994136835,exact,177263,false
attack_type_MQTT_DoS_Publish_Flood,attack_type,iat_std_seconds,1,177263,0,502,176761,0.0,0.15676189955537095,0.0003920030654726076,0.0011036658946633128,4.290922843704501e-06,0.00029486143193884547,0.0010890492265484798,0.0018979131640110853,0.0034793814515623484,exact,177263,false
attack_type_MQTT_DoS_Publish_Flood,attack_type,iat_p50_seconds,1,177263,0,60453,116810,0.0,0.008841991424560547,2.1074663444584422e-06,2.4266277005920535e-05,0.0,1.9073486328125e-06,5.0067901611328125e-06,1.5020370483398438e-05,0.00010063242912293491,exact,177263,false
attack_type_MQTT_DoS_Publish_Flood,attack_type,iat_p95_seconds,1,177263,0,5512,171751,0.0,0.5073046207427973,0.0005860984974034754,0.002822037265346093,0.0,0.00027635097503662107,0.00174578785896301,0.002935327768325803,0.007104189300537146,exact,177263,false
attack_type_MQTT_DoS_Publish_Flood,attack_type,frame_length_mean,1,177263,0,0,177263,60.0,1494.0,261.10201429514336,199.25132964385222,66.0,189.32,668.92,883.8400000000001,1151.28,exact,177263,false
attack_type_MQTT_DoS_Publish_Flood,attack_type,frame_length_std,1,177263,0,32241,145022,0.0,719.5365174888626,188.82217189425907,181.57942482311407,0.0,111.50012735418737,524.9158957394985,600.5736877276356,667.264567689147,exact,177263,false
attack_type_MQTT_DoS_Publish_Flood,attack_type,frame_length_min,1,177263,0,0,177263,42.0,1494.0,90.5948280238967,54.70423445064731,66.0,66.0,175.0,284.0,284.0,exact,177263,false
attack_type_MQTT_DoS_Publish_Flood,attack_type,frame_length_max,1,177263,0,0,177263,66.0,1514.0,717.0809136706475,582.9672733063082,66.0,502.0,1514.0,1514.0,1514.0,exact,177263,false
attack_type_MQTT_DoS_Publish_Flood,attack_type,ipv4_ratio,1,177263,0,0,177263,0.6,1.0,0.9999176365062082,0.0033377379454845495,1.0,1.0,1.0,1.0,1.0,exact,177263,false
attack_type_MQTT_DoS_Publish_Flood,attack_type,ipv6_ratio,1,177263,0,177219,44,0.0,0.04,9.92874993653498e-06,0.0006301201610693763,0.0,0.0,0.0,0.0,0.0,exact,177263,false
attack_type_MQTT_DoS_Publish_Flood,attack_type,arp_ratio,1,177263,0,177116,147,0.0,0.4,7.175778363223008e-05,0.003273820513092611,0.0,0.0,0.0,0.0,0.0,exact,177263,false
attack_type_MQTT_DoS_Publish_Flood,attack_type,llc_ratio,1,177263,0,177262,1,0.0,0.04,2.2565340764852226e-07,9.500571238867958e-05,0.0,0.0,0.0,0.0,0.0,exact,177263,false
attack_type_MQTT_DoS_Publish_Flood,attack_type,other_protocol_ratio,1,177263,0,177261,2,0.0,0.04,4.5130681529704447e-07,0.00013435798798002392,0.0,0.0,0.0,0.0,0.0,exact,177263,false
attack_type_MQTT_DoS_Publish_Flood,attack_type,tcp_ratio,1,177263,0,0,177263,0.6,1.0,0.99980999983076,0.004006054771577072,1.0,1.0,1.0,1.0,1.0,exact,177263,false
attack_type_MQTT_DoS_Publish_Flood,attack_type,udp_ratio,1,177263,0,176768,495,0.0,0.08,0.00011711411856958306,0.0022592263208231606,0.0,0.0,0.0,0.0,0.04,exact,177263,false
attack_type_MQTT_DoS_Publish_Flood,attack_type,icmp_ratio,1,177263,0,177263,0,0.0,0.0,0.0,0.0,0.0,0.0,0.0,0.0,0.0,exact,177263,true
attack_type_MQTT_DoS_Publish_Flood,attack_type,icmpv6_ratio,1,177263,0,177261,2,0.0,0.04,4.513068152970446e-07,0.0001343579879800239,0.0,0.0,0.0,0.0,0.0,exact,177263,false
attack_type_MQTT_DoS_Publish_Flood,attack_type,igmp_ratio,1,177263,0,177263,0,0.0,0.0,0.0,0.0,0.0,0.0,0.0,0.0,0.0,exact,177263,true
attack_type_MQTT_DoS_Publish_Flood,attack_type,tcp_syn_ratio,1,177263,0,177210,53,0.0,1.0,6.184865573114281e-05,0.006632586306436881,0.0,0.0,0.0,0.0,0.0,exact,177263,false
attack_type_MQTT_DoS_Publish_Flood,attack_type,tcp_ack_ratio,1,177263,0,3,177260,0.0,1.0,0.9999629732191102,0.005233121877342004,1.0,1.0,1.0,1.0,1.0,exact,177263,false
attack_type_MQTT_DoS_Publish_Flood,attack_type,tcp_fin_ratio,1,177263,0,177227,36,0.0,0.08,8.692561703330032e-06,0.000623578579317731,0.0,0.0,0.0,0.0,0.0,exact,177263,false
attack_type_MQTT_DoS_Publish_Flood,attack_type,tcp_rst_ratio,1,177263,0,177251,12,0.0,0.12,4.287414745321924e-06,0.000562046607304708,0.0,0.0,0.0,0.0,0.0,exact,177263,false
attack_type_MQTT_DoS_Publish_Flood,attack_type,tcp_psh_ratio,1,177263,0,27576,149687,0.0,1.0,0.5184330055217364,0.35081795889572004,0.0,0.56,1.0,1.0,1.0,exact,177263,false
attack_type_MQTT_DoS_Publish_Flood,attack_type,tcp_urg_ratio,1,177263,0,177263,0,0.0,0.0,0.0,0.0,0.0,0.0,0.0,0.0,0.0,exact,177263,true
attack_type_MQTT_DoS_Publish_Flood,attack_type,unique_ip_count,1,177263,0,0,177263,2.0,16.0,2.071221856789065,0.4942584208414751,2.0,2.0,2.0,4.0,8.0,exact,177263,false
attack_type_MQTT_DoS_Publish_Flood,attack_type,unique_port_count,1,177263,0,0,177263,2.0,28.0,22.795783666078087,3.2912831367435045,12.0,24.0,26.0,26.0,27.0,exact,177263,false
attack_type_MQTT_Malformed_Data,attack_type,window_span_seconds,1,2053,0,0,2053,0.0004150867462158203,2.000307083129883,0.20608469514340466,0.3770095047951839,0.0006430530548095703,0.011436939239501953,1.0007392406463622,1.3794082832336434,1.9582406368255776,exact,2053,false
attack_type_MQTT_Malformed_Data,attack_type,iat_mean_seconds,1,2053,0,0,2053,1.7295281092325847e-05,0.08334612846374512,0.008586862413773658,0.015708729306982024,2.6793877283732095e-05,0.00047653913497924805,0.0416974683602651,0.057475345134735144,0.0815933598677324,exact,2053,false
attack_type_MQTT_Malformed_Data,attack_type,iat_std_seconds,1,2053,0,0,2053,1.3236880410443313e-05,0.22457790898427873,0.025368099956603468,0.04816327323678236,3.6546996234780663e-05,0.0009869421591155933,0.15045524540681485,0.1838916882883536,0.21269825706177478,exact,2053,false
attack_type_MQTT_Malformed_Data,attack_type,iat_p50_seconds,1,2053,0,670,1383,0.0,0.030171871185302734,0.0002537228918284599,0.0012944321445298359,0.0,1.7523765563964844e-05,0.0007666826248168935,0.00575183391571045,0.016883481979370164,exact,2053,false
attack_type_MQTT_Malformed_Data,attack_type,iat_p95_seconds,1,2053,0,3,2050,0.0,0.6210458159446707,0.03481053874019985,0.07669220113719412,7.555484771728512e-05,0.0014843821525573702,0.19104162693023674,0.3575971350669854,0.6029630078792648,exact,2053,false
attack_type_MQTT_Malformed_Data,attack_type,frame_length_mean,1,2053,0,0,2053,66.0,1494.0,646.411807111544,540.2245529445944,66.0,522.96,1494.0,1494.0,1494.0,exact,2053,false
attack_type_MQTT_Malformed_Data,attack_type,frame_length_std,1,2053,0,337,1716,0.0,713.4285713370328,318.1356799058053,290.4748051044809,0.0,278.262034780169,708.8405586589977,713.4285713370328,713.4285713370328,exact,2053,false
attack_type_MQTT_Malformed_Data,attack_type,frame_length_min,1,2053,0,0,2053,42.0,1494.0,275.0043838285436,505.6624033165644,42.0,66.0,1494.0,1494.0,1494.0,exact,2053,false
attack_type_MQTT_Malformed_Data,attack_type,frame_length_max,1,2053,0,0,2053,66.0,1514.0,1092.769605455431,580.3488780676829,66.0,1494.0,1494.0,1514.0,1514.0,exact,2053,false
attack_type_MQTT_Malformed_Data,attack_type,ipv4_ratio,1,2053,0,0,2053,0.64,1.0,0.9934729663906477,0.03482709185602381,0.76,1.0,1.0,1.0,1.0,exact,2053,false
attack_type_MQTT_Malformed_Data,attack_type,ipv6_ratio,1,2053,0,2012,41,0.0,0.12,0.0008767657087189481,0.0064880954992326614,0.0,0.0,0.0,0.04,0.0779200000000128,exact,2053,false
attack_type_MQTT_Malformed_Data,attack_type,arp_ratio,1,2053,0,1975,78,0.0,0.32,0.0056307842182172435,0.033457289582746755,0.0,0.0,0.0,0.24,0.32,exact,2053,false
attack_type_MQTT_Malformed_Data,attack_type,llc_ratio,1,2053,0,2053,0,0.0,0.0,0.0,0.0,0.0,0.0,0.0,0.0,0.0,exact,2053,true
attack_type_MQTT_Malformed_Data,attack_type,other_protocol_ratio,1,2053,0,2052,1,0.0,0.04,1.948368241597662e-05,0.0008825914585801168,0.0,0.0,0.0,0.0,0.0,exact,2053,false
attack_type_MQTT_Malformed_Data,attack_type,tcp_ratio,1,2053,0,0,2053,0.6,1.0,0.9846858256210425,0.04710479118848372,0.72,1.0,1.0,1.0,1.0,exact,2053,false
attack_type_MQTT_Malformed_Data,attack_type,udp_ratio,1,2053,0,1745,308,0.0,0.28,0.009644422795908427,0.027967697850545932,0.0,0.0,0.08,0.16,0.2,exact,2053,false
attack_type_MQTT_Malformed_Data,attack_type,icmp_ratio,1,2053,0,2052,1,0.0,0.04,1.948368241597662e-05,0.0008825914585801169,0.0,0.0,0.0,0.0,0.0,exact,2053,false
attack_type_MQTT_Malformed_Data,attack_type,icmpv6_ratio,1,2053,0,2053,0,0.0,0.0,0.0,0.0,0.0,0.0,0.0,0.0,0.0,exact,2053,true
attack_type_MQTT_Malformed_Data,attack_type,igmp_ratio,1,2053,0,2053,0,0.0,0.0,0.0,0.0,0.0,0.0,0.0,0.0,0.0,exact,2053,true
attack_type_MQTT_Malformed_Data,attack_type,tcp_syn_ratio,1,2053,0,1724,329,0.0,0.28,0.02613397791207571,0.06394500912215893,0.0,0.0,0.2,0.24,0.24,exact,2053,false
attack_type_MQTT_Malformed_Data,attack_type,tcp_ack_ratio,1,2053,0,0,2053,0.64,1.0,0.9648581198833216,0.08998822932376498,0.68,1.0,1.0,1.0,1.0,exact,2053,false
attack_type_MQTT_Malformed_Data,attack_type,tcp_fin_ratio,1,2053,0,1707,346,0.0,0.28,0.025432296419187293,0.062188185144450805,0.0,0.0,0.2,0.24,0.24,exact,2053,false
attack_type_MQTT_Malformed_Data,attack_type,tcp_rst_ratio,1,2053,0,1775,278,0.0,0.28,0.02206852938200489,0.05945628864012281,0.0,0.0,0.2,0.24,0.24,exact,2053,false
attack_type_MQTT_Malformed_Data,attack_type,tcp_psh_ratio,1,2053,0,964,1089,0.0,1.0,0.16719370350570326,0.20409457548950316,0.0,0.04,0.5416666666666666,0.6,0.92,exact,2053,false
attack_type_MQTT_Malformed_Data,attack_type,tcp_urg_ratio,1,2053,0,2053,0,0.0,0.0,0.0,0.0,0.0,0.0,0.0,0.0,0.0,exact,2053,true
attack_type_MQTT_Malformed_Data,attack_type,unique_ip_count,1,2053,0,0,2053,2.0,18.0,4.651729176814418,3.896742389182081,2.0,2.0,12.0,15.480000000000018,18.0,exact,2053,false
attack_type_MQTT_Malformed_Data,attack_type,unique_port_count,1,2053,0,0,2053,2.0,27.0,5.785192401363858,4.963788495146641,2.0,2.0,15.0,19.0,26.0,exact,2053,false
attack_type_OS_Scan,attack_type,window_span_seconds,1,6736,0,139,6597,0.0,1.9955339431762695,0.1231755448987535,0.2963222002606568,0.0,0.008342504501342773,0.9971679449081421,1.1900415062904357,1.8463573789596563,exact,6736,false
attack_type_OS_Scan,attack_type,iat_mean_seconds,1,6736,0,139,6597,0.0,0.08314724763234456,0.005132315001986561,0.012346758108245287,0.0,0.0003476043542226156,0.041548664371172585,0.04958506276210149,0.07693155745665237,exact,6736,false
attack_type_OS_Scan,attack_type,iat_std_seconds,1,6736,0,139,6597,0.0,0.16147937879090493,0.010729572366941921,0.02542491981811863,0.0,0.0011749805626624782,0.07577446012516262,0.1216487388293899,0.14870474376032955,exact,6736,false
attack_type_OS_Scan,attack_type,iat_p50_seconds,1,6736,0,2362,4374,0.0,0.04040658473968506,0.0006694716894711564,0.003246306921320795,0.0,1.9073486328125e-06,0.0028496086597442627,0.021864676475524803,0.03143093228340149,exact,6736,false
attack_type_OS_Scan,attack_type,iat_p95_seconds,1,6736,0,519,6217,0.0,0.5203129410743704,0.02137035311259452,0.054062771570683156,0.0,0.0014792144298553455,0.15791987180709827,0.22448937892913806,0.4250663533210932,exact,6736,false
attack_type_OS_Scan,attack_type,frame_length_mean,1,6736,0,0,6736,56.4,542.32,67.13537410926367,22.26835529366157,60.0,60.0,100.37,137.92199999999974,368.0084000000067,exact,6736,false
attack_type_OS_Scan,attack_type,frame_length_std,1,6736,0,4883,1853,0.0,567.2906189952379,15.287767875949351,45.82818330678263,0.0,0.0,72.41467526977806,177.54645459059003,500.7598493630028,exact,6736,false
attack_type_OS_Scan,attack_type,frame_length_min,1,6736,0,0,6736,42.0,79.0,60.009649643705465,2.571898795917691,42.0,60.0,60.0,66.0,66.0,exact,6736,false
attack_type_OS_Scan,attack_type,frame_length_max,1,6736,0,0,6736,60.0,1514.0,127.249851543943,190.91049364170513,60.0,60.0,370.0,935.0,1474.0,exact,6736,false
attack_type_OS_Scan,attack_type,ipv4_ratio,1,6736,0,0,6736,0.6,1.0,0.9949703087885986,0.028653455221040524,0.8399999999999999,1.0,1.0,1.0,1.0,exact,6736,false
attack_type_OS_Scan,attack_type,ipv6_ratio,1,6736,0,6660,76,0.0,0.2,0.0005403800475059382,0.005678869350515072,0.0,0.0,0.0,0.04,0.08,exact,6736,false
attack_type_OS_Scan,attack_type,arp_ratio,1,6736,0,6429,307,0.0,0.4,0.0044655581947743465,0.02779312576682081,0.0,0.0,0.0,0.12,0.3306000000000131,exact,6736,false
attack_type_OS_Scan,attack_type,llc_ratio,1,6736,0,6735,1,0.0,0.04,5.938242280285036e-06,0.0004873340009582977,0.0,0.0,0.0,0.0,0.0,exact,6736,false
attack_type_OS_Scan,attack_type,other_protocol_ratio,1,6736,0,6733,3,0.0,0.04,1.7814726840855108e-05,0.00084396191213928,0.0,0.0,0.0,0.0,0.0,exact,6736,false
attack_type_OS_Scan,attack_type,tcp_ratio,1,6736,0,0,6736,0.24,1.0,0.9838361045130641,0.053393281383889456,0.72,1.0,1.0,1.0,1.0,exact,6736,false
attack_type_OS_Scan,attack_type,udp_ratio,1,6736,0,5992,744,0.0,0.76,0.007921615201900238,0.033772376704490056,0.0,0.0,0.04,0.12,0.5012000000000262,exact,6736,false
attack_type_OS_Scan,attack_type,icmp_ratio,1,6736,0,6464,272,0.0,0.24,0.0036817102137767224,0.02072861340520024,0.0,0.0,0.0,0.12,0.2,exact,6736,false
attack_type_OS_Scan,attack_type,icmpv6_ratio,1,6736,0,6732,4,0.0,0.16,4.156769596199525e-05,0.0021239906449109043,0.0,0.0,0.0,0.0,0.0,exact,6736,false
attack_type_OS_Scan,attack_type,igmp_ratio,1,6736,0,6734,2,0.0,0.16,2.9691211401425178e-05,0.0020092593616950847,0.0,0.0,0.0,0.0,0.0,exact,6736,false
attack_type_OS_Scan,attack_type,tcp_syn_ratio,1,6736,0,2644,4092,0.0,1.0,0.43527729552124106,0.44243573633609407,0.0,0.28,1.0,1.0,1.0,exact,6736,false
attack_type_OS_Scan,attack_type,tcp_ack_ratio,1,6736,0,1931,4805,0.0,1.0,0.5610956144770461,0.44133223120141585,0.0,0.7083333333333334,1.0,1.0,1.0,exact,6736,false
attack_type_OS_Scan,attack_type,tcp_fin_ratio,1,6736,0,6530,206,0.0,0.24,0.002530119996923462,0.01737179172642779,0.0,0.0,0.0,0.08695652173913043,0.2173913043478261,exact,6736,false
attack_type_OS_Scan,attack_type,tcp_rst_ratio,1,6736,0,2693,4043,0.0,1.0,0.42350946212929846,0.44150488603583854,0.0,0.24,1.0,1.0,1.0,exact,6736,false
attack_type_OS_Scan,attack_type,tcp_psh_ratio,1,6736,0,5280,1456,0.0,1.0,0.07033912998679255,0.1616918017969362,0.0,0.0,0.48,0.5652173913043478,0.8351000000000022,exact,6736,false
attack_type_OS_Scan,attack_type,tcp_urg_ratio,1,6736,0,6575,161,0.0,0.24,0.002176079265029792,0.01675549773710777,0.0,0.0,0.0,0.08,0.2173913043478261,exact,6736,false
attack_type_OS_Scan,attack_type,unique_ip_count,1,6736,0,0,6736,2.0,22.0,3.7119952494061756,3.4966745056628095,2.0,2.0,12.0,15.0,19.0,exact,6736,false
attack_type_OS_Scan,attack_type,unique_port_count,1,6736,0,0,6736,7.0,30.0,24.381828978622327,4.043923329483658,11.0,26.0,27.0,28.0,28.265000000000327,exact,6736,false
attack_type_Ping_Sweep,attack_type,window_span_seconds,1,296,0,0,296,0.00038695335388183594,1.8309299945831299,0.2891491506550763,0.32591752015364095,0.0007225394248962403,0.1631249189376831,1.0012365579605103,1.6547813534736633,1.7922389841079764,exact,296,false
attack_type_Ping_Sweep,attack_type,iat_mean_seconds,1,296,0,0,296,1.6123056411743164e-05,0.07628874977429707,0.012047881411539542,0.013579896607483323,3.0105809370676675e-05,0.0067968716224034624,0.04171818991502126,0.06894922306140264,0.07467662433783236,exact,296,false
attack_type_Ping_Sweep,attack_type,iat_std_seconds,1,296,0,0,296,1.0054136380733249e-05,0.2115247897621171,0.023201990203872643,0.03671497959808161,4.6583853183660464e-05,0.010790694245322894,0.11147617809744242,0.17553195888057965,0.20688869574756283,exact,296,false
attack_type_Ping_Sweep,attack_type,iat_p50_seconds,1,296,0,0,296,1.9073486328125e-06,0.028461575508117676,0.002532771713024861,0.004361865729108804,1.9073486328125e-06,8.702278137207031e-05,0.010471612215042114,0.014333224296569922,0.02778616309165964,exact,296,false
attack_type_Ping_Sweep,attack_type,iat_p95_seconds,1,296,0,0,296,3.2615661621093746e-05,0.6443390130996689,0.05132611965810927,0.08193014670827901,9.985566139221191e-05,0.02813255190849298,0.2325203329324721,0.3692081475257886,0.6050305907130284,exact,296,false
attack_type_Ping_Sweep,attack_type,frame_length_mean,1,296,0,0,296,55.68,235.48,70.99905405405406,19.60652798548807,60.0,64.6,109.55,130.63400000000033,232.32940000000042,exact,296,false
attack_type_Ping_Sweep,attack_type,frame_length_std,1,296,0,65,231,0.0,419.87407636099664,28.361928544475756,55.125295253682026,0.0,10.621050458773741,169.6837410693413,268.61111175786385,418.70461762341057,exact,296,false
attack_type_Ping_Sweep,attack_type,frame_length_min,1,296,0,0,296,42.0,66.0,59.83108108108108,3.2692021373796214,42.0,60.0,66.0,66.0,66.0,exact,296,false
attack_type_Ping_Sweep,attack_type,frame_length_max,1,296,0,0,296,60.0,1474.0,190.69256756756758,252.5664150254602,60.0,98.0,931.0,1434.0,1474.0,exact,296,false
attack_type_Ping_Sweep,attack_type,ipv4_ratio,1,296,0,65,231,0.0,1.0,0.2872972972972973,0.333808074397903,0.0,0.12,1.0,1.0,1.0,exact,296,false
attack_type_Ping_Sweep,attack_type,ipv6_ratio,1,296,0,288,8,0.0,0.08,0.0012162162162162162,0.0076144781551247594,0.0,0.0,0.0,0.04,0.06820000000000163,exact,296,false
attack_type_Ping_Sweep,attack_type,arp_ratio,1,296,0,26,270,0.0,1.0,0.7112162162162161,0.335170197599154,0.0,0.88,1.0,1.0,1.0,exact,296,false
attack_type_Ping_Sweep,attack_type,llc_ratio,1,296,0,296,0,0.0,0.0,0.0,0.0,0.0,0.0,0.0,0.0,0.0,exact,296,true
attack_type_Ping_Sweep,attack_type,other_protocol_ratio,1,296,0,294,2,0.0,0.04,0.0002702702702702703,0.0032768528791843627,0.0,0.0,0.0,0.0,0.04,exact,296,false
attack_type_Ping_Sweep,attack_type,tcp_ratio,1,296,0,124,172,0.0,1.0,0.2578378378378378,0.33345963032244924,0.0,0.04,0.97,1.0,1.0,exact,296,false
attack_type_Ping_Sweep,attack_type,udp_ratio,1,296,0,225,71,0.0,0.2,0.01337837837837838,0.028081783410825345,0.0,0.0,0.08,0.12,0.18820000000000164,exact,296,false
attack_type_Ping_Sweep,attack_type,icmp_ratio,1,296,0,206,90,0.0,0.16,0.017297297297297298,0.030548910596637387,0.0,0.0,0.08,0.12,0.14820000000000164,exact,296,false
attack_type_Ping_Sweep,attack_type,icmpv6_ratio,1,296,0,296,0,0.0,0.0,0.0,0.0,0.0,0.0,0.0,0.0,0.0,exact,296,true
attack_type_Ping_Sweep,attack_type,igmp_ratio,1,296,0,296,0,0.0,0.0,0.0,0.0,0.0,0.0,0.0,0.0,0.0,exact,296,true
attack_type_Ping_Sweep,attack_type,tcp_syn_ratio,1,296,0,292,4,0.0,0.16666666666666666,0.001118948618948619,0.0112092965787166,0.0,0.0,0.0,0.04038095238095247,0.14019230769231136,exact,296,false
attack_type_Ping_Sweep,attack_type,tcp_ack_ratio,1,296,0,124,172,0.0,1.0,0.5797997104247105,0.49245338123838645,0.0,1.0,1.0,1.0,1.0,exact,296,false
attack_type_Ping_Sweep,attack_type,tcp_fin_ratio,1,296,0,292,4,0.0,0.16666666666666666,0.0014849200704463862,0.013580401136782019,0.0,0.0,0.0,0.05476190476190525,0.1543750000000017,exact,296,false
attack_type_Ping_Sweep,attack_type,tcp_rst_ratio,1,296,0,294,2,0.0,0.25,0.001114864864864865,0.01521602269331116,0.0,0.0,0.0,0.0,0.19985000000000697,exact,296,false
attack_type_Ping_Sweep,attack_type,tcp_psh_ratio,1,296,0,145,151,0.0,1.0,0.28273354930147565,0.3010202669492497,0.0,0.3333333333333333,0.76,1.0,1.0,exact,296,false
attack_type_Ping_Sweep,attack_type,tcp_urg_ratio,1,296,0,296,0,0.0,0.0,0.0,0.0,0.0,0.0,0.0,0.0,0.0,exact,296,true
attack_type_Ping_Sweep,attack_type,unique_ip_count,1,296,0,0,296,6.0,28.0,22.60810810810811,5.627676702636152,7.0,26.0,27.0,28.0,28.0,exact,296,false
attack_type_Ping_Sweep,attack_type,unique_port_count,1,296,0,113,183,0.0,25.0,4.783783783783784,5.472338968949967,0.0,2.0,15.25,22.0,25.0,exact,296,false
attack_type_Port_Scan,attack_type,window_span_seconds,1,33594,0,1490,32104,0.0,2.0042648315429688,0.03336293686569649,0.15076909799131694,0.0,0.0037289857864379883,0.15081238746643064,0.9940315794944763,1.9994062478542332,exact,33594,false
attack_type_Port_Scan,attack_type,iat_mean_seconds,1,33594,0,1490,32104,0.0,0.0835110346476237,0.001390123445495497,0.006282045549149018,0.0,0.0001553744077682495,0.006283849477767943,0.041417982478936514,0.08330859366059305,exact,33594,false
attack_type_Port_Scan,attack_type,iat_std_seconds,1,33594,0,1490,32104,0.0,0.27676095191236955,0.0032685085407390233,0.01831008887513029,0.0,0.0005496491022789723,0.008143021477974272,0.07463749581357068,0.2759285494484983,exact,33594,false
attack_type_Port_Scan,attack_type,iat_p50_seconds,1,33594,0,14533,19061,0.0,0.038522958755493164,0.0003113002693922085,0.0018581080612833515,0.0,9.5367431640625e-07,0.0003420114517211914,0.008448730707168577,0.02582927882671386,exact,33594,false
attack_type_Port_Scan,attack_type,iat_p95_seconds,1,33594,0,4362,29232,0.0,0.8505541682243326,0.00608881670122679,0.042153201102407716,0.0,0.0003254652023315422,0.01717340826988216,0.11122082591056781,0.8474629805207233,exact,33594,false
attack_type_Port_Scan,attack_type,frame_length_mean,1,33594,0,0,33594,57.12,1494.0,80.43936774424004,81.97971328085,60.0,60.0,178.57399999999996,459.7547999999995,1019.2536400000424,exact,33594,false
attack_type_Port_Scan,attack_type,frame_length_std,1,33594,0,23170,10424,0.0,690.3717259563866,36.44749735065035,95.777643045904,0.0,0.0,265.46924903845826,519.4400405660022,641.2171668476564,exact,33594,false
attack_type_Port_Scan,attack_type,frame_length_min,1,33594,0,0,33594,42.0,1494.0,60.50773947728761,9.029507975543538,60.0,60.0,60.0,68.0,104.0,exact,33594,false
attack_type_Port_Scan,attack_type,frame_length_max,1,33594,0,0,33594,60.0,1514.0,201.3105911769959,333.940957528706,60.0,60.0,1248.0999999999913,1435.0,1474.0,exact,33594,false
attack_type_Port_Scan,attack_type,ipv4_ratio,1,33594,0,0,33594,0.6,1.0,0.9985152110495923,0.013461393189450712,0.96,1.0,1.0,1.0,1.0,exact,33594,false
attack_type_Port_Scan,attack_type,ipv6_ratio,1,33594,0,33485,109,0.0,0.28,0.00015955230100613203,0.0032914472564767702,0.0,0.0,0.0,0.0,0.04,exact,33594,false
attack_type_Port_Scan,attack_type,arp_ratio,1,33594,0,32893,701,0.0,0.4,0.001319283205334286,0.01289532850229968,0.0,0.0,0.0,0.04,0.24,exact,33594,false
attack_type_Port_Scan,attack_type,llc_ratio,1,33594,0,33593,1,0.0,0.04,1.1906888134785974e-06,0.00021823412840180005,0.0,0.0,0.0,0.0,0.0,exact,33594,false
attack_type_Port_Scan,attack_type,other_protocol_ratio,1,33594,0,33590,4,0.0,0.04,4.76275525391439e-06,0.0004364487671181658,0.0,0.0,0.0,0.0,0.0,exact,33594,false
attack_type_Port_Scan,attack_type,tcp_ratio,1,33594,0,392,33202,0.0,1.0,0.9515568256236234,0.16687101641728277,0.0,1.0,1.0,1.0,1.0,exact,33594,false
attack_type_Port_Scan,attack_type,udp_ratio,1,33594,0,25161,8433,0.0,1.0,0.047065547419182,0.1647132523145031,0.0,0.0,0.2,0.96,1.0,exact,33594,false
attack_type_Port_Scan,attack_type,icmp_ratio,1,33594,0,33578,16,0.0,0.08,2.381377626957195e-05,0.0011545580865230697,0.0,0.0,0.0,0.0,0.0,exact,33594,false
attack_type_Port_Scan,attack_type,icmpv6_ratio,1,33594,0,33586,8,0.0,0.16,1.6669643388700365e-05,0.001345202259690624,0.0,0.0,0.0,0.0,0.0,exact,33594,false
attack_type_Port_Scan,attack_type,igmp_ratio,1,33594,0,33589,5,0.0,0.16,1.1906888134785974e-05,0.0011547422643650724,0.0,0.0,0.0,0.0,0.0,exact,33594,false
attack_type_Port_Scan,attack_type,tcp_syn_ratio,1,33594,0,13133,20461,0.0,1.0,0.4691571597633543,0.4484593949674269,0.0,0.4,1.0,1.0,1.0,exact,33594,false
attack_type_Port_Scan,attack_type,tcp_ack_ratio,1,33594,0,11471,22123,0.0,1.0,0.5192528493884672,0.44947647588312484,0.0,0.56,1.0,1.0,1.0,exact,33594,false
attack_type_Port_Scan,attack_type,tcp_fin_ratio,1,33594,0,33501,93,0.0,1.0,0.0005050731021728212,0.015782546844259462,0.0,0.0,0.0,0.0,0.09717619047622153,exact,33594,false
attack_type_Port_Scan,attack_type,tcp_rst_ratio,1,33594,0,13333,20261,0.0,1.0,0.46342483178527044,0.4474716520223824,0.0,0.391304347826087,1.0,1.0,1.0,exact,33594,false
attack_type_Port_Scan,attack_type,tcp_psh_ratio,1,33594,0,30482,3112,0.0,1.0,0.027487716565659726,0.11268158030378791,0.0,0.0,0.20833333333333334,0.56,1.0,exact,33594,false
attack_type_Port_Scan,attack_type,tcp_urg_ratio,1,33594,0,33594,0,0.0,0.0,0.0,0.0,0.0,0.0,0.0,0.0,0.0,exact,33594,true
attack_type_Port_Scan,attack_type,unique_ip_count,1,33594,0,0,33594,2.0,20.0,2.701851521104959,1.636195933463969,2.0,2.0,6.0,10.0,16.0,exact,33594,false
attack_type_Port_Scan,attack_type,unique_port_count,1,33594,0,0,33594,2.0,30.0,24.88807525153301,4.512473906633146,3.0,26.0,27.0,27.0,28.0,exact,33594,false
attack_type_VulScan,attack_type,window_span_seconds,1,869,0,7,862,0.0,6.20250391960144,0.352969051916388,0.9190979402686823,6.16455078125e-05,0.055928945541381836,1.4594499111175496,5.156735219955441,5.853673919677759,exact,869,false
attack_type_VulScan,attack_type,iat_mean_seconds,1,869,0,7,862,0.0,0.2584376633167267,0.014707045075899806,0.03829574715740758,2.5685628255208334e-06,0.0023303727308909097,0.06081041296323124,0.21486396749814338,0.24390307998657332,exact,869,false
attack_type_VulScan,attack_type,iat_std_seconds,1,869,0,7,862,0.0,0.38926890072575177,0.01965892662136187,0.05762575677356839,6.809884922093153e-06,0.004429727537464772,0.1196461147898765,0.30922901033317113,0.38795021934322116,exact,869,false
attack_type_VulScan,attack_type,iat_p50_seconds,1,869,0,153,716,0.0,0.17262351512908936,0.007832689170047246,0.01780132089799457,0.0,0.0002551078796386719,0.029069662094115566,0.09594403266906729,0.148234876155855,exact,869,false
attack_type_VulScan,attack_type,iat_p95_seconds,1,869,0,29,840,0.0,1.136186218261717,0.04766515651149769,0.14437086313211725,0.0,0.009040343761444084,0.21377438306808436,0.7879914231300342,1.053419580268864,exact,869,false
attack_type_VulScan,attack_type,frame_length_mean,1,869,0,0,869,60.0,992.16,213.40405063291138,227.5947225199221,60.0,65.48,740.08,791.9200000000001,970.9808000000015,exact,869,false
attack_type_VulScan,attack_type,frame_length_std,1,869,0,403,466,0.0,649.9942842825619,153.1037376179324,215.7190799803773,0.0,21.92992476047284,639.2590911359807,648.7403178468254,649.9942842825619,exact,869,false
attack_type_VulScan,attack_type,frame_length_min,1,869,0,0,869,54.0,134.0,65.13233601841196,13.257378749998946,60.0,60.0,86.0,118.0,134.0,exact,869,false
attack_type_VulScan,attack_type,frame_length_max,1,869,0,0,869,60.0,1514.0,483.90678941311853,527.3350193303415,60.0,145.0,1414.0,1474.0,1514.0,exact,869,false
attack_type_VulScan,attack_type,ipv4_ratio,1,869,0,0,869,0.72,1.0,0.9966398158803222,0.018045724508553185,0.9199999999999999,1.0,1.0,1.0,1.0,exact,869,false
attack_type_VulScan,attack_type,ipv6_ratio,1,869,0,860,9,0.0,0.28,0.0007364787111622553,0.010484722494293452,0.0,0.0,0.0,0.012799999999997454,0.10640000000001237,exact,869,false
attack_type_VulScan,attack_type,arp_ratio,1,869,0,833,36,0.0,0.16,0.002531645569620253,0.01406995426635595,0.0,0.0,0.0,0.08,0.15999999999999998,exact,869,false
attack_type_VulScan,attack_type,llc_ratio,1,869,0,868,1,0.0,0.04,4.6029919447640965e-05,0.0013561261093354413,0.0,0.0,0.0,0.0,0.005280000000002474,exact,869,false
attack_type_VulScan,attack_type,other_protocol_ratio,1,869,0,868,1,0.0,0.04,4.6029919447640965e-05,0.0013561261093354416,0.0,0.0,0.0,0.0,0.005280000000002474,exact,869,false
attack_type_VulScan,attack_type,tcp_ratio,1,869,0,69,800,0.0,1.0,0.6643958573072497,0.4225251612408097,0.0,1.0,1.0,1.0,1.0,exact,869,false
attack_type_VulScan,attack_type,udp_ratio,1,869,0,450,419,0.0,1.0,0.3312313003452244,0.42131798042729623,0.0,0.0,1.0,1.0,1.0,exact,869,false
attack_type_VulScan,attack_type,icmp_ratio,1,869,0,850,19,0.0,0.08,0.0012888377445339472,0.009112296584940815,0.0,0.0,0.0,0.05279999999999746,0.07999999999999999,exact,869,false
attack_type_VulScan,attack_type,icmpv6_ratio,1,869,0,866,3,0.0,0.12,0.00023014959723820485,0.004494462784343988,0.0,0.0,0.0,0.0,0.05056000000000495,exact,869,false
attack_type_VulScan,attack_type,igmp_ratio,1,869,0,867,2,0.0,0.16,0.00023014959723820485,0.005589935275769026,0.0,0.0,0.0,0.0,0.05584000000000742,exact,869,false
attack_type_VulScan,attack_type,tcp_syn_ratio,1,869,0,399,470,0.0,1.0,0.3046882463821016,0.36684447451227026,0.0,0.09523809523809523,1.0,1.0,1.0,exact,869,false
attack_type_VulScan,attack_type,tcp_ack_ratio,1,869,0,191,678,0.0,1.0,0.6223168471428614,0.4030844938990214,0.0,0.76,1.0,1.0,1.0,exact,869,false
attack_type_VulScan,attack_type,tcp_fin_ratio,1,869,0,788,81,0.0,0.5,0.013412698442873629,0.05110625241003633,0.0,0.0,0.10526315789473684,0.25,0.5,exact,869,false
attack_type_VulScan,attack_type,tcp_rst_ratio,1,869,0,481,388,0.0,1.0,0.2814337295432507,0.365511784259263,0.0,0.0,1.0,1.0,1.0,exact,869,false
attack_type_VulScan,attack_type,tcp_psh_ratio,1,869,0,563,306,0.0,1.0,0.15715974810826944,0.27123274760175076,0.0,0.0,0.6666666666666666,1.0,1.0,exact,869,false
attack_type_VulScan,attack_type,tcp_urg_ratio,1,869,0,869,0,0.0,0.0,0.0,0.0,0.0,0.0,0.0,0.0,0.0,exact,869,true
attack_type_VulScan,attack_type,unique_ip_count,1,869,0,0,869,2.0,16.0,3.7825086306098963,2.6903685630069707,2.0,2.0,10.0,13.0,15.132000000000062,exact,869,false
attack_type_VulScan,attack_type,unique_port_count,1,869,0,0,869,2.0,29.0,17.395857307249713,9.492400514788057,2.0,22.0,26.0,27.319999999999936,29.0,exact,869,false
profiling_active,profiling,window_span_seconds,2,120860,0,6,120854,0.0,20.731569051742554,1.647378146928528,1.9350680492447634,0.0003910064697265625,1.0011670589447021,4.633625662326809,11.112871105670937,15.382555449724459,exact,120860,false
profiling_active,profiling,iat_mean_seconds,2,120860,0,6,120854,0.0,0.8638153771559397,0.06864075660335689,0.08062783505555406,1.631538073221842e-05,0.04171529412269592,0.1930677359302837,0.4630362960696224,0.6409398104051857,exact,120860,false
profiling_active,profiling,iat_std_seconds,2,120860,0,6,120854,0.0,1.3351566370968444,0.17262089354322918,0.12191062519547202,2.0617170433084918e-05,0.19961269067814413,0.276937902249799,0.5707412595103406,0.8464242993310089,exact,120860,false
profiling_active,profiling,iat_p50_seconds,2,120860,0,4383,116477,0.0,0.8499571084976196,0.017889424179556274,0.05050248566647286,0.0,1.3470649719238281e-05,0.1023555040359497,0.2654303514957428,0.46958305919171106,exact,120860,false
profiling_active,profiling,iat_p95_seconds,2,120860,0,16,120844,0.0,4.163496696949004,0.33817008542497623,0.4079557076150549,3.991127014160156e-05,0.057067543268203694,0.850223912000654,1.5249214177131682,2.371886965239102,exact,120860,false
profiling_active,profiling,frame_length_mean,2,120860,0,0,120860,56.88,2962.0,181.21418500744662,277.1136581358593,66.0,80.56,638.083999999999,1494.0,2209.04,exact,120860,false
profiling_active,profiling,frame_length_std,2,120860,0,2914,117946,0.0,1790.8429407404774,106.50236612581506,163.23168662192,0.0,16.130269673939793,460.42316254978084,661.4533537754935,1201.1930211700655,exact,120860,false
profiling_active,profiling,frame_length_min,2,120860,0,0,120860,42.0,1514.0,91.4886397484693,188.992683102052,42.0,66.0,66.0,1494.0,1514.0,exact,120860,false
profiling_active,profiling,frame_length_max,2,120860,0,0,120860,60.0,8754.0,468.2323266589442,618.3058430108877,66.0,111.0,1494.0,2922.0,4410.0,exact,120860,false
profiling_active,profiling,ipv4_ratio,2,120860,0,0,120860,0.28,1.0,0.9766390865464174,0.06459217885610512,0.68,1.0,1.0,1.0,1.0,exact,120860,false
profiling_active,profiling,ipv6_ratio,2,120860,0,115698,5162,0.0,0.52,0.0022482210822439186,0.01227367113810939,0.0,0.0,0.0,0.04,0.12,exact,120860,false
profiling_active,profiling,arp_ratio,2,120860,0,101284,19576,0.0,0.72,0.020985934138672845,0.06313468185569893,0.0,0.0,0.16,0.32,0.48,exact,120860,false
profiling_active,profiling,llc_ratio,2,120860,0,120809,51,0.0,0.28,3.408902862816482e-05,0.00208033978293478,0.0,0.0,0.0,0.0,0.0,exact,120860,false
profiling_active,profiling,other_protocol_ratio,2,120860,0,120580,280,0.0,0.04,9.266920403772961e-05,0.0019230654123383836,0.0,0.0,0.0,0.0,0.04,exact,120860,false
profiling_active,profiling,tcp_ratio,2,120860,0,7263,113597,0.0,1.0,0.8375323514810524,0.30459906897809286,0.0,1.0,1.0,1.0,1.0,exact,120860,false
profiling_active,profiling,udp_ratio,2,120860,0,78360,42500,0.0,1.0,0.13868442826410723,0.3014551561796124,0.0,0.0,1.0,1.0,1.0,exact,120860,false
profiling_active,profiling,icmp_ratio,2,120860,0,118118,2742,0.0,0.48,0.0025997021347013076,0.021772668525739555,0.0,0.0,0.0,0.12,0.32,exact,120860,false
profiling_active,profiling,icmpv6_ratio,2,120860,0,120716,144,0.0,0.24,6.58613271553864e-05,0.0023429942892057437,0.0,0.0,0.0,0.0,0.04,exact,120860,false
profiling_active,profiling,igmp_ratio,2,120860,0,120855,5,0.0,0.2,4.964421644878371e-06,0.0008532822095297037,0.0,0.0,0.0,0.0,0.0,exact,120860,false
profiling_active,profiling,tcp_syn_ratio,2,120860,0,113367,7493,0.0,1.0,0.005270411728143333,0.031053212541638148,0.0,0.0,0.045454545454545456,0.1111111111111111,0.3333333333333333,exact,120860,false
profiling_active,profiling,tcp_ack_ratio,2,120860,0,7285,113575,0.0,1.0,0.936292859667544,0.23800201044789066,0.0,1.0,1.0,1.0,1.0,exact,120860,false
profiling_active,profiling,tcp_fin_ratio,2,120860,0,113829,7031,0.0,1.0,0.005081008401123081,0.032053123110141156,0.0,0.0,0.043478260869565216,0.10526315789473684,0.3580584415585572,exact,120860,false
profiling_active,profiling,tcp_rst_ratio,2,120860,0,118207,2653,0.0,1.0,0.0027014115216117893,0.024131042397610165,0.0,0.0,0.0,0.09523809523809523,0.3333333333333333,exact,120860,false
profiling_active,profiling,tcp_psh_ratio,2,120860,0,12781,108079,0.0,1.0,0.43321705752871675,0.19524753435990386,0.0,0.48,0.64,1.0,1.0,exact,120860,false
profiling_active,profiling,tcp_urg_ratio,2,120860,0,120860,0,0.0,0.0,0.0,0.0,0.0,0.0,0.0,0.0,0.0,exact,120860,true
profiling_active,profiling,unique_ip_count,2,120860,0,0,120860,2.0,23.0,7.647724640079431,3.5418090136951426,2.0,7.0,15.0,17.0,19.0,exact,120860,false
profiling_active,profiling,unique_port_count,2,120860,0,0,120860,2.0,27.0,10.77818136687076,4.628012849074292,2.0,11.0,19.0,23.0,26.0,exact,120860,false
profiling_idle,profiling,window_span_seconds,1,13149,0,0,13149,0.0010728836059570312,23.321362018585205,6.823056410071387,4.251348944273432,0.12184649467468261,6.858179807662964,14.262893962860105,17.00045596122742,19.79655891895296,exact,13149,false
profiling_idle,profiling,iat_mean_seconds,1,13149,0,0,13149,4.470348358154297e-05,0.9717234174410502,0.28429401708932983,0.1771395393416867,0.005076937278111775,0.28575749198595685,0.5942872484525044,0.7083523317178091,0.8248566216230401,exact,13149,false
profiling_idle,profiling,iat_std_seconds,1,13149,0,0,13149,0.00013049617196800783,1.4136610692769298,0.42221332433449515,0.2448911963983947,0.011139338400866262,0.43166545991383165,0.825567259868085,0.9939834815816305,1.1842200005405374,exact,13149,false
profiling_idle,profiling,iat_p50_seconds,1,13149,0,102,13047,0.0,0.7930220365524292,0.10391941845883923,0.0854124175260004,2.317428588867184e-06,0.09097099304199219,0.24140365123748778,0.37017782211303807,0.568370279312144,exact,13149,false
profiling_idle,profiling,iat_p95_seconds,1,13149,0,0,13149,0.0002521157264709471,4.592154538631436,1.0744082365383052,0.6918499918765613,0.02028705644607541,1.0764166355133051,2.258425180912014,2.8506161785125714,3.5747550804615082,exact,13149,false
profiling_idle,profiling,frame_length_mean,1,13149,0,0,13149,60.0,1554.88,208.09785991330136,105.47356571286339,82.3184,194.04,331.664,475.8112000000002,1448.6816000000006,exact,13149,false
profiling_idle,profiling,frame_length_std,1,13149,0,30,13119,0.0,1048.8642238154564,263.53896801094913,151.25092716047962,46.2193127391984,228.95688327717951,617.507695493236,672.5479617417301,757.5649883886734,exact,13149,false
profiling_idle,profiling,frame_length_min,1,13149,0,0,13149,54.0,1494.0,61.869343676325194,33.0141385379851,60.0,60.0,66.0,66.0,350.0,exact,13149,false
profiling_idle,profiling,frame_length_max,1,13149,0,0,13149,60.0,2962.0,1154.7104722792608,712.1321960965635,244.0,930.0,2882.0,2882.0,2922.0,exact,13149,false
profiling_idle,profiling,ipv4_ratio,1,13149,0,0,13149,0.28,1.0,0.9566841584911401,0.05759986999301241,0.76,1.0,1.0,1.0,1.0,exact,13149,false
profiling_idle,profiling,ipv6_ratio,1,13149,0,11894,1255,0.0,0.56,0.005603467944330368,0.021247031406522624,0.0,0.0,0.04,0.12,0.16,exact,13149,false
profiling_idle,profiling,arp_ratio,1,13149,0,7659,5490,0.0,0.72,0.037058331432048064,0.05287722508201852,0.0,0.0,0.16,0.2,0.36,exact,13149,false
profiling_idle,profiling,llc_ratio,1,13149,0,13143,6,0.0,0.2,5.4757015742642024e-05,0.002876003330878843,0.0,0.0,0.0,0.0,0.0,exact,13149,false
profiling_idle,profiling,other_protocol_ratio,1,13149,0,12952,197,0.0,0.04,0.0005992851167389155,0.004859245004978844,0.0,0.0,0.0,0.04,0.04,exact,13149,false
profiling_idle,profiling,tcp_ratio,1,13149,0,56,13093,0.0,1.0,0.5973108221157503,0.21463116779894276,0.12,0.6,0.92,1.0,1.0,exact,13149,false
profiling_idle,profiling,udp_ratio,1,13149,0,319,12830,0.0,1.0,0.343439044794281,0.19436680169362414,0.0,0.32,0.68,0.8,1.0,exact,13149,false
profiling_idle,profiling,icmp_ratio,1,13149,0,11836,1313,0.0,0.48,0.021148376302380412,0.07483388937099487,0.0,0.0,0.2,0.4,0.48,exact,13149,false
profiling_idle,profiling,icmpv6_ratio,1,13149,0,13057,92,0.0,0.32,0.00035287854589702636,0.005504183957074236,0.0,0.0,0.0,0.0,0.04,exact,13149,false
profiling_idle,profiling,igmp_ratio,1,13149,0,13146,3,0.0,0.2,3.650467716176135e-05,0.0025631054012003407,0.0,0.0,0.0,0.0,0.0,exact,13149,false
profiling_idle,profiling,tcp_syn_ratio,1,13149,0,8517,4632,0.0,0.8571428571428571,0.03455854213082378,0.06438318638752027,0.0,0.0,0.14285714285714285,0.3076923076923077,0.5327692307692604,exact,13149,false
profiling_idle,profiling,tcp_ack_ratio,1,13149,0,56,13093,0.0,1.0,0.971502017529073,0.07847308988775406,0.7619047619047619,1.0,1.0,1.0,1.0,exact,13149,false
profiling_idle,profiling,tcp_fin_ratio,1,13149,0,8860,4289,0.0,1.0,0.034153822672887954,0.0633069803202932,0.0,0.0,0.14285714285714285,0.2857142857142857,0.5,exact,13149,false
profiling_idle,profiling,tcp_rst_ratio,1,13149,0,10934,2215,0.0,1.0,0.0203897192456877,0.056557072506521464,0.0,0.0,0.125,0.25,0.537702564102568,exact,13149,false
profiling_idle,profiling,tcp_psh_ratio,1,13149,0,336,12813,0.0,1.0,0.4032714358055707,0.13698901815500772,0.0,0.4117647058823529,0.6111111111111112,0.6666666666666666,0.8358736842105587,exact,13149,false
profiling_idle,profiling,tcp_urg_ratio,1,13149,0,13149,0,0.0,0.0,0.0,0.0,0.0,0.0,0.0,0.0,0.0,exact,13149,true
profiling_idle,profiling,unique_ip_count,1,13149,0,0,13149,2.0,21.0,11.825005703855807,3.6900642950808766,3.0,13.0,17.0,18.0,20.0,exact,13149,false
profiling_idle,profiling,unique_port_count,1,13149,0,0,13149,2.0,28.0,13.724922047303977,3.8257351419048424,4.0,14.0,19.0,21.0,27.0,exact,13149,false
profiling_interaction,profiling,window_span_seconds,26,21964,0,0,21964,0.0008730888366699219,11.190614938735962,0.25211085842902314,0.3140383918796726,0.01474339246749878,0.1893165111541748,0.6687090873718256,1.2491740489006038,4.235876152277075,exact,21964,false
profiling_interaction,profiling,iat_mean_seconds,26,21964,0,0,21964,3.6378701527913414e-05,0.46627562244733173,0.0105046191012093,0.013084932994986354,0.0006143080194791158,0.007888187964757282,0.027862878640492732,0.05204891870419182,0.17649483967821145,exact,21964,false
profiling_interaction,profiling,iat_std_seconds,26,21964,0,0,21964,4.619796622910014e-05,1.087068241998454,0.012001547211513109,0.024078594964445855,0.0006576381893627065,0.008658960166083304,0.027708129480212618,0.0677350382706111,0.3807785614841377,exact,21964,false
profiling_interaction,profiling,iat_p50_seconds,26,21964,0,8,21956,0.0,0.1816614866256714,0.006401531841993289,0.009661628809036841,2.761244773864746e-05,0.0032452940940856934,0.022423368692398048,0.04633227825164794,0.07149439346791342,exact,21964,false
profiling_interaction,profiling,iat_p95_seconds,26,21964,0,0,21964,5.0067901611328125e-05,2.105497229099273,0.03092110785135824,0.04680761127555421,0.0012782512903213499,0.023404514789581287,0.07900851845741262,0.15197914385795516,0.6837256199240844,exact,21964,false
profiling_interaction,profiling,frame_length_mean,26,21964,0,0,21964,60.0,1721.2,580.8165816791112,299.5906249408319,79.2448,623.38,1070.32,1308.2948,1435.0,exact,21964,false
profiling_interaction,profiling,frame_length_std,26,21964,0,166,21798,0.0,897.1387406638953,416.621860066951,178.0190164889963,3.5136306009596403,449.11536513433566,647.4813924739459,648.7403178468254,679.825164542218,exact,21964,false
profiling_interaction,profiling,frame_length_min,26,21964,0,0,21964,60.0,1494.0,99.88517574212348,96.52507060731295,60.0,86.0,166.0,486.0,1435.0,exact,21964,false
profiling_interaction,profiling,frame_length_max,26,21964,0,0,21964,60.0,5778.0,1209.477599708614,348.8583276370926,112.0,1398.0,1435.0,1451.0,2882.0,exact,21964,false
profiling_interaction,profiling,ipv4_ratio,26,21964,0,0,21964,0.6,1.0,0.9996649062101622,0.005690100216259787,1.0,1.0,1.0,1.0,1.0,exact,21964,false
profiling_interaction,profiling,ipv6_ratio,26,21964,0,21962,2,0.0,0.04,3.6423238025860515e-06,0.00038168008276665303,0.0,0.0,0.0,0.0,0.0,exact,21964,false
profiling_interaction,profiling,arp_ratio,26,21964,0,21829,135,0.0,0.36,0.00031870333272627946,0.005230826861712016,0.0,0.0,0.0,0.0,0.04,exact,21964,false
profiling_interaction,profiling,llc_ratio,26,21964,0,21957,7,0.0,0.04,1.2748133309051176e-05,0.0007139767625484612,0.0,0.0,0.0,0.0,0.0,exact,21964,false
profiling_interaction,profiling,other_protocol_ratio,26,21964,0,21964,0,0.0,0.0,0.0,0.0,0.0,0.0,0.0,0.0,0.0,exact,21964,true
profiling_interaction,profiling,tcp_ratio,26,21964,0,13447,8517,0.0,1.0,0.16982334729557463,0.34756056732565316,0.0,0.0,1.0,1.0,1.0,exact,21964,false
profiling_interaction,profiling,udp_ratio,26,21964,0,3145,18819,0.0,1.0,0.8280677472227281,0.34788446651056887,0.0,1.0,1.0,1.0,1.0,exact,21964,false
profiling_interaction,profiling,icmp_ratio,26,21964,0,21346,618,0.0,0.32,0.001773811691859406,0.012804819723231983,0.0,0.0,0.0,0.04,0.2,exact,21964,false
profiling_interaction,profiling,icmpv6_ratio,26,21964,0,21962,2,0.0,0.04,3.6423238025860515e-06,0.00038168008276665303,0.0,0.0,0.0,0.0,0.0,exact,21964,false
profiling_interaction,profiling,igmp_ratio,26,21964,0,21964,0,0.0,0.0,0.0,0.0,0.0,0.0,0.0,0.0,0.0,exact,21964,true
profiling_interaction,profiling,tcp_syn_ratio,26,21964,0,21702,262,0.0,1.0,0.0023015632349921806,0.028305105287148725,0.0,0.0,0.0,0.07692307692307693,0.33580000000025995,exact,21964,false
profiling_interaction,profiling,tcp_ack_ratio,26,21964,0,13458,8506,0.0,1.0,0.3855714076941706,0.48557805390242215,0.0,0.0,1.0,1.0,1.0,exact,21964,false
profiling_interaction,profiling,tcp_fin_ratio,26,21964,0,21772,192,0.0,1.0,0.0026539410638890875,0.03393402011776447,0.0,0.0,0.0,0.0,0.5,exact,21964,false
profiling_interaction,profiling,tcp_rst_ratio,26,21964,0,21883,81,0.0,1.0,0.001342123063398714,0.0271561531854771,0.0,0.0,0.0,0.0,0.5,exact,21964,false
profiling_interaction,profiling,tcp_psh_ratio,26,21964,0,14854,7110,0.0,1.0,0.213120966816033,0.3408099436137504,0.0,0.0,1.0,1.0,1.0,exact,21964,false
profiling_interaction,profiling,tcp_urg_ratio,26,21964,0,21964,0,0.0,0.0,0.0,0.0,0.0,0.0,0.0,0.0,0.0,exact,21964,true
profiling_interaction,profiling,unique_ip_count,26,21964,0,0,21964,2.0,10.0,2.4097158987433986,0.7609447464071825,2.0,2.0,4.0,6.0,7.0,exact,21964,false
profiling_interaction,profiling,unique_port_count,26,21964,0,0,21964,2.0,21.0,2.7887452194500097,1.6338169851904176,2.0,2.0,6.0,10.0,16.0,exact,21964,false
profiling_power,profiling,window_span_seconds,5,174,0,0,174,0.00023889541625976562,15.38459587097168,1.6818596535715562,2.7548410819470552,0.00027225255966186525,0.7021805047988892,7.583701956272119,12.584183759689354,15.18891038441661,exact,174,false
profiling_power,profiling,iat_mean_seconds,5,174,0,0,174,9.953975677490234e-06,0.6410248279571533,0.07007748556548152,0.11478504508112732,1.134385665257772e-05,0.02925752103328705,0.31598758151133827,0.5243409899870565,0.6328712660173588,exact,174,false
profiling_power,profiling,iat_std_seconds,5,174,0,0,174,2.688579147486245e-05,1.3141910170754652,0.141795854287028,0.27113618284424407,3.169245566756393e-05,0.036173426090220416,0.9204024901451912,1.0453295642217277,1.2688528441138534,exact,174,false
profiling_power,profiling,iat_p50_seconds,5,174,0,30,144,0.0,0.14700400829315186,0.02413924398093388,0.032217936890693355,0.0,0.012004256248474121,0.08840540051460266,0.14141997337341314,0.14662565493583685,exact,174,false
profiling_power,profiling,iat_p95_seconds,5,174,0,1,173,0.0,3.876242029666898,0.26901699749902724,0.5933898221485197,6.905567646026603e-05,0.08860876560211178,1.7176276534795745,2.9061355142593337,3.712185033881686,exact,174,false
profiling_power,profiling,frame_length_mean,5,174,0,0,174,66.0,1494.0,394.37747126436784,435.43747502445683,66.0,239.18,1494.0,1494.0,1494.0,exact,174,false
profiling_power,profiling,frame_length_std,5,174,0,22,152,0.0,939.5772189660626,309.3995248426674,235.08816857052653,0.0,271.3510522676162,651.0527055790103,774.9374496493698,913.9895945401346,exact,174,false
profiling_power,profiling,frame_length_min,5,174,0,0,174,60.0,1494.0,193.55747126436785,399.8262188973398,60.0,66.0,1494.0,1494.0,1494.0,exact,174,false
profiling_power,profiling,frame_length_max,5,174,0,0,174,66.0,2962.0,1520.9597701149426,950.6922061294862,66.0,1494.0,2936.0,2962.0,2962.0,exact,174,false
profiling_power,profiling,ipv4_ratio,5,174,0,0,174,0.16,1.0,0.9627586206896551,0.11756817200825177,0.21839999999999998,1.0,1.0,1.0,1.0,exact,174,false
profiling_power,profiling,ipv6_ratio,5,174,0,151,23,0.0,0.64,0.019770114942528737,0.08595611031210515,0.0,0.0,0.08,0.5816000000000009,0.64,exact,174,false
profiling_power,profiling,arp_ratio,5,174,0,147,27,0.0,0.24,0.014022988505747125,0.03807010381995217,0.0,0.0,0.08,0.16,0.2261600000000021,exact,174,false
profiling_power,profiling,llc_ratio,5,174,0,159,15,0.0,0.04,0.003448275862068965,0.01122677282489635,0.0,0.0,0.04,0.04,0.04,exact,174,false
profiling_power,profiling,other_protocol_ratio,5,174,0,174,0,0.0,0.0,0.0,0.0,0.0,0.0,0.0,0.0,0.0,exact,174,true
profiling_power,profiling,tcp_ratio,5,174,0,3,171,0.0,1.0,0.8875862068965515,0.18033790452855522,0.0,0.96,1.0,1.0,1.0,exact,174,false
profiling_power,profiling,udp_ratio,5,174,0,82,92,0.0,0.52,0.08413793103448276,0.11587301535592058,0.0,0.04,0.33399999999999974,0.48,0.5130800000000011,exact,174,false
profiling_power,profiling,icmp_ratio,5,174,0,174,0,0.0,0.0,0.0,0.0,0.0,0.0,0.0,0.0,0.0,exact,174,true
profiling_power,profiling,icmpv6_ratio,5,174,0,163,11,0.0,0.36,0.008045977011494251,0.044562730690277316,0.0,0.0,0.04,0.32,0.35308000000000106,exact,174,false
profiling_power,profiling,igmp_ratio,5,174,0,167,7,0.0,0.08,0.002758620689655172,0.013953095085511283,0.0,0.0,0.0,0.08,0.08,exact,174,false
profiling_power,profiling,tcp_syn_ratio,5,174,0,55,119,0.0,0.2,0.05932513425112326,0.051690507086242746,0.0,0.047619047619047616,0.14285714285714285,0.2,0.2,exact,174,false
profiling_power,profiling,tcp_ack_ratio,5,174,0,3,171,0.0,1.0,0.9356953427802291,0.1354932311418332,0.0,0.9583333333333334,1.0,1.0,1.0,exact,174,false
profiling_power,profiling,tcp_fin_ratio,5,174,0,89,85,0.0,0.16666666666666666,0.0373094301081894,0.0443851064960028,0.0,0.0,0.12,0.16,0.16551333333333348,exact,174,false
profiling_power,profiling,tcp_rst_ratio,5,174,0,135,39,0.0,0.24,0.025366048831962935,0.05154482263244335,0.0,0.0,0.16,0.18282352941176497,0.23308000000000106,exact,174,false
profiling_power,profiling,tcp_psh_ratio,5,174,0,21,153,0.0,0.68,0.339023831154107,0.19979240207785245,0.0,0.4,0.6030434782608696,0.6560869565217393,0.6776933333333338,exact,174,false
profiling_power,profiling,tcp_urg_ratio,5,174,0,174,0,0.0,0.0,0.0,0.0,0.0,0.0,0.0,0.0,0.0,exact,174,true
profiling_power,profiling,unique_ip_count,5,174,0,0,174,2.0,12.0,4.183908045977012,1.979949701161791,2.0,4.0,8.0,10.0,11.654000000000053,exact,174,false
profiling_power,profiling,unique_port_count,5,174,0,0,174,2.0,13.0,5.522988505747127,2.35304650409689,2.0,6.0,9.0,10.27000000000001,12.654000000000053,exact,174,false
publisher_benign,publisher_benign,window_span_seconds,1,77427,0,23,77404,0.0,10.55168104171753,0.9841826713962613,0.6655846141836513,0.00044798851013183594,1.000243902206421,1.9999511241912842,2.0022220611572266,2.0073290057182316,exact,77427,false
publisher_benign,publisher_benign,iat_mean_seconds,1,77427,0,23,77404,0.0,0.4396533767382304,0.04100766771282007,0.02773268073735936,1.8666187922159832e-05,0.041676878929138184,0.08333129684130351,0.08342591921488444,0.08363870857159297,exact,77427,false
publisher_benign,publisher_benign,iat_std_seconds,1,77427,0,23,77404,0.0,0.6925267863299438,0.12307821053731073,0.08206718719891698,1.6971454483669954e-05,0.1345207069685184,0.2446355905410423,0.2759078476387712,0.27648465847538206,exact,77427,false
publisher_benign,publisher_benign,iat_p50_seconds,1,77427,0,1326,76101,0.0,0.2636425495147705,0.00039963933189739235,0.003059633828258816,0.0,5.245208740234375e-05,0.0003398776054382314,0.011622822284698702,0.026605475425720955,exact,77427,false
publisher_benign,publisher_benign,iat_p95_seconds,1,77427,0,99,77328,0.0,1.6216302752494807,0.23131159863927134,0.22658007090769589,3.857612609863281e-05,0.19208759069442743,0.6908388042449938,0.8477038576602914,0.8495049742937067,exact,77427,false
publisher_benign,publisher_benign,frame_length_mean,1,77427,0,0,77427,57.72,1514.0,188.0594505792553,318.8739376573754,66.0,88.0,1208.1439999999852,1514.0,1514.0,exact,77427,false
publisher_benign,publisher_benign,frame_length_std,1,77427,0,4445,72982,0.0,723.4205681344706,92.79155728445016,123.71505266713976,0.0,36.81747411216581,395.36990274931145,597.7706717777787,703.4934541273288,exact,77427,false
publisher_benign,publisher_benign,frame_length_min,1,77427,0,0,77427,42.0,1514.0,119.51058416314723,274.3873675565358,42.0,66.0,75.0,1514.0,1514.0,exact,77427,false
publisher_benign,publisher_benign,frame_length_max,1,77427,0,0,77427,60.0,1514.0,493.709545765689,458.451334705034,66.0,246.0,1494.0,1514.0,1514.0,exact,77427,false
publisher_benign,publisher_benign,ipv4_ratio,1,77427,0,0,77427,0.16,1.0,0.9754406085732368,0.0683223860611545,0.68,1.0,1.0,1.0,1.0,exact,77427,false
publisher_benign,publisher_benign,ipv6_ratio,1,77427,0,70887,6540,0.0,0.48,0.00420731786069459,0.01635957312121041,0.0,0.0,0.04,0.08,0.16,exact,77427,false
publisher_benign,publisher_benign,arp_ratio,1,77427,0,67193,10234,0.0,0.84,0.020148010383974582,0.06623357949207609,0.0,0.0,0.16,0.32,0.56,exact,77427,false
publisher_benign,publisher_benign,llc_ratio,1,77427,0,77405,22,0.0,0.56,2.8413860797912876e-05,0.0026072695714058416,0.0,0.0,0.0,0.0,0.0,exact,77427,false
publisher_benign,publisher_benign,other_protocol_ratio,1,77427,0,77087,340,0.0,0.04,0.00017564932129618865,0.002644828948679997,0.0,0.0,0.0,0.0,0.04,exact,77427,false
publisher_benign,publisher_benign,tcp_ratio,1,77427,0,1530,75897,0.0,1.0,0.9018089297015253,0.1800628812786873,0.0,0.96,1.0,1.0,1.0,exact,77427,false
publisher_benign,publisher_benign,udp_ratio,1,77427,0,30046,47381,0.0,1.0,0.07734304570756971,0.1697221494373887,0.0,0.04,0.24,1.0,1.0,exact,77427,false
publisher_benign,publisher_benign,icmp_ratio,1,77427,0,77315,112,0.0,0.52,0.00010487297712684205,0.0036152053798817435,0.0,0.0,0.0,0.0,0.04,exact,77427,false
publisher_benign,publisher_benign,icmpv6_ratio,1,77427,0,77174,253,0.0,0.36,0.00024022627765508158,0.005352145074446758,0.0,0.0,0.0,0.0,0.08,exact,77427,false
publisher_benign,publisher_benign,igmp_ratio,1,77427,0,77325,102,0.0,0.32,0.0001508517700543738,0.0048640420618457515,0.0,0.0,0.0,0.0,0.04,exact,77427,false
publisher_benign,publisher_benign,tcp_syn_ratio,1,77427,0,74207,3220,0.0,1.0,0.0028888894417978058,0.023956209417468118,0.0,0.0,0.0,0.05263157894736842,0.25,exact,77427,false
publisher_benign,publisher_benign,tcp_ack_ratio,1,77427,0,1543,75884,0.0,1.0,0.9784705219495108,0.14040611379741139,0.0,1.0,1.0,1.0,1.0,exact,77427,false
publisher_benign,publisher_benign,tcp_fin_ratio,1,77427,0,74250,3177,0.0,1.0,0.0025312791100602335,0.018825483034530122,0.0,0.0,0.0,0.05,0.16666666666666666,exact,77427,false
publisher_benign,publisher_benign,tcp_rst_ratio,1,77427,0,76315,1112,0.0,1.0,0.001440121671505174,0.015867500216013988,0.0,0.0,0.0,0.08333333333333333,0.15384615384615385,exact,77427,false
publisher_benign,publisher_benign,tcp_psh_ratio,1,77427,0,5064,72363,0.0,1.0,0.45127499436623986,0.1635671054331487,0.0,0.5,0.6,0.8333333333333335,1.0,exact,77427,false
publisher_benign,publisher_benign,tcp_urg_ratio,1,77427,0,77427,0,0.0,0.0,0.0,0.0,0.0,0.0,0.0,0.0,0.0,exact,77427,true
publisher_benign,publisher_benign,unique_ip_count,1,77427,0,0,77427,2.0,28.0,9.309168636263836,3.544894482980322,2.0,9.0,15.0,18.0,22.0,exact,77427,false
publisher_benign,publisher_benign,unique_port_count,1,77427,0,0,77427,2.0,30.0,12.547289705141617,4.667756412210235,2.0,13.0,19.0,25.0,28.0,exact,77427,false
