pcap_path,source,binary_label,attack_family,attack_type,profiling_type,profiling_variant,device,capture_session,window_size,inactivity_timeout_seconds,backward_reset_seconds,packet_count,positive_gap_boundary_count,backward_discontinuity_boundary_count,segment_count,full_window_count,emitted_packet_count,dropped_partial_window_count,dropped_partial_packet_count,packet_retention_ratio,zero_span_window_count,zero_span_window_ratio,window_span_min,window_span_mean,window_span_p50,window_span_p95,window_span_p99,window_span_max,window_span_percentile_method,window_span_percentile_sample_size,windowing_strategy_version
data/raw/WiFI_and_MQTT/attacks/pcap/train/ARP_Spoofing_train.pcap,attacks,ATTACK,Spoofing,ARP_Spoofing,,,,ARP_Spoofing,25,5.0,1.0,160614,5,0,6,6423,160575,6,39,0.9997571818147858,0,0.0,0.00015997886657714844,0.2881780084226615,0.1393141746520996,1.0737685203552239,1.9992832326889038,2.0108580589294434,exact,6423,phase1c1_v2
data/raw/WiFI_and_MQTT/attacks/pcap/train/ARP_Spoofing_train.pcap,attacks,ATTACK,Spoofing,ARP_Spoofing,,,,ARP_Spoofing,25,30.0,1.0,160614,5,0,6,6423,160575,6,39,0.9997571818147858,0,0.0,0.00015997886657714844,0.2881780084226615,0.1393141746520996,1.0737685203552239,1.9992832326889038,2.0108580589294434,exact,6423,phase1c1_v2
data/raw/WiFI_and_MQTT/attacks/pcap/train/ARP_Spoofing_train.pcap,attacks,ATTACK,Spoofing,ARP_Spoofing,,,,ARP_Spoofing,50,5.0,1.0,160614,5,0,6,3211,160550,6,64,0.9996015291319561,0,0.0,0.0009739398956298828,0.5879833514131292,0.2922821044921875,2.6356420516967773,3.00213942527771,4.009398937225342,exact,3211,phase1c1_v2
data/raw/WiFI_and_MQTT/attacks/pcap/train/ARP_Spoofing_train.pcap,attacks,ATTACK,Spoofing,ARP_Spoofing,,,,ARP_Spoofing,50,30.0,1.0,160614,5,0,6,3211,160550,6,64,0.9996015291319561,0,0.0,0.0009739398956298828,0.5879833514131292,0.2922821044921875,2.6356420516967773,3.00213942527771,4.009398937225342,exact,3211,phase1c1_v2
data/raw/WiFI_and_MQTT/attacks/pcap/train/ARP_Spoofing_train.pcap,attacks,ATTACK,Spoofing,ARP_Spoofing,,,,ARP_Spoofing,100,5.0,1.0,160614,5,0,6,1604,160400,6,214,0.9986676130349783,0,0.0,0.004971027374267578,1.1897593420045334,0.5915254354476929,4.9997389078140255,6.0011281132698056,7.0103440284729,exact,1604,phase1c1_v2
data/raw/WiFI_and_MQTT/attacks/pcap/train/ARP_Spoofing_train.pcap,attacks,ATTACK,Spoofing,ARP_Spoofing,,,,ARP_Spoofing,100,30.0,1.0,160614,5,0,6,1604,160400,6,214,0.9986676130349783,0,0.0,0.004971027374267578,1.1897593420045334,0.5915254354476929,4.9997389078140255,6.0011281132698056,7.0103440284729,exact,1604,phase1c1_v2
data/raw/WiFI_and_MQTT/attacks/pcap/train/Benign_train.pcap,attacks,BENIGN,,,,,,Benign,25,5.0,1.0,1935680,0,1,2,77427,1935675,1,5,0.9999974169284179,23,0.0002970539992509073,0.0,0.9841826713962613,1.000243902206421,1.9999511241912842,2.0022220611572266,10.55168104171753,exact,77427,phase1c1_v2
data/raw/WiFI_and_MQTT/attacks/pcap/train/Benign_train.pcap,attacks,BENIGN,,,,,,Benign,25,30.0,1.0,1935680,0,1,2,77427,1935675,1,5,0.9999974169284179,23,0.0002970539992509073,0.0,0.9841826713962613,1.000243902206421,1.9999511241912842,2.0022220611572266,10.55168104171753,exact,77427,phase1c1_v2
data/raw/WiFI_and_MQTT/attacks/pcap/train/Benign_train.pcap,attacks,BENIGN,,,,,,Benign,50,5.0,1.0,1935680,0,1,2,38713,1935650,2,30,0.9999845015705076,1,2.5831116162529384e-05,0.0,2.0091611239152183,2.002668857574463,3.0038367748260497,3.9948433113098143,17.215259075164795,exact,38713,phase1c1_v2
data/raw/WiFI_and_MQTT/attacks/pcap/train/Benign_train.pcap,attacks,BENIGN,,,,,,Benign,50,30.0,1.0,1935680,0,1,2,38713,1935650,2,30,0.9999845015705076,1,2.5831116162529384e-05,0.0,2.0091611239152183,2.002668857574463,3.0038367748260497,3.9948433113098143,17.215259075164795,exact,38713,phase1c1_v2
data/raw/WiFI_and_MQTT/attacks/pcap/train/Benign_train.pcap,attacks,BENIGN,,,,,,Benign,100,5.0,1.0,1935680,0,1,2,19356,1935600,2,80,0.9999586708546867,0,0.0,0.0021200180053710938,4.059966630533132,4.998071074485779,6.00042325258255,6.004142022132873,30.898443937301636,exact,19356,phase1c1_v2
data/raw/WiFI_and_MQTT/attacks/pcap/train/Benign_train.pcap,attacks,BENIGN,,,,,,Benign,100,30.0,1.0,1935680,0,1,2,19356,1935600,2,80,0.9999586708546867,0,0.0,0.0021200180053710938,4.059966630533132,4.998071074485779,6.00042325258255,6.004142022132873,30.898443937301636,exact,19356,phase1c1_v2
data/raw/WiFI_and_MQTT/attacks/pcap/train/MQTT-DDoS-Connect_Flood_train.pcap,attacks,ATTACK,MQTT,MQTT_DDoS_Connect_Flood,,,,MQTT_DDoS_Connect_Flood,25,5.0,1.0,17295946,0,0,1,691837,17295925,1,21,0.9999987858426478,3112,0.004498169366483723,0.0,0.0007430840570218752,0.0004508495330810547,0.0024688243865966797,0.004833977222442606,1.537363052368164,reservoir_n100000_seed42,100000,phase1c1_v2
data/raw/WiFI_and_MQTT/attacks/pcap/train/MQTT-DDoS-Connect_Flood_train.pcap,attacks,ATTACK,MQTT,MQTT_DDoS_Connect_Flood,,,,MQTT_DDoS_Connect_Flood,25,30.0,1.0,17295946,0,0,1,691837,17295925,1,21,0.9999987858426478,3112,0.004498169366483723,0.0,0.0007430840570218752,0.0004508495330810547,0.0024688243865966797,0.004833977222442606,1.537363052368164,reservoir_n100000_seed42,100000,phase1c1_v2
data/raw/WiFI_and_MQTT/attacks/pcap/train/MQTT-DDoS-Connect_Flood_train.pcap,attacks,ATTACK,MQTT,MQTT_DDoS_Connect_Flood,,,,MQTT_DDoS_Connect_Flood,50,5.0,1.0,17295946,0,0,1,345918,17295900,1,46,0.9999973404172284,7,2.0236009690157782e-05,0.0,0.0015175649668870577,0.001068115234375,0.004196202754974357,0.006860027313232417,2.2532529830932617,reservoir_n100000_seed42,100000,phase1c1_v2
data/raw/WiFI_and_MQTT/attacks/pcap/train/MQTT-DDoS-Connect_Flood_train.pcap,attacks,ATTACK,MQTT,MQTT_DDoS_Connect_Flood,,,,MQTT_DDoS_Connect_Flood,50,30.0,1.0,17295946,0,0,1,345918,17295900,1,46,0.9999973404172284,7,2.0236009690157782e-05,0.0,0.0015175649668870577,0.001068115234375,0.004196202754974357,0.006860027313232417,2.2532529830932617,reservoir_n100000_seed42,100000,phase1c1_v2
data/raw/WiFI_and_MQTT/attacks/pcap/train/MQTT-DDoS-Connect_Flood_train.pcap,attacks,ATTACK,MQTT,MQTT_DDoS_Connect_Flood,,,,MQTT_DDoS_Connect_Flood,100,5.0,1.0,17295946,0,0,1,172959,17295900,1,46,0.9999973404172284,0,0.0,8.797645568847656e-05,0.003065318237065253,0.002380847930908203,0.006926059722900391,0.010699052810668935,4.004606008529663,reservoir_n100000_seed42,100000,phase1c1_v2
data/raw/WiFI_and_MQTT/attacks/pcap/train/MQTT-DDoS-Connect_Flood_train.pcap,attacks,ATTACK,MQTT,MQTT_DDoS_Connect_Flood,,,,MQTT_DDoS_Connect_Flood,100,30.0,1.0,17295946,0,0,1,172959,17295900,1,46,0.9999973404172284,0,0.0,8.797645568847656e-05,0.003065318237065253,0.002380847930908203,0.006926059722900391,0.010699052810668935,4.004606008529663,reservoir_n100000_seed42,100000,phase1c1_v2
data/raw/WiFI_and_MQTT/attacks/pcap/train/MQTT-DDoS-Publish_Flood_train.pcap,attacks,ATTACK,MQTT,MQTT_DDoS_Publish_Flood,,,,MQTT_DDoS_Publish_Flood,25,5.0,1.0,2754292,0,0,1,110171,2754275,1,17,0.9999938278149157,26,0.00023599676865962912,0.0,0.0045846445188169075,0.003100872039794922,0.010741996765136708,0.017273905277252196,1.872931957244873,reservoir_n100000_seed42,100000,phase1c1_v2
data/raw/WiFI_and_MQTT/attacks/pcap/train/MQTT-DDoS-Publish_Flood_train.pcap,attacks,ATTACK,MQTT,MQTT_DDoS_Publish_Flood,,,,MQTT_DDoS_Publish_Flood,25,30.0,1.0,2754292,0,0,1,110171,2754275,1,17,0.9999938278149157,26,0.00023599676865962912,0.0,0.0045846445188169075,0.003100872039794922,0.010741996765136708,0.017273905277252196,1.872931957244873,reservoir_n100000_seed42,100000,phase1c1_v2
data/raw/WiFI_and_MQTT/attacks/pcap/train/MQTT-DDoS-Publish_Flood_train.pcap,attacks,ATTACK,MQTT,MQTT_DDoS_Publish_Flood,,,,MQTT_DDoS_Publish_Flood,50,5.0,1.0,2754292,0,0,1,55085,2754250,1,42,0.9999847510721449,0,0.0,1.8835067749023438e-05,0.009360282607440823,0.0070569515228271484,0.01811518669128416,0.027232122421264625,3.0028839111328125,exact,55085,phase1c1_v2
data/raw/WiFI_and_MQTT/attacks/pcap/train/MQTT-DDoS-Publish_Flood_train.pcap,attacks,ATTACK,MQTT,MQTT_DDoS_Publish_Flood,,,,MQTT_DDoS_Publish_Flood,50,30.0,1.0,2754292,0,0,1,55085,2754250,1,42,0.9999847510721449,0,0.0,1.8835067749023438e-05,0.009360282607440823,0.0070569515228271484,0.01811518669128416,0.027232122421264625,3.0028839111328125,exact,55085,phase1c1_v2
data/raw/WiFI_and_MQTT/attacks/pcap/train/MQTT-DDoS-Publish_Flood_train.pcap,attacks,ATTACK,MQTT,MQTT_DDoS_Publish_Flood,,,,MQTT_DDoS_Publish_Flood,100,5.0,1.0,2754292,0,0,1,27542,2754200,1,92,0.999966597586603,0,0.0,0.0013461112976074219,0.01890822522876206,0.015307903289794922,0.031465554237365696,0.045086245536804195,4.998533010482788,exact,27542,phase1c1_v2
data/raw/WiFI_and_MQTT/attacks/pcap/train/MQTT-DDoS-Publish_Flood_train.pcap,attacks,ATTACK,MQTT,MQTT_DDoS_Publish_Flood,,,,MQTT_DDoS_Publish_Flood,100,30.0,1.0,2754292,0,0,1,27542,2754200,1,92,0.999966597586603,0,0.0,0.0013461112976074219,0.01890822522876206,0.015307903289794922,0.031465554237365696,0.045086245536804195,4.998533010482788,exact,27542,phase1c1_v2
data/raw/WiFI_and_MQTT/attacks/pcap/train/MQTT-DoS-Connect_Flood_train.pcap,attacks,ATTACK,MQTT,MQTT_DoS_Connect_Flood,,,,MQTT_DoS_Connect_Flood,25,5.0,1.0,1276947,0,0,1,51077,1276925,1,22,0.999982771407114,107,0.0020948763631380074,0.0,0.007861291797172725,0.0038690567016601562,0.01992144584655761,0.09270421981811501,1.8865230083465576,exact,51077,phase1c1_v2
data/raw/WiFI_and_MQTT/attacks/pcap/train/MQTT-DoS-Connect_Flood_train.pcap,attacks,ATTACK,MQTT,MQTT_DoS_Connect_Flood,,,,MQTT_DoS_Connect_Flood,25,30.0,1.0,1276947,0,0,1,51077,1276925,1,22,0.999982771407114,107,0.0020948763631380074,0.0,0.007861291797172725,0.0038690567016601562,0.01992144584655761,0.09270421981811501,1.8865230083465576,exact,51077,phase1c1_v2
data/raw/WiFI_and_MQTT/attacks/pcap/train/MQTT-DoS-Connect_Flood_train.pcap,attacks,ATTACK,MQTT,MQTT_DoS_Connect_Flood,,,,MQTT_DoS_Connect_Flood,50,5.0,1.0,1276947,0,0,1,25538,1276900,1,47,0.9999631934606527,0,0.0,4.0531158447265625e-06,0.016069400748367064,0.008368492126464844,0.05330058336257922,0.1545262455940247,2.8284950256347656,exact,25538,phase1c1_v2
data/raw/WiFI_and_MQTT/attacks/pcap/train/MQTT-DoS-Connect_Flood_train.pcap,attacks,ATTACK,MQTT,MQTT_DoS_Connect_Flood,,,,MQTT_DoS_Connect_Flood,50,30.0,1.0,1276947,0,0,1,25538,1276900,1,47,0.9999631934606527,0,0.0,4.0531158447265625e-06,0.016069400748367064,0.008368492126464844,0.05330058336257922,0.1545262455940247,2.8284950256347656,exact,25538,phase1c1_v2
data/raw/WiFI_and_MQTT/attacks/pcap/train/MQTT-DoS-Connect_Flood_train.pcap,attacks,ATTACK,MQTT,MQTT_DoS_Connect_Flood,,,,MQTT_DoS_Connect_Flood,100,5.0,1.0,1276947,0,0,1,12769,1276900,1,47,0.9999631934606527,0,0.0,0.00038814544677734375,0.03242647688001761,0.017473936080932617,0.11754221916198715,0.24696840286254865,4.251781940460205,exact,12769,phase1c1_v2
data/raw/WiFI_and_MQTT/attacks/pcap/train/MQTT-DoS-Connect_Flood_train.pcap,attacks,ATTACK,MQTT,MQTT_DoS_Connect_Flood,,,,MQTT_DoS_Connect_Flood,100,30.0,1.0,1276947,0,0,1,12769,1276900,1,47,0.9999631934606527,0,0.0,0.00038814544677734375,0.03242647688001761,0.017473936080932617,0.11754221916198715,0.24696840286254865,4.251781940460205,exact,12769,phase1c1_v2
data/raw/WiFI_and_MQTT/attacks/pcap/train/MQTT-DoS-Publish_Flood_train.pcap,attacks,ATTACK,MQTT,MQTT_DoS_Publish_Flood,,,,MQTT_DoS_Publish_Flood,25,5.0,1.0,4431579,0,0,1,177263,4431575,1,4,0.9999990973871841,502,0.002831950265988954,0.0,0.002927421623021624,0.0021088123321533203,0.008060932159423828,0.013317117691040034,1.6368739604949951,reservoir_n100000_seed42,100000,phase1c1_v2
data/raw/WiFI_and_MQTT/attacks/pcap/train/MQTT-DoS-Publish_Flood_train.pcap,attacks,ATTACK,MQTT,MQTT_DoS_Publish_Flood,,,,MQTT_DoS_Publish_Flood,25,30.0,1.0,4431579,0,0,1,177263,4431575,1,4,0.9999990973871841,502,0.002831950265988954,0.0,0.002927421623021624,0.0021088123321533203,0.008060932159423828,0.013317117691040034,1.6368739604949951,reservoir_n100000_seed42,100000,phase1c1_v2
data/raw/WiFI_and_MQTT/attacks/pcap/train/MQTT-DoS-Publish_Flood_train.pcap,attacks,ATTACK,MQTT,MQTT_DoS_Publish_Flood,,,,MQTT_DoS_Publish_Flood,50,5.0,1.0,4431579,0,0,1,88631,4431550,1,29,0.9999934560570849,0,0.0,9.5367431640625e-07,0.005972268961193375,0.00477290153503418,0.013674497604370117,0.020517349243164028,2.6384408473968506,exact,88631,phase1c1_v2
data/raw/WiFI_and_MQTT/attacks/pcap/train/MQTT-DoS-Publish_Flood_train.pcap,attacks,ATTACK,MQTT,MQTT_DoS_Publish_Flood,,,,MQTT_DoS_Publish_Flood,50,30.0,1.0,4431579,0,0,1,88631,4431550,1,29,0.9999934560570849,0,0.0,9.5367431640625e-07,0.005972268961193375,0.00477290153503418,0.013674497604370117,0.020517349243164028,2.6384408473968506,exact,88631,phase1c1_v2
data/raw/WiFI_and_MQTT/attacks/pcap/train/MQTT-DoS-Publish_Flood_train.pcap,attacks,ATTACK,MQTT,MQTT_DoS_Publish_Flood,,,,MQTT_DoS_Publish_Flood,100,5.0,1.0,4431579,0,0,1,44315,4431500,1,79,0.9999821733968863,0,0.0,0.0003819465637207031,0.01206177492840059,0.010202169418334961,0.022883486747741676,0.034954643249511766,4.000319957733154,exact,44315,phase1c1_v2
data/raw/WiFI_and_MQTT/attacks/pcap/train/MQTT-DoS-Publish_Flood_train.pcap,attacks,ATTACK,MQTT,MQTT_DoS_Publish_Flood,,,,MQTT_DoS_Publish_Flood,100,30.0,1.0,4431579,0,0,1,44315,4431500,1,79,0.9999821733968863,0,0.0,0.0003819465637207031,0.01206177492840059,0.010202169418334961,0.022883486747741676,0.034954643249511766,4.000319957733154,exact,44315,phase1c1_v2
data/raw/WiFI_and_MQTT/attacks/pcap/train/MQTT-Malformed_Data_train.pcap,attacks,ATTACK,MQTT,MQTT_Malformed_Data,,,,MQTT_Malformed_Data,25,5.0,1.0,51332,0,0,1,2053,51325,1,7,0.9998636328216317,0,0.0,0.0004150867462158203,0.20608469514340466,0.011436939239501953,1.0007392406463622,1.3794082832336434,2.000307083129883,exact,2053,phase1c1_v2
data/raw/WiFI_and_MQTT/attacks/pcap/train/MQTT-Malformed_Data_train.pcap,attacks,ATTACK,MQTT,MQTT_Malformed_Data,,,,MQTT_Malformed_Data,25,30.0,1.0,51332,0,0,1,2053,51325,1,7,0.9998636328216317,0,0.0,0.0004150867462158203,0.20608469514340466,0.011436939239501953,1.0007392406463622,1.3794082832336434,2.000307083129883,exact,2053,phase1c1_v2
data/raw/WiFI_and_MQTT/attacks/pcap/train/MQTT-Malformed_Data_train.pcap,attacks,ATTACK,MQTT,MQTT_Malformed_Data,,,,MQTT_Malformed_Data,50,5.0,1.0,51332,0,0,1,1026,51300,1,32,0.9993766071846022,0,0.0,0.00121307373046875,0.41843043851573564,0.022485971450805664,1.997486174106598,2.166126787662506,2.9985849857330322,exact,1026,phase1c1_v2
data/raw/WiFI_and_MQTT/attacks/pcap/train/MQTT-Malformed_Data_train.pcap,attacks,ATTACK,MQTT,MQTT_Malformed_Data,,,,MQTT_Malformed_Data,50,30.0,1.0,51332,0,0,1,1026,51300,1,32,0.9993766071846022,0,0.0,0.00121307373046875,0.41843043851573564,0.022485971450805664,1.997486174106598,2.166126787662506,2.9985849857330322,exact,1026,phase1c1_v2
data/raw/WiFI_and_MQTT/attacks/pcap/train/MQTT-Malformed_Data_train.pcap,attacks,ATTACK,MQTT,MQTT_Malformed_Data,,,,MQTT_Malformed_Data,100,5.0,1.0,51332,0,0,1,513,51300,1,32,0.9993766071846022,0,0.0,0.0047550201416015625,0.8422281342407881,0.10709095001220703,3.140805959701537,4.030213375091552,4.998467206954956,exact,513,phase1c1_v2
data/raw/WiFI_and_MQTT/attacks/pcap/train/MQTT-Malformed_Data_train.pcap,attacks,ATTACK,MQTT,MQTT_Malformed_Data,,,,MQTT_Malformed_Data,100,30.0,1.0,51332,0,0,1,513,51300,1,32,0.9993766071846022,0,0.0,0.0047550201416015625,0.8422281342407881,0.10709095001220703,3.140805959701537,4.030213375091552,4.998467206954956,exact,513,phase1c1_v2
data/raw/WiFI_and_MQTT/attacks/pcap/train/Recon-OS_Scan_train.pcap,attacks,ATTACK,Recon,OS_Scan,,,,OS_Scan,25,5.0,1.0,168400,0,0,1,6736,168400,0,0,1.0,139,0.020635391923990498,0.0,0.1231755448987535,0.008342504501342773,0.9971679449081421,1.1900415062904357,1.9955339431762695,exact,6736,phase1c1_v2
data/raw/WiFI_and_MQTT/attacks/pcap/train/Recon-OS_Scan_train.pcap,attacks,ATTACK,Recon,OS_Scan,,,,OS_Scan,25,30.0,1.0,168400,0,0,1,6736,168400,0,0,1.0,139,0.020635391923990498,0.0,0.1231755448987535,0.008342504501342773,0.9971679449081421,1.1900415062904357,1.9955339431762695,exact,6736,phase1c1_v2
data/raw/WiFI_and_MQTT/attacks/pcap/train/Recon-OS_Scan_train.pcap,attacks,ATTACK,Recon,OS_Scan,,,,OS_Scan,50,5.0,1.0,168400,0,0,1,3368,168400,0,0,1.0,4,0.0011876484560570072,0.0,0.2508248840403387,0.018482446670532227,1.864873218536375,2.2074686193466184,2.9984850883483887,exact,3368,phase1c1_v2
data/raw/WiFI_and_MQTT/attacks/pcap/train/Recon-OS_Scan_train.pcap,attacks,ATTACK,Recon,OS_Scan,,,,OS_Scan,50,30.0,1.0,168400,0,0,1,3368,168400,0,0,1.0,4,0.0011876484560570072,0.0,0.2508248840403387,0.018482446670532227,1.864873218536375,2.2074686193466184,2.9984850883483887,exact,3368,phase1c1_v2
data/raw/WiFI_and_MQTT/attacks/pcap/train/Recon-OS_Scan_train.pcap,attacks,ATTACK,Recon,OS_Scan,,,,OS_Scan,100,5.0,1.0,168400,0,0,1,1684,168400,0,0,1.0,0,0.0,0.003381013870239258,0.5070314413011782,0.039922475814819336,3.3457782387733457,4.037069425582888,4.99859094619751,exact,1684,phase1c1_v2
data/raw/WiFI_and_MQTT/attacks/pcap/train/Recon-OS_Scan_train.pcap,attacks,ATTACK,Recon,OS_Scan,,,,OS_Scan,100,30.0,1.0,168400,0,0,1,1684,168400,0,0,1.0,0,0.0,0.003381013870239258,0.5070314413011782,0.039922475814819336,3.3457782387733457,4.037069425582888,4.99859094619751,exact,1684,phase1c1_v2
data/raw/WiFI_and_MQTT/attacks/pcap/train/Recon-Ping_Sweep_train.pcap,attacks,ATTACK,Recon,Ping_Sweep,,,,Ping_Sweep,25,5.0,1.0,7406,0,0,1,296,7400,1,6,0.9991898460707535,0,0.0,0.00038695335388183594,0.2891491506550763,0.1631249189376831,1.0012365579605103,1.6547813534736633,1.8309299945831299,exact,296,phase1c1_v2
data/raw/WiFI_and_MQTT/attacks/pcap/train/Recon-Ping_Sweep_train.pcap,attacks,ATTACK,Recon,Ping_Sweep,,,,Ping_Sweep,25,30.0,1.0,7406,0,0,1,296,7400,1,6,0.9991898460707535,0,0.0,0.00038695335388183594,0.2891491506550763,0.1631249189376831,1.0012365579605103,1.6547813534736633,1.8309299945831299,exact,296,phase1c1_v2
data/raw/WiFI_and_MQTT/attacks/pcap/train/Recon-Ping_Sweep_train.pcap,attacks,ATTACK,Recon,Ping_Sweep,,,,Ping_Sweep,50,5.0,1.0,7406,0,0,1,148,7400,1,6,0.9991898460707535,0,0.0,0.0010569095611572266,0.5962518244176298,0.390966534614563,2.0007418990135193,2.500226833820344,2.83187198638916,exact,148,phase1c1_v2
data/raw/WiFI_and_MQTT/attacks/pcap/train/Recon-Ping_Sweep_train.pcap,attacks,ATTACK,Recon,Ping_Sweep,,,,Ping_Sweep,50,30.0,1.0,7406,0,0,1,148,7400,1,6,0.9991898460707535,0,0.0,0.0010569095611572266,0.5962518244176298,0.390966534614563,2.0007418990135193,2.500226833820344,2.83187198638916,exact,148,phase1c1_v2
data/raw/WiFI_and_MQTT/attacks/pcap/train/Recon-Ping_Sweep_train.pcap,attacks,ATTACK,Recon,Ping_Sweep,,,,Ping_Sweep,100,5.0,1.0,7406,0,0,1,74,7400,1,6,0.9991898460707535,0,0.0,0.3767068386077881,1.2009631749745961,0.7348873615264893,3.5165034294128414,4.395961978435514,4.835954904556274,exact,74,phase1c1_v2
data/raw/WiFI_and_MQTT/attacks/pcap/train/Recon-Ping_Sweep_train.pcap,attacks,ATTACK,Recon,Ping_Sweep,,,,Ping_Sweep,100,30.0,1.0,7406,0,0,1,74,7400,1,6,0.9991898460707535,0,0.0,0.3767068386077881,1.2009631749745961,0.7348873615264893,3.5165034294128414,4.395961978435514,4.835954904556274,exact,74,phase1c1_v2
data/raw/WiFI_and_MQTT/attacks/pcap/train/Recon-Port_Scan_train.pcap,attacks,ATTACK,Recon,Port_Scan,,,,Port_Scan,25,5.0,1.0,839912,4,0,5,33594,839850,5,62,0.999926182742954,1490,0.044353158302077755,0.0,0.03336293686569649,0.0037289857864379883,0.15081238746643064,0.9940315794944763,2.0042648315429688,exact,33594,phase1c1_v2
data/raw/WiFI_and_MQTT/attacks/pcap/train/Recon-Port_Scan_train.pcap,attacks,ATTACK,Recon,Port_Scan,,,,Port_Scan,25,30.0,1.0,839912,4,0,5,33594,839850,5,62,0.999926182742954,1490,0.044353158302077755,0.0,0.03336293686569649,0.0037289857864379883,0.15081238746643064,0.9940315794944763,2.0042648315429688,exact,33594,phase1c1_v2
data/raw/WiFI_and_MQTT/attacks/pcap/train/Recon-Port_Scan_train.pcap,attacks,ATTACK,Recon,Port_Scan,,,,Port_Scan,50,5.0,1.0,839912,4,0,5,16796,839800,5,112,0.9998666526969492,35,0.0020838294832102883,0.0,0.06793762855968126,0.009012937545776367,0.31684648990631104,1.8182342529296842,4.001112937927246,exact,16796,phase1c1_v2
data/raw/WiFI_and_MQTT/attacks/pcap/train/Recon-Port_Scan_train.pcap,attacks,ATTACK,Recon,Port_Scan,,,,Port_Scan,50,30.0,1.0,839912,4,0,5,16796,839800,5,112,0.9998666526969492,35,0.0020838294832102883,0.0,0.06793762855968126,0.009012937545776367,0.31684648990631104,1.8182342529296842,4.001112937927246,exact,16796,phase1c1_v2
data/raw/WiFI_and_MQTT/attacks/pcap/train/Recon-Port_Scan_train.pcap,attacks,ATTACK,Recon,Port_Scan,,,,Port_Scan,100,5.0,1.0,839912,4,0,5,8397,839700,5,212,0.9997475926049396,1,0.00011909015124449208,0.0,0.13709345956465965,0.018983840942382812,0.5941397190093991,3.228286123275581,7.0018229484558105,exact,8397,phase1c1_v2
data/raw/WiFI_and_MQTT/attacks/pcap/train/Recon-Port_Scan_train.pcap,attacks,ATTACK,Recon,Port_Scan,,,,Port_Scan,100,30.0,1.0,839912,4,0,5,8397,839700,5,212,0.9997475926049396,1,0.00011909015124449208,0.0,0.13709345956465965,0.018983840942382812,0.5941397190093991,3.228286123275581,7.0018229484558105,exact,8397,phase1c1_v2
data/raw/WiFI_and_MQTT/attacks/pcap/train/Recon-VulScan_train.pcap,attacks,ATTACK,Recon,VulScan,,,,VulScan,25,5.0,1.0,21747,0,0,1,869,21725,1,22,0.9989883662114315,7,0.00805523590333717,0.0,0.352969051916388,0.055928945541381836,1.4594499111175496,5.156735219955441,6.20250391960144,exact,869,phase1c1_v2
data/raw/WiFI_and_MQTT/attacks/pcap/train/Recon-VulScan_train.pcap,attacks,ATTACK,Recon,VulScan,,,,VulScan,25,30.0,1.0,21747,0,0,1,869,21725,1,22,0.9989883662114315,7,0.00805523590333717,0.0,0.352969051916388,0.055928945541381836,1.4594499111175496,5.156735219955441,6.20250391960144,exact,869,phase1c1_v2
data/raw/WiFI_and_MQTT/attacks/pcap/train/Recon-VulScan_train.pcap,attacks,ATTACK,Recon,VulScan,,,,VulScan,50,5.0,1.0,21747,0,0,1,434,21700,1,47,0.9978387823607854,0,0.0,0.0002620220184326172,0.7255352246596517,0.18383562564849854,3.7745664119720113,10.120407598018652,11.349483966827393,exact,434,phase1c1_v2
data/raw/WiFI_and_MQTT/attacks/pcap/train/Recon-VulScan_train.pcap,attacks,ATTACK,Recon,VulScan,,,,VulScan,50,30.0,1.0,21747,0,0,1,434,21700,1,47,0.9978387823607854,0,0.0,0.0002620220184326172,0.7255352246596517,0.18383562564849854,3.7745664119720113,10.120407598018652,11.349483966827393,exact,434,phase1c1_v2
data/raw/WiFI_and_MQTT/attacks/pcap/train/Recon-VulScan_train.pcap,attacks,ATTACK,Recon,VulScan,,,,VulScan,100,5.0,1.0,21747,0,0,1,217,21700,1,47,0.9978387823607854,0,0.0,0.00745701789855957,1.458353822681761,0.6351029872894287,8.07022047042845,19.176167898178104,20.6617169380188,exact,217,phase1c1_v2
data/raw/WiFI_and_MQTT/attacks/pcap/train/Recon-VulScan_train.pcap,attacks,ATTACK,Recon,VulScan,,,,VulScan,100,30.0,1.0,21747,0,0,1,217,21700,1,47,0.9978387823607854,0,0.0,0.00745701789855957,1.458353822681761,0.6351029872894287,8.07022047042845,19.176167898178104,20.6617169380188,exact,217,phase1c1_v2
data/raw/WiFI_and_MQTT/attacks/pcap/train/TCP_IP-DDoS-ICMP1_train.pcap,attacks,ATTACK,DDoS,DDoS_ICMP,,,,DDoS_ICMP_1,25,5.0,1.0,19486169,1,0,2,779446,19486150,2,19,0.9999990249494398,1,1.2829625144012541e-06,0.0,0.0006334060823325232,0.0005090236663818359,0.0015130519866943248,0.002576122283935542,1.408121109008789,reservoir_n100000_seed42,100000,phase1c1_v2
data/raw/WiFI_and_MQTT/attacks/pcap/train/TCP_IP-DDoS-ICMP1_train.pcap,attacks,ATTACK,DDoS,DDoS_ICMP,,,,DDoS_ICMP_1,25,30.0,1.0,19486169,1,0,2,779446,19486150,2,19,0.9999990249494398,1,1.2829625144012541e-06,0.0,0.0006334060823325232,0.0005090236663818359,0.0015130519866943248,0.002576122283935542,1.408121109008789,reservoir_n100000_seed42,100000,phase1c1_v2
data/raw/WiFI_and_MQTT/attacks/pcap/train/TCP_IP-DDoS-ICMP1_train.pcap,attacks,ATTACK,DDoS,DDoS_ICMP,,,,DDoS_ICMP_1,50,5.0,1.0,19486169,1,0,2,389723,19486150,2,19,0.9999990249494398,0,0.0,4.100799560546875e-05,0.0012933573987843371,0.001107931137084961,0.002657902240753171,0.0037539100646972606,2.6657931804656982,reservoir_n100000_seed42,100000,phase1c1_v2
data/raw/WiFI_and_MQTT/attacks/pcap/train/TCP_IP-DDoS-ICMP1_train.pcap,attacks,ATTACK,DDoS,DDoS_ICMP,,,,DDoS_ICMP_1,50,30.0,1.0,19486169,1,0,2,389723,19486150,2,19,0.9999990249494398,0,0.0,4.100799560546875e-05,0.0012933573987843371,0.001107931137084961,0.002657902240753171,0.0037539100646972606,2.6657931804656982,reservoir_n100000_seed42,100000,phase1c1_v2
data/raw/WiFI_and_MQTT/attacks/pcap/train/TCP_IP-DDoS-ICMP1_train.pcap,attacks,ATTACK,DDoS,DDoS_ICMP,,,,DDoS_ICMP_1,100,5.0,1.0,19486169,1,0,2,194861,19486100,2,69,0.9999964590269129,0,0.0,0.0001380443572998047,0.002613944870924923,0.0021920204162597656,0.004808902740478516,0.006617088317871084,2.722302198410034,reservoir_n100000_seed42,100000,phase1c1_v2
data/raw/WiFI_and_MQTT/attacks/pcap/train/TCP_IP-DDoS-ICMP1_train.pcap,attacks,ATTACK,DDoS,DDoS_ICMP,,,,DDoS_ICMP_1,100,30.0,1.0,19486169,1,0,2,194861,19486100,2,69,0.9999964590269129,0,0.0,0.0001380443572998047,0.002613944870924923,0.0021920204162597656,0.004808902740478516,0.006617088317871084,2.722302198410034,reservoir_n100000_seed42,100000,phase1c1_v2
data/raw/WiFI_and_MQTT/attacks/pcap/train/TCP_IP-DDoS-ICMP2_train.pcap,attacks,ATTACK,DDoS,DDoS_ICMP,,,,DDoS_ICMP_2,25,5.0,1.0,19475470,0,0,1,779018,19475450,1,20,0.9999989730671455,0,0.0,9.5367431640625e-07,0.0003479910057710547,0.00014901161193847656,0.0012059211730957031,0.0017268657684326172,1.0157020092010498,reservoir_n100000_seed42,100000,phase1c1_v2
data/raw/WiFI_and_MQTT/attacks/pcap/train/TCP_IP-DDoS-ICMP2_train.pcap,attacks,ATTACK,DDoS,DDoS_ICMP,,,,DDoS_ICMP_2,25,30.0,1.0,19475470,0,0,1,779018,19475450,1,20,0.9999989730671455,0,0.0,9.5367431640625e-07,0.0003479910057710547,0.00014901161193847656,0.0012059211730957031,0.0017268657684326172,1.0157020092010498,reservoir_n100000_seed42,100000,phase1c1_v2
data/raw/WiFI_and_MQTT/attacks/pcap/train/TCP_IP-DDoS-ICMP2_train.pcap,attacks,ATTACK,DDoS,DDoS_ICMP,,,,DDoS_ICMP_2,50,5.0,1.0,19475470,0,0,1,389509,19475450,1,20,0.9999989730671455,0,0.0,3.695487976074219e-05,0.0007101904168878459,0.0005400180816650391,0.0018129348754882812,0.002605915069580078,1.3820469379425049,reservoir_n100000_seed42,100000,phase1c1_v2
data/raw/WiFI_and_MQTT/attacks/pcap/train/TCP_IP-DDoS-ICMP2_train.pcap,attacks,ATTACK,DDoS,DDoS_ICMP,,,,DDoS_ICMP_2,50,30.0,1.0,19475470,0,0,1,389509,19475450,1,20,0.9999989730671455,0,0.0,3.695487976074219e-05,0.0007101904168878459,0.0005400180816650391,0.0018129348754882812,0.002605915069580078,1.3820469379425049,reservoir_n100000_seed42,100000,phase1c1_v2
data/raw/WiFI_and_MQTT/attacks/pcap/train/TCP_IP-DDoS-ICMP2_train.pcap,attacks,ATTACK,DDoS,DDoS_ICMP,,,,DDoS_ICMP_2,100,5.0,1.0,19475470,0,0,1,194754,19475400,1,70,0.9999964057350093,0,0.0,9.202957153320312e-05,0.0014345980516154773,0.0013289451599121094,0.0028450489044189453,0.004483022689819316,1.385329008102417,reservoir_n100000_seed42,100000,phase1c1_v2
data/raw/WiFI_and_MQTT/attacks/pcap/train/TCP_IP-DDoS-ICMP2_train.pcap,attacks,ATTACK,DDoS,DDoS_ICMP,,,,DDoS_ICMP_2,100,30.0,1.0,19475470,0,0,1,194754,19475400,1,70,0.9999964057350093,0,0.0,9.202957153320312e-05,0.0014345980516154773,0.0013289451599121094,0.0028450489044189453,0.004483022689819316,1.385329008102417,reservoir_n100000_seed42,100000,phase1c1_v2
data/raw/WiFI_and_MQTT/attacks/pcap/train/TCP_IP-DDoS-ICMP3_train.pcap,attacks,ATTACK,DDoS,DDoS_ICMP,,,,DDoS_ICMP_3,25,5.0,1.0,18963740,1,0,2,758549,18963725,2,15,0.9999992090167867,206116,0.2717240415582909,0.0,0.0005549865802058181,0.00011205673217773438,0.002607154846191395,0.004732849597930907,0.1959691047668457,reservoir_n100000_seed42,100000,phase1c1_v2
data/raw/WiFI_and_MQTT/attacks/pcap/train/TCP_IP-DDoS-ICMP3_train.pcap,attacks,ATTACK,DDoS,DDoS_ICMP,,,,DDoS_ICMP_3,25,30.0,1.0,18963740,1,0,2,758549,18963725,2,15,0.9999992090167867,206116,0.2717240415582909,0.0,0.0005549865802058181,0.00011205673217773438,0.002607154846191395,0.004732849597930907,0.1959691047668457,reservoir_n100000_seed42,100000,phase1c1_v2
data/raw/WiFI_and_MQTT/attacks/pcap/train/TCP_IP-DDoS-ICMP3_train.pcap,attacks,ATTACK,DDoS,DDoS_ICMP,,,,DDoS_ICMP_3,50,5.0,1.0,18963740,1,0,2,379274,18963700,2,40,0.9999978907114314,50031,0.13191254871148564,0.0,0.0011330188624149285,0.0005271434783935547,0.003893864154815671,0.005964050292968745,0.37096405029296875,reservoir_n100000_seed42,100000,phase1c1_v2
data/raw/WiFI_and_MQTT/attacks/pcap/train/TCP_IP-DDoS-ICMP3_train.pcap,attacks,ATTACK,DDoS,DDoS_ICMP,,,,DDoS_ICMP_3,50,30.0,1.0,18963740,1,0,2,379274,18963700,2,40,0.9999978907114314,50031,0.13191254871148564,0.0,0.0011330188624149285,0.0005271434783935547,0.003893864154815671,0.005964050292968745,0.37096405029296875,reservoir_n100000_seed42,100000,phase1c1_v2
data/raw/WiFI_and_MQTT/attacks/pcap/train/TCP_IP-DDoS-ICMP3_train.pcap,attacks,ATTACK,DDoS,DDoS_ICMP,,,,DDoS_ICMP_3,100,5.0,1.0,18963740,1,0,2,189637,18963700,2,40,0.9999978907114314,4856,0.025606817235033247,0.0,0.0022891521494088993,0.0016810894012451172,0.005691051483154297,0.007860929965972884,0.688011884689331,reservoir_n100000_seed42,100000,phase1c1_v2
data/raw/WiFI_and_MQTT/attacks/pcap/train/TCP_IP-DDoS-ICMP3_train.pcap,attacks,ATTACK,DDoS,DDoS_ICMP,,,,DDoS_ICMP_3,100,30.0,1.0,18963740,1,0,2,189637,18963700,2,40,0.9999978907114314,4856,0.025606817235033247,0.0,0.0022891521494088993,0.0016810894012451172,0.005691051483154297,0.007860929965972884,0.688011884689331,reservoir_n100000_seed42,100000,phase1c1_v2
data/raw/WiFI_and_MQTT/attacks/pcap/train/TCP_IP-DDoS-ICMP4_train.pcap,attacks,ATTACK,DDoS,DDoS_ICMP,,,,DDoS_ICMP_4,25,5.0,1.0,19266601,1,0,2,770663,19266575,2,26,0.9999986505144317,157388,0.20422415504572036,0.0,0.0005175149571488889,0.00012683868408203125,0.0024171233177184975,0.004548790454864501,0.035221099853515625,reservoir_n100000_seed42,100000,phase1c1_v2
data/raw/WiFI_and_MQTT/attacks/pcap/train/TCP_IP-DDoS-ICMP4_train.pcap,attacks,ATTACK,DDoS,DDoS_ICMP,,,,DDoS_ICMP_4,25,30.0,1.0,19266601,1,0,2,770663,19266575,2,26,0.9999986505144317,157388,0.20422415504572036,0.0,0.0005175149571488889,0.00012683868408203125,0.0024171233177184975,0.004548790454864501,0.035221099853515625,reservoir_n100000_seed42,100000,phase1c1_v2
data/raw/WiFI_and_MQTT/attacks/pcap/train/TCP_IP-DDoS-ICMP4_train.pcap,attacks,ATTACK,DDoS,DDoS_ICMP,,,,DDoS_ICMP_4,50,5.0,1.0,19266601,1,0,2,385331,19266550,2,51,0.9999973529321544,37618,0.0976251586298533,0.0,0.0010567232643712975,0.0005929470062255859,0.003665924072265625,0.005897054672241206,0.035253047943115234,reservoir_n100000_seed42,100000,phase1c1_v2
data/raw/WiFI_and_MQTT/attacks/pcap/train/TCP_IP-DDoS-ICMP4_train.pcap,attacks,ATTACK,DDoS,DDoS_ICMP,,,,DDoS_ICMP_4,50,30.0,1.0,19266601,1,0,2,385331,19266550,2,51,0.9999973529321544,37618,0.0976251586298533,0.0,0.0010567232643712975,0.0005929470062255859,0.003665924072265625,0.005897054672241206,0.035253047943115234,reservoir_n100000_seed42,100000,phase1c1_v2
data/raw/WiFI_and_MQTT/attacks/pcap/train/TCP_IP-DDoS-ICMP4_train.pcap,attacks,ATTACK,DDoS,DDoS_ICMP,,,,DDoS_ICMP_4,100,5.0,1.0,19266601,1,0,2,192665,19266500,2,101,0.9999947577676,3508,0.018207769963407987,0.0,0.0021351949687169044,0.001661062240600586,0.005554926395416257,0.008015880584716792,0.04261302947998047,reservoir_n100000_seed42,100000,phase1c1_v2
data/raw/WiFI_and_MQTT/attacks/pcap/train/TCP_IP-DDoS-ICMP4_train.pcap,attacks,ATTACK,DDoS,DDoS_ICMP,,,,DDoS_ICMP_4,100,30.0,1.0,19266601,1,0,2,192665,19266500,2,101,0.9999947577676,3508,0.018207769963407987,0.0,0.0021351949687169044,0.001661062240600586,0.005554926395416257,0.008015880584716792,0.04261302947998047,reservoir_n100000_seed42,100000,phase1c1_v2
data/raw/WiFI_and_MQTT/attacks/pcap/train/TCP_IP-DDoS-ICMP5_train.pcap,attacks,ATTACK,DDoS,DDoS_ICMP,,,,DDoS_ICMP_5,25,5.0,1.0,19496250,0,0,1,779850,19496250,0,0,1.0,93752,0.12021799063922549,0.0,0.00047821932223589595,0.00013518333435058594,0.001977932453155515,0.004109172821044907,0.028710126876831055,reservoir_n100000_seed42,100000,phase1c1_v2
data/raw/WiFI_and_MQTT/attacks/pcap/train/TCP_IP-DDoS-ICMP5_train.pcap,attacks,ATTACK,DDoS,DDoS_ICMP,,,,DDoS_ICMP_5,25,30.0,1.0,19496250,0,0,1,779850,19496250,0,0,1.0,93752,0.12021799063922549,0.0,0.00047821932223589595,0.00013518333435058594,0.001977932453155515,0.004109172821044907,0.028710126876831055,reservoir_n100000_seed42,100000,phase1c1_v2
data/raw/WiFI_and_MQTT/attacks/pcap/train/TCP_IP-DDoS-ICMP5_train.pcap,attacks,ATTACK,DDoS,DDoS_ICMP,,,,DDoS_ICMP_5,50,5.0,1.0,19496250,0,0,1,389925,19496250,0,0,1.0,21499,0.055136244149515935,0.0,0.0009760880499319625,0.0006380081176757812,0.0032100677490234375,0.005517969131469722,0.032926082611083984,reservoir_n100000_seed42,100000,phase1c1_v2
data/raw/WiFI_and_MQTT/attacks/pcap/train/TCP_IP-DDoS-ICMP5_train.pcap,attacks,ATTACK,DDoS,DDoS_ICMP,,,,DDoS_ICMP_5,50,30.0,1.0,19496250,0,0,1,389925,19496250,0,0,1.0,21499,0.055136244149515935,0.0,0.0009760880499319625,0.0006380081176757812,0.0032100677490234375,0.005517969131469722,0.032926082611083984,reservoir_n100000_seed42,100000,phase1c1_v2
data/raw/WiFI_and_MQTT/attacks/pcap/train/TCP_IP-DDoS-ICMP5_train.pcap,attacks,ATTACK,DDoS,DDoS_ICMP,,,,DDoS_ICMP_5,100,5.0,1.0,19496250,0,0,1,194962,19496200,1,50,0.9999974354042445,2084,0.010689262522953191,0.0,0.0019727169215740924,0.0015711784362792969,0.005052816867828366,0.007785818576812733,0.03682208061218262,reservoir_n100000_seed42,100000,phase1c1_v2
data/raw/WiFI_and_MQTT/attacks/pcap/train/TCP_IP-DDoS-ICMP5_train.pcap,attacks,ATTACK,DDoS,DDoS_ICMP,,,,DDoS_ICMP_5,100,30.0,1.0,19496250,0,0,1,194962,19496200,1,50,0.9999974354042445,2084,0.010689262522953191,0.0,0.0019727169215740924,0.0015711784362792969,0.005052816867828366,0.007785818576812733,0.03682208061218262,reservoir_n100000_seed42,100000,phase1c1_v2
data/raw/WiFI_and_MQTT/attacks/pcap/train/TCP_IP-DDoS-ICMP6_train.pcap,attacks,ATTACK,DDoS,DDoS_ICMP,,,,DDoS_ICMP_6,25,5.0,1.0,19080009,1,0,2,763199,19079975,2,34,0.9999982180301906,35782,0.046884233338880164,0.0,0.0006725761806655495,0.00032711029052734375,0.0015819072723388672,0.0031371307373046775,1.6022348403930664,reservoir_n100000_seed42,100000,phase1c1_v2
data/raw/WiFI_and_MQTT/attacks/pcap/train/TCP_IP-DDoS-ICMP6_train.pcap,attacks,ATTACK,DDoS,DDoS_ICMP,,,,DDoS_ICMP_6,25,30.0,1.0,19080009,1,0,2,763199,19079975,2,34,0.9999982180301906,35782,0.046884233338880164,0.0,0.0006725761806655495,0.00032711029052734375,0.0015819072723388672,0.0031371307373046775,1.6022348403930664,reservoir_n100000_seed42,100000,phase1c1_v2
data/raw/WiFI_and_MQTT/attacks/pcap/train/TCP_IP-DDoS-ICMP6_train.pcap,attacks,ATTACK,DDoS,DDoS_ICMP,,,,DDoS_ICMP_6,50,5.0,1.0,19080009,1,0,2,381599,19079950,2,59,0.999996907758272,8276,0.021687687860817245,0.0,0.0013740724345657489,0.001001119613647461,0.0027928471565246554,0.004521138668060299,2.4244959354400635,reservoir_n100000_seed42,100000,phase1c1_v2
data/raw/WiFI_and_MQTT/attacks/pcap/train/TCP_IP-DDoS-ICMP6_train.pcap,attacks,ATTACK,DDoS,DDoS_ICMP,,,,DDoS_ICMP_6,50,30.0,1.0,19080009,1,0,2,381599,19079950,2,59,0.999996907758272,8276,0.021687687860817245,0.0,0.0013740724345657489,0.001001119613647461,0.0027928471565246554,0.004521138668060299,2.4244959354400635,reservoir_n100000_seed42,100000,phase1c1_v2
data/raw/WiFI_and_MQTT/attacks/pcap/train/TCP_IP-DDoS-ICMP6_train.pcap,attacks,ATTACK,DDoS,DDoS_ICMP,,,,DDoS_ICMP_6,100,5.0,1.0,19080009,1,0,2,190799,19079900,2,109,0.9999942872144347,764,0.0040042138585632,0.0,0.002775065929472482,0.0020170211791992188,0.004876863956451413,0.006875047683715815,3.908953905105591,reservoir_n100000_seed42,100000,phase1c1_v2
data/raw/WiFI_and_MQTT/attacks/pcap/train/TCP_IP-DDoS-ICMP6_train.pcap,attacks,ATTACK,DDoS,DDoS_ICMP,,,,DDoS_ICMP_6,100,30.0,1.0,19080009,1,0,2,190799,19079900,2,109,0.9999942872144347,764,0.0040042138585632,0.0,0.002775065929472482,0.0020170211791992188,0.004876863956451413,0.006875047683715815,3.908953905105591,reservoir_n100000_seed42,100000,phase1c1_v2
data/raw/WiFI_and_MQTT/attacks/pcap/train/TCP_IP-DDoS-ICMP7_train.pcap,attacks,ATTACK,DDoS,DDoS_ICMP,,,,DDoS_ICMP_7,25,5.0,1.0,18594177,2,0,3,743766,18594150,3,27,0.999998547932506,8161,0.010972537061387587,0.0,0.001413426954933842,0.0007381439208984375,0.0024890899658203125,0.003947019577026367,2.0045831203460693,reservoir_n100000_seed42,100000,phase1c1_v2
data/raw/WiFI_and_MQTT/attacks/pcap/train/TCP_IP-DDoS-ICMP7_train.pcap,attacks,ATTACK,DDoS,DDoS_ICMP,,,,DDoS_ICMP_7,25,30.0,1.0,18594177,2,0,3,743766,18594150,3,27,0.999998547932506,8161,0.010972537061387587,0.0,0.001413426954933842,0.0007381439208984375,0.0024890899658203125,0.003947019577026367,2.0045831203460693,reservoir_n100000_seed42,100000,phase1c1_v2
data/raw/WiFI_and_MQTT/attacks/pcap/train/TCP_IP-DDoS-ICMP7_train.pcap,attacks,ATTACK,DDoS,DDoS_ICMP,,,,DDoS_ICMP_7,50,5.0,1.0,18594177,2,0,3,371882,18594100,3,77,0.9999958589186281,733,0.001971055334756724,0.0,0.002890578234538256,0.0016614198684692383,0.0037579655647277804,0.005885152816772446,3.004207134246826,reservoir_n100000_seed42,100000,phase1c1_v2
data/raw/WiFI_and_MQTT/attacks/pcap/train/TCP_IP-DDoS-ICMP7_train.pcap,attacks,ATTACK,DDoS,DDoS_ICMP,,,,DDoS_ICMP_7,50,30.0,1.0,18594177,2,0,3,371882,18594100,3,77,0.9999958589186281,733,0.001971055334756724,0.0,0.002890578234538256,0.0016614198684692383,0.0037579655647277804,0.005885152816772446,3.004207134246826,reservoir_n100000_seed42,100000,phase1c1_v2
data/raw/WiFI_and_MQTT/attacks/pcap/train/TCP_IP-DDoS-ICMP7_train.pcap,attacks,ATTACK,DDoS,DDoS_ICMP,,,,DDoS_ICMP_7,100,5.0,1.0,18594177,2,0,3,185940,18594000,3,177,0.9999904808908725,10,5.378078950198989e-05,0.0,0.005846608309537041,0.003345966339111328,0.006463050842285156,0.011461038589477529,5.00272011756897,reservoir_n100000_seed42,100000,phase1c1_v2
data/raw/WiFI_and_MQTT/attacks/pcap/train/TCP_IP-DDoS-ICMP7_train.pcap,attacks,ATTACK,DDoS,DDoS_ICMP,,,,DDoS_ICMP_7,100,30.0,1.0,18594177,2,0,3,185940,18594000,3,177,0.9999904808908725,10,5.378078950198989e-05,0.0,0.005846608309537041,0.003345966339111328,0.006463050842285156,0.011461038589477529,5.00272011756897,reservoir_n100000_seed42,100000,phase1c1_v2
data/raw/WiFI_and_MQTT/attacks/pcap/train/TCP_IP-DDoS-ICMP8_train.pcap,attacks,ATTACK,DDoS,DDoS_ICMP,,,,DDoS_ICMP_8,25,5.0,1.0,19326527,0,0,1,773061,19326525,1,2,0.9999998965152922,0,0.0,5.0067901611328125e-06,0.00062672441926778,0.0004930496215820312,0.001522064208984375,0.002667906284332274,1.9521830081939697,reservoir_n100000_seed42,100000,phase1c1_v2
data/raw/WiFI_and_MQTT/attacks/pcap/train/TCP_IP-DDoS-ICMP8_train.pcap,attacks,ATTACK,DDoS,DDoS_ICMP,,,,DDoS_ICMP_8,25,30.0,1.0,19326527,0,0,1,773061,19326525,1,2,0.9999998965152922,0,0.0,5.0067901611328125e-06,0.00062672441926778,0.0004930496215820312,0.001522064208984375,0.002667906284332274,1.9521830081939697,reservoir_n100000_seed42,100000,phase1c1_v2
data/raw/WiFI_and_MQTT/attacks/pcap/train/TCP_IP-DDoS-ICMP8_train.pcap,attacks,ATTACK,DDoS,DDoS_ICMP,,,,DDoS_ICMP_8,50,5.0,1.0,19326527,0,0,1,386530,19326500,1,27,0.9999986029564443,0,0.0,3.2901763916015625e-05,0.0012795213270973204,0.0011010169982910156,0.0026438236236572266,0.004043819904327391,2.906087875366211,reservoir_n100000_seed42,100000,phase1c1_v2
data/raw/WiFI_and_MQTT/attacks/pcap/train/TCP_IP-DDoS-ICMP8_train.pcap,attacks,ATTACK,DDoS,DDoS_ICMP,,,,DDoS_ICMP_8,50,30.0,1.0,19326527,0,0,1,386530,19326500,1,27,0.9999986029564443,0,0.0,3.2901763916015625e-05,0.0012795213270973204,0.0011010169982910156,0.0026438236236572266,0.004043819904327391,2.906087875366211,reservoir_n100000_seed42,100000,phase1c1_v2
data/raw/WiFI_and_MQTT/attacks/pcap/train/TCP_IP-DDoS-ICMP8_train.pcap,attacks,ATTACK,DDoS,DDoS_ICMP,,,,DDoS_ICMP_8,100,5.0,1.0,19326527,0,0,1,193265,19326500,1,27,0.9999986029564443,0,0.0,8.106231689453125e-05,0.0025898745935046437,0.0021691322326660156,0.004808902740478516,0.006701259613037094,4.907384872436523,reservoir_n100000_seed42,100000,phase1c1_v2
data/raw/WiFI_and_MQTT/attacks/pcap/train/TCP_IP-DDoS-ICMP8_train.pcap,attacks,ATTACK,DDoS,DDoS_ICMP,,,,DDoS_ICMP_8,100,30.0,1.0,19326527,0,0,1,193265,19326500,1,27,0.9999986029564443,0,0.0,8.106231689453125e-05,0.0025898745935046437,0.0021691322326660156,0.004808902740478516,0.006701259613037094,4.907384872436523,reservoir_n100000_seed42,100000,phase1c1_v2
data/raw/WiFI_and_MQTT/attacks/pcap/train/TCP_IP-DDoS-SYN1_train.pcap,attacks,ATTACK,DDoS,DDoS_SYN,,,,DDoS_SYN_1,25,5.0,1.0,19931997,1,0,2,797279,19931975,2,22,0.9999988962470745,58642,0.07355267102231465,0.0,0.0007394969052691249,0.0003561973571777344,0.0017688393592834445,0.003568918704986556,2.003911018371582,reservoir_n100000_seed42,100000,phase1c1_v2
data/raw/WiFI_and_MQTT/attacks/pcap/train/TCP_IP-DDoS-SYN1_train.pcap,attacks,ATTACK,DDoS,DDoS_SYN,,,,DDoS_SYN_1,25,30.0,1.0,19931997,1,0,2,797279,19931975,2,22,0.9999988962470745,58642,0.07355267102231465,0.0,0.0007394969052691249,0.0003561973571777344,0.0017688393592834445,0.003568918704986556,2.003911018371582,reservoir_n100000_seed42,100000,phase1c1_v2
data/raw/WiFI_and_MQTT/attacks/pcap/train/TCP_IP-DDoS-SYN1_train.pcap,attacks,ATTACK,DDoS,DDoS_SYN,,,,DDoS_SYN_1,50,5.0,1.0,19931997,1,0,2,398639,19931950,2,47,0.9999976419823864,7282,0.01826715399145593,0.0,0.001512299366538028,0.0009250640869140625,0.0029458999633789062,0.005415928363800043,2.9996979236602783,reservoir_n100000_seed42,100000,phase1c1_v2
data/raw/WiFI_and_MQTT/attacks/pcap/train/TCP_IP-DDoS-SYN1_train.pcap,attacks,ATTACK,DDoS,DDoS_SYN,,,,DDoS_SYN_1,50,30.0,1.0,19931997,1,0,2,398639,19931950,2,47,0.9999976419823864,7282,0.01826715399145593,0.0,0.001512299366538028,0.0009250640869140625,0.0029458999633789062,0.005415928363800043,2.9996979236602783,reservoir_n100000_seed42,100000,phase1c1_v2
data/raw/WiFI_and_MQTT/attacks/pcap/train/TCP_IP-DDoS-SYN1_train.pcap,attacks,ATTACK,DDoS,DDoS_SYN,,,,DDoS_SYN_1,100,5.0,1.0,19931997,1,0,2,199319,19931900,2,97,0.9999951334530103,119,0.0005970328970143338,0.0,0.0030521675375775733,0.00191497802734375,0.0053141117095947266,0.009279062747955296,4.960019111633301,reservoir_n100000_seed42,100000,phase1c1_v2
data/raw/WiFI_and_MQTT/attacks/pcap/train/TCP_IP-DDoS-SYN1_train.pcap,attacks,ATTACK,DDoS,DDoS_SYN,,,,DDoS_SYN_1,100,30.0,1.0,19931997,1,0,2,199319,19931900,2,97,0.9999951334530103,119,0.0005970328970143338,0.0,0.0030521675375775733,0.00191497802734375,0.0053141117095947266,0.009279062747955296,4.960019111633301,reservoir_n100000_seed42,100000,phase1c1_v2
data/raw/WiFI_and_MQTT/attacks/pcap/train/TCP_IP-DDoS-SYN2_train.pcap,attacks,ATTACK,DDoS,DDoS_SYN,,,,DDoS_SYN_2,25,5.0,1.0,20359731,1,0,2,814389,20359725,2,6,0.9999997053006251,87252,0.10713798933924697,0.0,0.00047428554755398405,0.00026702880859375,0.0015430450439453125,0.002698183059692383,1.7783339023590088,reservoir_n100000_seed42,100000,phase1c1_v2
data/raw/WiFI_and_MQTT/attacks/pcap/train/TCP_IP-DDoS-SYN2_train.pcap,attacks,ATTACK,DDoS,DDoS_SYN,,,,DDoS_SYN_2,25,30.0,1.0,20359731,1,0,2,814389,20359725,2,6,0.9999997053006251,87252,0.10713798933924697,0.0,0.00047428554755398405,0.00026702880859375,0.0015430450439453125,0.002698183059692383,1.7783339023590088,reservoir_n100000_seed42,100000,phase1c1_v2
data/raw/WiFI_and_MQTT/attacks/pcap/train/TCP_IP-DDoS-SYN2_train.pcap,attacks,ATTACK,DDoS,DDoS_SYN,,,,DDoS_SYN_2,50,5.0,1.0,20359731,1,0,2,407194,20359700,2,31,0.9999984773865627,12594,0.030928746494300014,0.0,0.0009680829246084548,0.0007939338684082031,0.0024471282958984375,0.003752014636993397,1.8168909549713135,reservoir_n100000_seed42,100000,phase1c1_v2
data/raw/WiFI_and_MQTT/attacks/pcap/train/TCP_IP-DDoS-SYN2_train.pcap,attacks,ATTACK,DDoS,DDoS_SYN,,,,DDoS_SYN_2,50,30.0,1.0,20359731,1,0,2,407194,20359700,2,31,0.9999984773865627,12594,0.030928746494300014,0.0,0.0009680829246084548,0.0007939338684082031,0.0024471282958984375,0.003752014636993397,1.8168909549713135,reservoir_n100000_seed42,100000,phase1c1_v2
data/raw/WiFI_and_MQTT/attacks/pcap/train/TCP_IP-DDoS-SYN2_train.pcap,attacks,ATTACK,DDoS,DDoS_SYN,,,,DDoS_SYN_2,100,5.0,1.0,20359731,1,0,2,203597,20359700,2,31,0.9999984773865627,657,0.0032269630692004303,0.0,0.001955345570386793,0.0016989707946777344,0.00407099723815918,0.005722999572753906,2.641213893890381,reservoir_n100000_seed42,100000,phase1c1_v2
data/raw/WiFI_and_MQTT/attacks/pcap/train/TCP_IP-DDoS-SYN2_train.pcap,attacks,ATTACK,DDoS,DDoS_SYN,,,,DDoS_SYN_2,100,30.0,1.0,20359731,1,0,2,203597,20359700,2,31,0.9999984773865627,657,0.0032269630692004303,0.0,0.001955345570386793,0.0016989707946777344,0.00407099723815918,0.005722999572753906,2.641213893890381,reservoir_n100000_seed42,100000,phase1c1_v2
data/raw/WiFI_and_MQTT/attacks/pcap/train/TCP_IP-DDoS-SYN3_train.pcap,attacks,ATTACK,DDoS,DDoS_SYN,,,,DDoS_SYN_3,25,5.0,1.0,20194641,0,0,1,807785,20194625,1,16,0.9999992077106,131040,0.16222138316507487,0.0,0.00045747433265867326,0.0001881122589111328,0.0016210079193115234,0.002727994918823237,0.01817607879638672,reservoir_n100000_seed42,100000,phase1c1_v2
data/raw/WiFI_and_MQTT/attacks/pcap/train/TCP_IP-DDoS-SYN3_train.pcap,attacks,ATTACK,DDoS,DDoS_SYN,,,,DDoS_SYN_3,25,30.0,1.0,20194641,0,0,1,807785,20194625,1,16,0.9999992077106,131040,0.16222138316507487,0.0,0.00045747433265867326,0.0001881122589111328,0.0016210079193115234,0.002727994918823237,0.01817607879638672,reservoir_n100000_seed42,100000,phase1c1_v2
data/raw/WiFI_and_MQTT/attacks/pcap/train/TCP_IP-DDoS-SYN3_train.pcap,attacks,ATTACK,DDoS,DDoS_SYN,,,,DDoS_SYN_3,50,5.0,1.0,20194641,0,0,1,403892,20194600,1,41,0.9999979697584126,21158,0.05238529111742743,0.0,0.0009342426632630149,0.0007297992706298828,0.002525806427001953,0.0038449764251708984,0.01817607879638672,reservoir_n100000_seed42,100000,phase1c1_v2
data/raw/WiFI_and_MQTT/attacks/pcap/train/TCP_IP-DDoS-SYN3_train.pcap,attacks,ATTACK,DDoS,DDoS_SYN,,,,DDoS_SYN_3,50,30.0,1.0,20194641,0,0,1,403892,20194600,1,41,0.9999979697584126,21158,0.05238529111742743,0.0,0.0009342426632630149,0.0007297992706298828,0.002525806427001953,0.0038449764251708984,0.01817607879638672,reservoir_n100000_seed42,100000,phase1c1_v2
data/raw/WiFI_and_MQTT/attacks/pcap/train/TCP_IP-DDoS-SYN3_train.pcap,attacks,ATTACK,DDoS,DDoS_SYN,,,,DDoS_SYN_3,100,5.0,1.0,20194641,0,0,1,201946,20194600,1,41,0.9999979697584126,1442,0.00714052271399285,0.0,0.001887610097180943,0.0016939640045166016,0.004055976867675781,0.005799064636230464,0.01955699920654297,reservoir_n100000_seed42,100000,phase1c1_v2
data/raw/WiFI_and_MQTT/attacks/pcap/train/TCP_IP-DDoS-SYN3_train.pcap,attacks,ATTACK,DDoS,DDoS_SYN,,,,DDoS_SYN_3,100,30.0,1.0,20194641,0,0,1,201946,20194600,1,41,0.9999979697584126,1442,0.00714052271399285,0.0,0.001887610097180943,0.0016939640045166016,0.004055976867675781,0.005799064636230464,0.01955699920654297,reservoir_n100000_seed42,100000,phase1c1_v2
data/raw/WiFI_and_MQTT/attacks/pcap/train/TCP_IP-DDoS-SYN4_train.pcap,attacks,ATTACK,DDoS,DDoS_SYN,,,,DDoS_SYN_4,25,5.0,1.0,19679812,1,0,2,787191,19679775,2,37,0.9999981199007388,0,0.0,1.9073486328125e-06,0.0013217792319255863,0.0008080005645751953,0.0023910999298095703,0.0041840362548827975,2.001129150390625,reservoir_n100000_seed42,100000,phase1c1_v2
data/raw/WiFI_and_MQTT/attacks/pcap/train/TCP_IP-DDoS-SYN4_train.pcap,attacks,ATTACK,DDoS,DDoS_SYN,,,,DDoS_SYN_4,25,30.0,1.0,19679812,1,0,2,787191,19679775,2,37,0.9999981199007388,0,0.0,1.9073486328125e-06,0.0013217792319255863,0.0008080005645751953,0.0023910999298095703,0.0041840362548827975,2.001129150390625,reservoir_n100000_seed42,100000,phase1c1_v2
data/raw/WiFI_and_MQTT/attacks/pcap/train/TCP_IP-DDoS-SYN4_train.pcap,attacks,ATTACK,DDoS,DDoS_SYN,,,,DDoS_SYN_4,50,5.0,1.0,19679812,1,0,2,393595,19679750,2,62,0.9999968495634003,0,0.0,4.696846008300781e-05,0.0027000591330558,0.0017580986022949219,0.004389047622680664,0.008366835117340082,3.0020101070404053,reservoir_n100000_seed42,100000,phase1c1_v2
data/raw/WiFI_and_MQTT/attacks/pcap/train/TCP_IP-DDoS-SYN4_train.pcap,attacks,ATTACK,DDoS,DDoS_SYN,,,,DDoS_SYN_4,50,30.0,1.0,19679812,1,0,2,393595,19679750,2,62,0.9999968495634003,0,0.0,4.696846008300781e-05,0.0027000591330558,0.0017580986022949219,0.004389047622680664,0.008366835117340082,3.0020101070404053,reservoir_n100000_seed42,100000,phase1c1_v2
data/raw/WiFI_and_MQTT/attacks/pcap/train/TCP_IP-DDoS-SYN4_train.pcap,attacks,ATTACK,DDoS,DDoS_SYN,,,,DDoS_SYN_4,100,5.0,1.0,19679812,1,0,2,196797,19679700,2,112,0.9999943088887231,0,0.0,0.0001418590545654297,0.005460556342955448,0.0035619735717773438,0.007894086837768544,0.016152005195617623,4.997648000717163,reservoir_n100000_seed42,100000,phase1c1_v2
data/raw/WiFI_and_MQTT/attacks/pcap/train/TCP_IP-DDoS-SYN4_train.pcap,attacks,ATTACK,DDoS,DDoS_SYN,,,,DDoS_SYN_4,100,30.0,1.0,19679812,1,0,2,196797,19679700,2,112,0.9999943088887231,0,0.0,0.0001418590545654297,0.005460556342955448,0.0035619735717773438,0.007894086837768544,0.016152005195617623,4.997648000717163,reservoir_n100000_seed42,100000,phase1c1_v2
data/raw/WiFI_and_MQTT/attacks/pcap/train/TCP_IP-DDoS-TCP1_train.pcap,attacks,ATTACK,DDoS,DDoS_TCP,,,,DDoS_TCP_1,25,5.0,1.0,20223622,0,0,1,808944,20223600,1,22,0.9999989121632119,3,3.7085385391324987e-06,0.0,0.0004278156075896067,0.0002999305725097656,0.0012309551239013672,0.0018589591979980419,0.03327012062072754,reservoir_n100000_seed42,100000,phase1c1_v2
data/raw/WiFI_and_MQTT/attacks/pcap/train/TCP_IP-DDoS-TCP1_train.pcap,attacks,ATTACK,DDoS,DDoS_TCP,,,,DDoS_TCP_1,25,30.0,1.0,20223622,0,0,1,808944,20223600,1,22,0.9999989121632119,3,3.7085385391324987e-06,0.0,0.0004278156075896067,0.0002999305725097656,0.0012309551239013672,0.0018589591979980419,0.03327012062072754,reservoir_n100000_seed42,100000,phase1c1_v2
data/raw/WiFI_and_MQTT/attacks/pcap/train/TCP_IP-DDoS-TCP1_train.pcap,attacks,ATTACK,DDoS,DDoS_TCP,,,,DDoS_TCP_1,50,5.0,1.0,20223622,0,0,1,404472,20223600,1,22,0.9999989121632119,0,0.0,3.600120544433594e-05,0.0008732992165799632,0.0008170604705810547,0.0019040107727050781,0.0027000904083251953,0.04681396484375,reservoir_n100000_seed42,100000,phase1c1_v2
data/raw/WiFI_and_MQTT/attacks/pcap/train/TCP_IP-DDoS-TCP1_train.pcap,attacks,ATTACK,DDoS,DDoS_TCP,,,,DDoS_TCP_1,50,30.0,1.0,20223622,0,0,1,404472,20223600,1,22,0.9999989121632119,0,0.0,3.600120544433594e-05,0.0008732992165799632,0.0008170604705810547,0.0019040107727050781,0.0027000904083251953,0.04681396484375,reservoir_n100000_seed42,100000,phase1c1_v2
data/raw/WiFI_and_MQTT/attacks/pcap/train/TCP_IP-DDoS-TCP1_train.pcap,attacks,ATTACK,DDoS,DDoS_TCP,,,,DDoS_TCP_1,100,5.0,1.0,20223622,0,0,1,202236,20223600,1,22,0.9999989121632119,0,0.0,8.20159912109375e-05,0.0017642114318014383,0.001661062240600586,0.0031790733337402344,0.004277944564819336,0.08345985412597656,reservoir_n100000_seed42,100000,phase1c1_v2
data/raw/WiFI_and_MQTT/attacks/pcap/train/TCP_IP-DDoS-TCP1_train.pcap,attacks,ATTACK,DDoS,DDoS_TCP,,,,DDoS_TCP_1,100,30.0,1.0,20223622,0,0,1,202236,20223600,1,22,0.9999989121632119,0,0.0,8.20159912109375e-05,0.0017642114318014383,0.001661062240600586,0.0031790733337402344,0.004277944564819336,0.08345985412597656,reservoir_n100000_seed42,100000,phase1c1_v2
data/raw/WiFI_and_MQTT/attacks/pcap/train/TCP_IP-DDoS-TCP2_train.pcap,attacks,ATTACK,DDoS,DDoS_TCP,,,,DDoS_TCP_2,25,5.0,1.0,19700758,2,0,3,788029,19700725,3,33,0.999998324937548,85,0.00010786405068848989,0.0,0.0017326493649050994,0.0005118846893310547,0.0018620491027832031,0.0034389901161193635,2.001661777496338,reservoir_n100000_seed42,100000,phase1c1_v2
data/raw/WiFI_and_MQTT/attacks/pcap/train/TCP_IP-DDoS-TCP2_train.pcap,attacks,ATTACK,DDoS,DDoS_TCP,,,,DDoS_TCP_2,25,30.0,1.0,19700758,2,0,3,788029,19700725,3,33,0.999998324937548,85,0.00010786405068848989,0.0,0.0017326493649050994,0.0005118846893310547,0.0018620491027832031,0.0034389901161193635,2.001661777496338,reservoir_n100000_seed42,100000,phase1c1_v2
data/raw/WiFI_and_MQTT/attacks/pcap/train/TCP_IP-DDoS-TCP2_train.pcap,attacks,ATTACK,DDoS,DDoS_TCP,,,,DDoS_TCP_2,50,5.0,1.0,19700758,2,0,3,394013,19700650,3,108,0.9999945179774301,1,2.5379873252912973e-06,0.0,0.0035375098891098408,0.001094818115234375,0.003322172164916981,0.007754187583923287,3.7789788246154785,reservoir_n100000_seed42,100000,phase1c1_v2
data/raw/WiFI_and_MQTT/attacks/pcap/train/TCP_IP-DDoS-TCP2_train.pcap,attacks,ATTACK,DDoS,DDoS_TCP,,,,DDoS_TCP_2,50,30.0,1.0,19700758,2,0,3,394013,19700650,3,108,0.9999945179774301,1,2.5379873252912973e-06,0.0,0.0035375098891098408,0.001094818115234375,0.003322172164916981,0.007754187583923287,3.7789788246154785,reservoir_n100000_seed42,100000,phase1c1_v2
data/raw/WiFI_and_MQTT/attacks/pcap/train/TCP_IP-DDoS-TCP2_train.pcap,attacks,ATTACK,DDoS,DDoS_TCP,,,,DDoS_TCP_2,100,5.0,1.0,19700758,2,0,3,197006,19700600,3,158,0.9999919800040181,0,0.0,0.00010895729064941406,0.0071308603299135714,0.0021529197692871094,0.0063889503479003795,0.019360084533691396,5.996083974838257,reservoir_n100000_seed42,100000,phase1c1_v2
data/raw/WiFI_and_MQTT/attacks/pcap/train/TCP_IP-DDoS-TCP2_train.pcap,attacks,ATTACK,DDoS,DDoS_TCP,,,,DDoS_TCP_2,100,30.0,1.0,19700758,2,0,3,197006,19700600,3,158,0.9999919800040181,0,0.0,0.00010895729064941406,0.0071308603299135714,0.0021529197692871094,0.0063889503479003795,0.019360084533691396,5.996083974838257,reservoir_n100000_seed42,100000,phase1c1_v2
data/raw/WiFI_and_MQTT/attacks/pcap/train/TCP_IP-DDoS-TCP3_train.pcap,attacks,ATTACK,DDoS,DDoS_TCP,,,,DDoS_TCP_3,25,5.0,1.0,20399613,1,0,2,815984,20399600,2,13,0.9999993627330087,0,0.0,1.9073486328125e-06,0.0006230200216951047,0.00034999847412109375,0.0012421607971191406,0.0021550655364990234,2.0082409381866455,reservoir_n100000_seed42,100000,phase1c1_v2
data/raw/WiFI_and_MQTT/attacks/pcap/train/TCP_IP-DDoS-TCP3_train.pcap,attacks,ATTACK,DDoS,DDoS_TCP,,,,DDoS_TCP_3,25,30.0,1.0,20399613,1,0,2,815984,20399600,2,13,0.9999993627330087,0,0.0,1.9073486328125e-06,0.0006230200216951047,0.00034999847412109375,0.0012421607971191406,0.0021550655364990234,2.0082409381866455,reservoir_n100000_seed42,100000,phase1c1_v2
data/raw/WiFI_and_MQTT/attacks/pcap/train/TCP_IP-DDoS-TCP3_train.pcap,attacks,ATTACK,DDoS,DDoS_TCP,,,,DDoS_TCP_3,50,5.0,1.0,20399613,1,0,2,407992,20399600,2,13,0.9999993627330087,0,0.0,3.814697265625e-05,0.0012714142533979634,0.0008690357208251953,0.0020439624786376953,0.0029799938201904297,3.0093250274658203,reservoir_n100000_seed42,100000,phase1c1_v2
data/raw/WiFI_and_MQTT/attacks/pcap/train/TCP_IP-DDoS-TCP3_train.pcap,attacks,ATTACK,DDoS,DDoS_TCP,,,,DDoS_TCP_3,50,30.0,1.0,20399613,1,0,2,407992,20399600,2,13,0.9999993627330087,0,0.0,3.814697265625e-05,0.0012714142533979634,0.0008690357208251953,0.0020439624786376953,0.0029799938201904297,3.0093250274658203,reservoir_n100000_seed42,100000,phase1c1_v2
data/raw/WiFI_and_MQTT/attacks/pcap/train/TCP_IP-DDoS-TCP3_train.pcap,attacks,ATTACK,DDoS,DDoS_TCP,,,,DDoS_TCP_3,100,5.0,1.0,20399613,1,0,2,203996,20399600,2,13,0.9999993627330087,0,0.0,8.606910705566406e-05,0.0025654556332888536,0.0017361640930175781,0.003432035446166992,0.00453211784362792,5.587774038314819,reservoir_n100000_seed42,100000,phase1c1_v2
data/raw/WiFI_and_MQTT/attacks/pcap/train/TCP_IP-DDoS-TCP3_train.pcap,attacks,ATTACK,DDoS,DDoS_TCP,,,,DDoS_TCP_3,100,30.0,1.0,20399613,1,0,2,203996,20399600,2,13,0.9999993627330087,0,0.0,8.606910705566406e-05,0.0025654556332888536,0.0017361640930175781,0.003432035446166992,0.00453211784362792,5.587774038314819,reservoir_n100000_seed42,100000,phase1c1_v2
data/raw/WiFI_and_MQTT/attacks/pcap/train/TCP_IP-DDoS-TCP4_train.pcap,attacks,ATTACK,DDoS,DDoS_TCP,,,,DDoS_TCP_4,25,5.0,1.0,20091019,1,0,2,803640,20091000,2,19,0.9999990543038161,423,0.0005263550843661341,0.0,0.0008877646065085828,0.0007619857788085938,0.001638174057006836,0.002969980239868164,1.9983689785003662,reservoir_n100000_seed42,100000,phase1c1_v2
data/raw/WiFI_and_MQTT/attacks/pcap/train/TCP_IP-DDoS-TCP4_train.pcap,attacks,ATTACK,DDoS,DDoS_TCP,,,,DDoS_TCP_4,25,30.0,1.0,20091019,1,0,2,803640,20091000,2,19,0.9999990543038161,423,0.0005263550843661341,0.0,0.0008877646065085828,0.0007619857788085938,0.001638174057006836,0.002969980239868164,1.9983689785003662,reservoir_n100000_seed42,100000,phase1c1_v2
data/raw/WiFI_and_MQTT/attacks/pcap/train/TCP_IP-DDoS-TCP4_train.pcap,attacks,ATTACK,DDoS,DDoS_TCP,,,,DDoS_TCP_4,50,5.0,1.0,20091019,1,0,2,401819,20090950,2,69,0.9999965656296478,34,8.461521232196587e-05,0.0,0.001812696379773914,0.0016181468963623047,0.0028679370880126953,0.005685110092163076,2.1316990852355957,reservoir_n100000_seed42,100000,phase1c1_v2
data/raw/WiFI_and_MQTT/attacks/pcap/train/TCP_IP-DDoS-TCP4_train.pcap,attacks,ATTACK,DDoS,DDoS_TCP,,,,DDoS_TCP_4,50,30.0,1.0,20091019,1,0,2,401819,20090950,2,69,0.9999965656296478,34,8.461521232196587e-05,0.0,0.001812696379773914,0.0016181468963623047,0.0028679370880126953,0.005685110092163076,2.1316990852355957,reservoir_n100000_seed42,100000,phase1c1_v2
data/raw/WiFI_and_MQTT/attacks/pcap/train/TCP_IP-DDoS-TCP4_train.pcap,attacks,ATTACK,DDoS,DDoS_TCP,,,,DDoS_TCP_4,100,5.0,1.0,20091019,1,0,2,200909,20090900,2,119,0.9999940769554795,0,0.0,0.00013184547424316406,0.0036613689197020623,0.003216981887817383,0.005271232128143302,0.010974886417388915,2.9580161571502686,reservoir_n100000_seed42,100000,phase1c1_v2
data/raw/WiFI_and_MQTT/attacks/pcap/train/TCP_IP-DDoS-TCP4_train.pcap,attacks,ATTACK,DDoS,DDoS_TCP,,,,DDoS_TCP_4,100,30.0,1.0,20091019,1,0,2,200909,20090900,2,119,0.9999940769554795,0,0.0,0.00013184547424316406,0.0036613689197020623,0.003216981887817383,0.005271232128143302,0.010974886417388915,2.9580161571502686,reservoir_n100000_seed42,100000,phase1c1_v2
data/raw/WiFI_and_MQTT/attacks/pcap/train/TCP_IP-DDoS-UDP1_train.pcap,attacks,ATTACK,DDoS,DDoS_UDP,,,,DDoS_UDP_1,25,5.0,1.0,20608951,0,0,1,824358,20608950,1,1,0.9999999514773945,0,0.0,2.1457672119140625e-06,0.000411926937521364,0.0002770423889160156,0.0009770393371582031,0.001528024673461914,2.0009939670562744,reservoir_n100000_seed42,100000,phase1c1_v2
data/raw/WiFI_and_MQTT/attacks/pcap/train/TCP_IP-DDoS-UDP1_train.pcap,attacks,ATTACK,DDoS,DDoS_UDP,,,,DDoS_UDP_1,25,30.0,1.0,20608951,0,0,1,824358,20608950,1,1,0.9999999514773945,0,0.0,2.1457672119140625e-06,0.000411926937521364,0.0002770423889160156,0.0009770393371582031,0.001528024673461914,2.0009939670562744,reservoir_n100000_seed42,100000,phase1c1_v2
data/raw/WiFI_and_MQTT/attacks/pcap/train/TCP_IP-DDoS-UDP1_train.pcap,attacks,ATTACK,DDoS,DDoS_UDP,,,,DDoS_UDP_1,50,5.0,1.0,20608951,0,0,1,412179,20608950,1,1,0.9999999514773945,0,0.0,4.00543212890625e-05,0.0008394125581310853,0.0006880760192871094,0.0015649795532226562,0.002251157760620112,3.001613140106201,reservoir_n100000_seed42,100000,phase1c1_v2
data/raw/WiFI_and_MQTT/attacks/pcap/train/TCP_IP-DDoS-UDP1_train.pcap,attacks,ATTACK,DDoS,DDoS_UDP,,,,DDoS_UDP_1,50,30.0,1.0,20608951,0,0,1,412179,20608950,1,1,0.9999999514773945,0,0.0,4.00543212890625e-05,0.0008394125581310853,0.0006880760192871094,0.0015649795532226562,0.002251157760620112,3.001613140106201,reservoir_n100000_seed42,100000,phase1c1_v2
data/raw/WiFI_and_MQTT/attacks/pcap/train/TCP_IP-DDoS-UDP1_train.pcap,attacks,ATTACK,DDoS,DDoS_UDP,,,,DDoS_UDP_1,100,5.0,1.0,20608951,0,0,1,206089,20608900,1,51,0.9999975253471174,0,0.0,0.000102996826171875,0.0016985897777508452,0.0014579296112060547,0.0026161670684814453,0.0035581588745117188,5.998705863952637,reservoir_n100000_seed42,100000,phase1c1_v2
data/raw/WiFI_and_MQTT/attacks/pcap/train/TCP_IP-DDoS-UDP1_train.pcap,attacks,ATTACK,DDoS,DDoS_UDP,,,,DDoS_UDP_1,100,30.0,1.0,20608951,0,0,1,206089,20608900,1,51,0.9999975253471174,0,0.0,0.000102996826171875,0.0016985897777508452,0.0014579296112060547,0.0026161670684814453,0.0035581588745117188,5.998705863952637,reservoir_n100000_seed42,100000,phase1c1_v2
data/raw/WiFI_and_MQTT/attacks/pcap/train/TCP_IP-DDoS-UDP2_train.pcap,attacks,ATTACK,DDoS,DDoS_UDP,,,,DDoS_UDP_2,25,5.0,1.0,20722273,1,0,2,828890,20722250,2,23,0.9999988900831487,0,0.0,1.3113021850585938e-05,0.0004008710376458907,0.0002219676971435547,0.0010979175567626953,0.0016810965538024865,2.0047709941864014,reservoir_n100000_seed42,100000,phase1c1_v2
data/raw/WiFI_and_MQTT/attacks/pcap/train/TCP_IP-DDoS-UDP2_train.pcap,attacks,ATTACK,DDoS,DDoS_UDP,,,,DDoS_UDP_2,25,30.0,1.0,20722273,1,0,2,828890,20722250,2,23,0.9999988900831487,0,0.0,1.3113021850585938e-05,0.0004008710376458907,0.0002219676971435547,0.0010979175567626953,0.0016810965538024865,2.0047709941864014,reservoir_n100000_seed42,100000,phase1c1_v2
data/raw/WiFI_and_MQTT/attacks/pcap/train/TCP_IP-DDoS-UDP2_train.pcap,attacks,ATTACK,DDoS,DDoS_UDP,,,,DDoS_UDP_2,50,5.0,1.0,20722273,1,0,2,414444,20722200,2,73,0.9999964772204285,0,0.0,3.695487976074219e-05,0.0008184658690738086,0.0006809234619140625,0.0016689300537109375,0.0023320031166076498,3.9522759914398193,reservoir_n100000_seed42,100000,phase1c1_v2
data/raw/WiFI_and_MQTT/attacks/pcap/train/TCP_IP-DDoS-UDP2_train.pcap,attacks,ATTACK,DDoS,DDoS_UDP,,,,DDoS_UDP_2,50,30.0,1.0,20722273,1,0,2,414444,20722200,2,73,0.9999964772204285,0,0.0,3.695487976074219e-05,0.0008184658690738086,0.0006809234619140625,0.0016689300537109375,0.0023320031166076498,3.9522759914398193,reservoir_n100000_seed42,100000,phase1c1_v2
data/raw/WiFI_and_MQTT/attacks/pcap/train/TCP_IP-DDoS-UDP2_train.pcap,attacks,ATTACK,DDoS,DDoS_UDP,,,,DDoS_UDP_2,100,5.0,1.0,20722273,1,0,2,207222,20722200,2,73,0.9999964772204285,0,0.0,9.584426879882812e-05,0.0016523170942455317,0.0014569759368896484,0.0027420520782470703,0.0036110877990722656,5.952561855316162,reservoir_n100000_seed42,100000,phase1c1_v2
data/raw/WiFI_and_MQTT/attacks/pcap/train/TCP_IP-DDoS-UDP2_train.pcap,attacks,ATTACK,DDoS,DDoS_UDP,,,,DDoS_UDP_2,100,30.0,1.0,20722273,1,0,2,207222,20722200,2,73,0.9999964772204285,0,0.0,9.584426879882812e-05,0.0016523170942455317,0.0014569759368896484,0.0027420520782470703,0.0036110877990722656,5.952561855316162,reservoir_n100000_seed42,100000,phase1c1_v2
data/raw/WiFI_and_MQTT/attacks/pcap/train/TCP_IP-DDoS-UDP3_train.pcap,attacks,ATTACK,DDoS,DDoS_UDP,,,,DDoS_UDP_3,25,5.0,1.0,20651397,0,0,1,826055,20651375,1,22,0.9999989346967665,1,1.2105731458559054e-06,0.0,0.00039315284708777196,0.00030517578125,0.0010142683982849038,0.0015971732139587365,0.0066449642181396484,reservoir_n100000_seed42,100000,phase1c1_v2
data/raw/WiFI_and_MQTT/attacks/pcap/train/TCP_IP-DDoS-UDP3_train.pcap,attacks,ATTACK,DDoS,DDoS_UDP,,,,DDoS_UDP_3,25,30.0,1.0,20651397,0,0,1,826055,20651375,1,22,0.9999989346967665,1,1.2105731458559054e-06,0.0,0.00039315284708777196,0.00030517578125,0.0010142683982849038,0.0015971732139587365,0.0066449642181396484,reservoir_n100000_seed42,100000,phase1c1_v2
data/raw/WiFI_and_MQTT/attacks/pcap/train/TCP_IP-DDoS-UDP3_train.pcap,attacks,ATTACK,DDoS,DDoS_UDP,,,,DDoS_UDP_3,50,5.0,1.0,20651397,0,0,1,413027,20651350,1,47,0.9999977241249103,0,0.0,4.1961669921875e-05,0.0008026349496238438,0.00072479248046875,0.001589059829711914,0.002279996871948242,0.007275104522705078,reservoir_n100000_seed42,100000,phase1c1_v2
data/raw/WiFI_and_MQTT/attacks/pcap/train/TCP_IP-DDoS-UDP3_train.pcap,attacks,ATTACK,DDoS,DDoS_UDP,,,,DDoS_UDP_3,50,30.0,1.0,20651397,0,0,1,413027,20651350,1,47,0.9999977241249103,0,0.0,4.1961669921875e-05,0.0008026349496238438,0.00072479248046875,0.001589059829711914,0.002279996871948242,0.007275104522705078,reservoir_n100000_seed42,100000,phase1c1_v2
data/raw/WiFI_and_MQTT/attacks/pcap/train/TCP_IP-DDoS-UDP3_train.pcap,attacks,ATTACK,DDoS,DDoS_UDP,,,,DDoS_UDP_3,100,5.0,1.0,20651397,0,0,1,206513,20651300,1,97,0.9999953029811979,0,0.0,0.00014090538024902344,0.0016218189082250266,0.0015480518341064453,0.0026710033416748047,0.0035061907768249474,0.009849071502685547,reservoir_n100000_seed42,100000,phase1c1_v2
data/raw/WiFI_and_MQTT/attacks/pcap/train/TCP_IP-DDoS-UDP3_train.pcap,attacks,ATTACK,DDoS,DDoS_UDP,,,,DDoS_UDP_3,100,30.0,1.0,20651397,0,0,1,206513,20651300,1,97,0.9999953029811979,0,0.0,0.00014090538024902344,0.0016218189082250266,0.0015480518341064453,0.0026710033416748047,0.0035061907768249474,0.009849071502685547,reservoir_n100000_seed42,100000,phase1c1_v2
data/raw/WiFI_and_MQTT/attacks/pcap/train/TCP_IP-DDoS-UDP4_train.pcap,attacks,ATTACK,DDoS,DDoS_UDP,,,,DDoS_UDP_4,25,5.0,1.0,20626463,1,0,2,825057,20626425,2,38,0.9999981577064376,0,0.0,3.814697265625e-06,0.00043056040290787755,0.00023794174194335938,0.0011188983917236328,0.0017499923706054688,2.000574827194214,reservoir_n100000_seed42,100000,phase1c1_v2
data/raw/WiFI_and_MQTT/attacks/pcap/train/TCP_IP-DDoS-UDP4_train.pcap,attacks,ATTACK,DDoS,DDoS_UDP,,,,DDoS_UDP_4,25,30.0,1.0,20626463,1,0,2,825057,20626425,2,38,0.9999981577064376,0,0.0,3.814697265625e-06,0.00043056040290787755,0.00023794174194335938,0.0011188983917236328,0.0017499923706054688,2.000574827194214,reservoir_n100000_seed42,100000,phase1c1_v2
data/raw/WiFI_and_MQTT/attacks/pcap/train/TCP_IP-DDoS-UDP4_train.pcap,attacks,ATTACK,DDoS,DDoS_UDP,,,,DDoS_UDP_4,50,5.0,1.0,20626463,1,0,2,412528,20626400,2,63,0.9999969456711991,0,0.0,3.0994415283203125e-05,0.0008781358483495794,0.0007390975952148438,0.001708984375,0.002440938949584956,2.9994349479675293,reservoir_n100000_seed42,100000,phase1c1_v2
data/raw/WiFI_and_MQTT/attacks/pcap/train/TCP_IP-DDoS-UDP4_train.pcap,attacks,ATTACK,DDoS,DDoS_UDP,,,,DDoS_UDP_4,50,30.0,1.0,20626463,1,0,2,412528,20626400,2,63,0.9999969456711991,0,0.0,3.0994415283203125e-05,0.0008781358483495794,0.0007390975952148438,0.001708984375,0.002440938949584956,2.9994349479675293,reservoir_n100000_seed42,100000,phase1c1_v2
data/raw/WiFI_and_MQTT/attacks/pcap/train/TCP_IP-DDoS-UDP4_train.pcap,attacks,ATTACK,DDoS,DDoS_UDP,,,,DDoS_UDP_4,100,5.0,1.0,20626463,1,0,2,206263,20626300,2,163,0.9999920975302455,0,0.0,9.512901306152344e-05,0.001773169478498664,0.0015728473663330078,0.0028009414672851562,0.003649005889892573,4.998300075531006,reservoir_n100000_seed42,100000,phase1c1_v2
data/raw/WiFI_and_MQTT/attacks/pcap/train/TCP_IP-DDoS-UDP4_train.pcap,attacks,ATTACK,DDoS,DDoS_UDP,,,,DDoS_UDP_4,100,30.0,1.0,20626463,1,0,2,206263,20626300,2,163,0.9999920975302455,0,0.0,9.512901306152344e-05,0.001773169478498664,0.0015728473663330078,0.0028009414672851562,0.003649005889892573,4.998300075531006,reservoir_n100000_seed42,100000,phase1c1_v2
data/raw/WiFI_and_MQTT/attacks/pcap/train/TCP_IP-DDoS-UDP5_train.pcap,attacks,ATTACK,DDoS,DDoS_UDP,,,,DDoS_UDP_5,25,5.0,1.0,20543021,1,0,2,821720,20543000,1,21,0.9999989777550244,1,1.2169595482646156e-06,0.0,0.0009428750959162482,0.0001881122589111328,0.0011820793151855469,0.0018489360809326172,2.0062549114227295,reservoir_n100000_seed42,100000,phase1c1_v2
data/raw/WiFI_and_MQTT/attacks/pcap/train/TCP_IP-DDoS-UDP5_train.pcap,attacks,ATTACK,DDoS,DDoS_UDP,,,,DDoS_UDP_5,25,30.0,1.0,20543021,1,0,2,821720,20543000,1,21,0.9999989777550244,1,1.2169595482646156e-06,0.0,0.0009428750959162482,0.0001881122589111328,0.0011820793151855469,0.0018489360809326172,2.0062549114227295,reservoir_n100000_seed42,100000,phase1c1_v2
data/raw/WiFI_and_MQTT/attacks/pcap/train/TCP_IP-DDoS-UDP5_train.pcap,attacks,ATTACK,DDoS,DDoS_UDP,,,,DDoS_UDP_5,50,5.0,1.0,20543021,1,0,2,410859,20542950,2,71,0.999996543838416,0,0.0,3.695487976074219e-05,0.0019257502501659413,0.0007250308990478516,0.001878976821899414,0.002619028091430664,3.3347580432891846,reservoir_n100000_seed42,100000,phase1c1_v2
data/raw/WiFI_and_MQTT/attacks/pcap/train/TCP_IP-DDoS-UDP5_train.pcap,attacks,ATTACK,DDoS,DDoS_UDP,,,,DDoS_UDP_5,50,30.0,1.0,20543021,1,0,2,410859,20542950,2,71,0.999996543838416,0,0.0,3.695487976074219e-05,0.0019257502501659413,0.0007250308990478516,0.001878976821899414,0.002619028091430664,3.3347580432891846,reservoir_n100000_seed42,100000,phase1c1_v2
data/raw/WiFI_and_MQTT/attacks/pcap/train/TCP_IP-DDoS-UDP5_train.pcap,attacks,ATTACK,DDoS,DDoS_UDP,,,,DDoS_UDP_5,100,5.0,1.0,20543021,1,0,2,205429,20542900,2,121,0.9999941099218075,0,0.0,0.000102996826171875,0.0038789756998051056,0.001519918441772461,0.0032591819763183594,0.004035959243774409,5.9736340045928955,reservoir_n100000_seed42,100000,phase1c1_v2
data/raw/WiFI_and_MQTT/attacks/pcap/train/TCP_IP-DDoS-UDP5_train.pcap,attacks,ATTACK,DDoS,DDoS_UDP,,,,DDoS_UDP_5,100,30.0,1.0,20543021,1,0,2,205429,20542900,2,121,0.9999941099218075,0,0.0,0.000102996826171875,0.0038789756998051056,0.001519918441772461,0.0032591819763183594,0.004035959243774409,5.9736340045928955,reservoir_n100000_seed42,100000,phase1c1_v2
data/raw/WiFI_and_MQTT/attacks/pcap/train/TCP_IP-DDoS-UDP6_train.pcap,attacks,ATTACK,DDoS,DDoS_UDP,,,,DDoS_UDP_6,25,5.0,1.0,20216876,0,0,1,808675,20216875,1,1,0.9999999505363737,1,1.236590719386651e-06,0.0,0.00042262706520141183,0.00030112266540527344,0.0011999726295471164,0.001860859394073485,0.009267091751098633,reservoir_n100000_seed42,100000,phase1c1_v2
data/raw/WiFI_and_MQTT/attacks/pcap/train/TCP_IP-DDoS-UDP6_train.pcap,attacks,ATTACK,DDoS,DDoS_UDP,,,,DDoS_UDP_6,25,30.0,1.0,20216876,0,0,1,808675,20216875,1,1,0.9999999505363737,1,1.236590719386651e-06,0.0,0.00042262706520141183,0.00030112266540527344,0.0011999726295471164,0.001860859394073485,0.009267091751098633,reservoir_n100000_seed42,100000,phase1c1_v2
data/raw/WiFI_and_MQTT/attacks/pcap/train/TCP_IP-DDoS-UDP6_train.pcap,attacks,ATTACK,DDoS,DDoS_UDP,,,,DDoS_UDP_6,50,5.0,1.0,20216876,0,0,1,404337,20216850,1,26,0.9999987139457155,0,0.0,3.2901763916015625e-05,0.0008628020676922226,0.0007519721984863281,0.0019099712371826172,0.002599000930786133,0.010790109634399414,reservoir_n100000_seed42,100000,phase1c1_v2
data/raw/WiFI_and_MQTT/attacks/pcap/train/TCP_IP-DDoS-UDP6_train.pcap,attacks,ATTACK,DDoS,DDoS_UDP,,,,DDoS_UDP_6,50,30.0,1.0,20216876,0,0,1,404337,20216850,1,26,0.9999987139457155,0,0.0,3.2901763916015625e-05,0.0008628020676922226,0.0007519721984863281,0.0019099712371826172,0.002599000930786133,0.010790109634399414,reservoir_n100000_seed42,100000,phase1c1_v2
data/raw/WiFI_and_MQTT/attacks/pcap/train/TCP_IP-DDoS-UDP6_train.pcap,attacks,ATTACK,DDoS,DDoS_UDP,,,,DDoS_UDP_6,100,5.0,1.0,20216876,0,0,1,202168,20216800,1,76,0.999996240764399,0,0.0,8.988380432128906e-05,0.0017431994317749766,0.0016260147094726562,0.003125905990600586,0.003976106643676758,0.010885000228881836,reservoir_n100000_seed42,100000,phase1c1_v2
data/raw/WiFI_and_MQTT/attacks/pcap/train/TCP_IP-DDoS-UDP6_train.pcap,attacks,ATTACK,DDoS,DDoS_UDP,,,,DDoS_UDP_6,100,30.0,1.0,20216876,0,0,1,202168,20216800,1,76,0.999996240764399,0,0.0,8.988380432128906e-05,0.0017431994317749766,0.0016260147094726562,0.003125905990600586,0.003976106643676758,0.010885000228881836,reservoir_n100000_seed42,100000,phase1c1_v2
data/raw/WiFI_and_MQTT/attacks/pcap/train/TCP_IP-DDoS-UDP7_train.pcap,attacks,ATTACK,DDoS,DDoS_UDP,,,,DDoS_UDP_7,25,5.0,1.0,19760583,3,0,4,790422,19760550,3,33,0.9999983300087857,0,0.0,6.198883056640625e-06,0.0018042834025621308,0.0004470348358154297,0.0013430118560791016,0.0025920963287353466,2.0035550594329834,reservoir_n100000_seed42,100000,phase1c1_v2
data/raw/WiFI_and_MQTT/attacks/pcap/train/TCP_IP-DDoS-UDP7_train.pcap,attacks,ATTACK,DDoS,DDoS_UDP,,,,DDoS_UDP_7,25,30.0,1.0,19760583,3,0,4,790422,19760550,3,33,0.9999983300087857,0,0.0,6.198883056640625e-06,0.0018042834025621308,0.0004470348358154297,0.0013430118560791016,0.0025920963287353466,2.0035550594329834,reservoir_n100000_seed42,100000,phase1c1_v2
data/raw/WiFI_and_MQTT/attacks/pcap/train/TCP_IP-DDoS-UDP7_train.pcap,attacks,ATTACK,DDoS,DDoS_UDP,,,,DDoS_UDP_7,50,5.0,1.0,19760583,3,0,4,395210,19760500,3,83,0.999995799719067,0,0.0,3.790855407714844e-05,0.0036926830639280183,0.0009958744049072266,0.002270936965942383,0.0038302040100097606,3.4971508979797363,reservoir_n100000_seed42,100000,phase1c1_v2
data/raw/WiFI_and_MQTT/attacks/pcap/train/TCP_IP-DDoS-UDP7_train.pcap,attacks,ATTACK,DDoS,DDoS_UDP,,,,DDoS_UDP_7,50,30.0,1.0,19760583,3,0,4,395210,19760500,3,83,0.999995799719067,0,0.0,3.790855407714844e-05,0.0036926830639280183,0.0009958744049072266,0.002270936965942383,0.0038302040100097606,3.4971508979797363,reservoir_n100000_seed42,100000,phase1c1_v2
data/raw/WiFI_and_MQTT/attacks/pcap/train/TCP_IP-DDoS-UDP7_train.pcap,attacks,ATTACK,DDoS,DDoS_UDP,,,,DDoS_UDP_7,100,5.0,1.0,19760583,3,0,4,197604,19760400,4,183,0.9999907391396297,0,0.0,9.298324584960938e-05,0.0074569480358493735,0.0019578933715820312,0.004042863845825195,0.0065100574493408,5.998426914215088,reservoir_n100000_seed42,100000,phase1c1_v2
data/raw/WiFI_and_MQTT/attacks/pcap/train/TCP_IP-DDoS-UDP7_train.pcap,attacks,ATTACK,DDoS,DDoS_UDP,,,,DDoS_UDP_7,100,30.0,1.0,19760583,3,0,4,197604,19760400,4,183,0.9999907391396297,0,0.0,9.298324584960938e-05,0.0074569480358493735,0.0019578933715820312,0.004042863845825195,0.0065100574493408,5.998426914215088,reservoir_n100000_seed42,100000,phase1c1_v2
data/raw/WiFI_and_MQTT/attacks/pcap/train/TCP_IP-DDoS-UDP8_train.pcap,attacks,ATTACK,DDoS,DDoS_UDP,,,,DDoS_UDP_8,25,5.0,1.0,20402619,0,0,1,816104,20402600,1,19,0.9999990687470074,0,0.0,9.5367431640625e-07,0.0003834526597370842,0.0002808570861816406,0.001007080078125,0.0016169667243957457,0.01903700828552246,reservoir_n100000_seed42,100000,phase1c1_v2
data/raw/WiFI_and_MQTT/attacks/pcap/train/TCP_IP-DDoS-UDP8_train.pcap,attacks,ATTACK,DDoS,DDoS_UDP,,,,DDoS_UDP_8,25,30.0,1.0,20402619,0,0,1,816104,20402600,1,19,0.9999990687470074,0,0.0,9.5367431640625e-07,0.0003834526597370842,0.0002808570861816406,0.001007080078125,0.0016169667243957457,0.01903700828552246,reservoir_n100000_seed42,100000,phase1c1_v2
data/raw/WiFI_and_MQTT/attacks/pcap/train/TCP_IP-DDoS-UDP8_train.pcap,attacks,ATTACK,DDoS,DDoS_UDP,,,,DDoS_UDP_8,50,5.0,1.0,20402619,0,0,1,408052,20402600,1,19,0.9999990687470074,0,0.0,3.910064697265625e-05,0.0007831220031421477,0.0007050037384033203,0.0015819072723388672,0.0023038387298583984,0.02654099464416504,reservoir_n100000_seed42,100000,phase1c1_v2
data/raw/WiFI_and_MQTT/attacks/pcap/train/TCP_IP-DDoS-UDP8_train.pcap,attacks,ATTACK,DDoS,DDoS_UDP,,,,DDoS_UDP_8,50,30.0,1.0,20402619,0,0,1,408052,20402600,1,19,0.9999990687470074,0,0.0,3.910064697265625e-05,0.0007831220031421477,0.0007050037384033203,0.0015819072723388672,0.0023038387298583984,0.02654099464416504,reservoir_n100000_seed42,100000,phase1c1_v2
data/raw/WiFI_and_MQTT/attacks/pcap/train/TCP_IP-DDoS-UDP8_train.pcap,attacks,ATTACK,DDoS,DDoS_UDP,,,,DDoS_UDP_8,100,5.0,1.0,20402619,0,0,1,204026,20402600,1,19,0.9999990687470074,0,0.0,0.00011014938354492188,0.0015824475219258537,0.0015060901641845703,0.0026628971099853516,0.003487825393676758,0.02862095832824707,reservoir_n100000_seed42,100000,phase1c1_v2
data/raw/WiFI_and_MQTT/attacks/pcap/train/TCP_IP-DDoS-UDP8_train.pcap,attacks,ATTACK,DDoS,DDoS_UDP,,,,DDoS_UDP_8,100,30.0,1.0,20402619,0,0,1,204026,20402600,1,19,0.9999990687470074,0,0.0,0.00011014938354492188,0.0015824475219258537,0.0015060901641845703,0.0026628971099853516,0.003487825393676758,0.02862095832824707,reservoir_n100000_seed42,100000,phase1c1_v2
data/raw/WiFI_and_MQTT/attacks/pcap/train/TCP_IP-DoS-ICMP1_train.pcap,attacks,ATTACK,DoS,DoS_ICMP,,,,DoS_ICMP_1,25,5.0,1.0,10446280,0,0,1,417851,10446275,1,5,0.999999521360714,0,0.0,1.3828277587890625e-05,0.0009107456039843584,0.0002989768981933594,0.0032332420349120983,0.00475789308547973,0.19248700141906738,reservoir_n100000_seed42,100000,phase1c1_v2
data/raw/WiFI_and_MQTT/attacks/pcap/train/TCP_IP-DoS-ICMP1_train.pcap,attacks,ATTACK,DoS,DoS_ICMP,,,,DoS_ICMP_1,25,30.0,1.0,10446280,0,0,1,417851,10446275,1,5,0.999999521360714,0,0.0,1.3828277587890625e-05,0.0009107456039843584,0.0002989768981933594,0.0032332420349120983,0.00475789308547973,0.19248700141906738,reservoir_n100000_seed42,100000,phase1c1_v2
data/raw/WiFI_and_MQTT/attacks/pcap/train/TCP_IP-DoS-ICMP1_train.pcap,attacks,ATTACK,DoS,DoS_ICMP,,,,DoS_ICMP_1,50,5.0,1.0,10446280,0,0,1,208925,10446250,1,30,0.9999971281642843,0,0.0,3.409385681152344e-05,0.0018588820242120044,0.0016350746154785156,0.004586935043334961,0.006072053909301753,0.3490428924560547,reservoir_n100000_seed42,100000,phase1c1_v2
data/raw/WiFI_and_MQTT/attacks/pcap/train/TCP_IP-DoS-ICMP1_train.pcap,attacks,ATTACK,DoS,DoS_ICMP,,,,DoS_ICMP_1,50,30.0,1.0,10446280,0,0,1,208925,10446250,1,30,0.9999971281642843,0,0.0,3.409385681152344e-05,0.0018588820242120044,0.0016350746154785156,0.004586935043334961,0.006072053909301753,0.3490428924560547,reservoir_n100000_seed42,100000,phase1c1_v2
data/raw/WiFI_and_MQTT/attacks/pcap/train/TCP_IP-DoS-ICMP1_train.pcap,attacks,ATTACK,DoS,DoS_ICMP,,,,DoS_ICMP_1,100,5.0,1.0,10446280,0,0,1,104462,10446200,1,80,0.9999923417714248,0,0.0,9.393692016601562e-05,0.003755062676451093,0.003618001937866211,0.006815922260284421,0.008599052429199214,0.6168999671936035,reservoir_n100000_seed42,100000,phase1c1_v2
data/raw/WiFI_and_MQTT/attacks/pcap/train/TCP_IP-DoS-ICMP1_train.pcap,attacks,ATTACK,DoS,DoS_ICMP,,,,DoS_ICMP_1,100,30.0,1.0,10446280,0,0,1,104462,10446200,1,80,0.9999923417714248,0,0.0,9.393692016601562e-05,0.003755062676451093,0.003618001937866211,0.006815922260284421,0.008599052429199214,0.6168999671936035,reservoir_n100000_seed42,100000,phase1c1_v2
data/raw/WiFI_and_MQTT/attacks/pcap/train/TCP_IP-DoS-ICMP2_train.pcap,attacks,ATTACK,DoS,DoS_ICMP,,,,DoS_ICMP_2,25,5.0,1.0,9693860,4,0,5,387752,9693800,5,60,0.9999938105151096,3976,0.010253976768656255,0.0,0.005373024399278728,0.0009441375732421875,0.011325454711913985,0.057764387130737005,2.0097169876098633,reservoir_n100000_seed42,100000,phase1c1_v2
data/raw/WiFI_and_MQTT/attacks/pcap/train/TCP_IP-DoS-ICMP2_train.pcap,attacks,ATTACK,DoS,DoS_ICMP,,,,DoS_ICMP_2,25,30.0,1.0,9693860,4,0,5,387752,9693800,5,60,0.9999938105151096,3976,0.010253976768656255,0.0,0.005373024399278728,0.0009441375732421875,0.011325454711913985,0.057764387130737005,2.0097169876098633,reservoir_n100000_seed42,100000,phase1c1_v2
data/raw/WiFI_and_MQTT/attacks/pcap/train/TCP_IP-DoS-ICMP2_train.pcap,attacks,ATTACK,DoS,DoS_ICMP,,,,DoS_ICMP_2,50,5.0,1.0,9693860,4,0,5,193875,9693750,5,110,0.9999886526110342,149,0.0007685364281108962,0.0,0.010972866664618388,0.0021140575408935547,0.02764604091644282,0.1031155872344963,3.998018980026245,reservoir_n100000_seed42,100000,phase1c1_v2
data/raw/WiFI_and_MQTT/attacks/pcap/train/TCP_IP-DoS-ICMP2_train.pcap,attacks,ATTACK,DoS,DoS_ICMP,,,,DoS_ICMP_2,50,30.0,1.0,9693860,4,0,5,193875,9693750,5,110,0.9999886526110342,149,0.0007685364281108962,0.0,0.010972866664618388,0.0021140575408935547,0.02764604091644282,0.1031155872344963,3.998018980026245,reservoir_n100000_seed42,100000,phase1c1_v2
data/raw/WiFI_and_MQTT/attacks/pcap/train/TCP_IP-DoS-ICMP2_train.pcap,attacks,ATTACK,DoS,DoS_ICMP,,,,DoS_ICMP_2,100,5.0,1.0,9693860,4,0,5,96935,9693500,5,360,0.9999628630906574,1,1.0316191262186001e-05,0.0,0.022161510035333364,0.004385232925415039,0.06153397560119635,0.19926768779754672,6.998754024505615,exact,96935,phase1c1_v2
data/raw/WiFI_and_MQTT/attacks/pcap/train/TCP_IP-DoS-ICMP2_train.pcap,attacks,ATTACK,DoS,DoS_ICMP,,,,DoS_ICMP_2,100,30.0,1.0,9693860,4,0,5,96935,9693500,5,360,0.9999628630906574,1,1.0316191262186001e-05,0.0,0.022161510035333364,0.004385232925415039,0.06153397560119635,0.19926768779754672,6.998754024505615,exact,96935,phase1c1_v2
data/raw/WiFI_and_MQTT/attacks/pcap/train/TCP_IP-DoS-ICMP3_train.pcap,attacks,ATTACK,DoS,DoS_ICMP,,,,DoS_ICMP_3,25,5.0,1.0,10863247,0,0,1,434529,10863225,1,22,0.999997974822813,21972,0.050565094619691664,0.0,0.0010604064213036446,0.0005970001220703125,0.0035441398620605358,0.00617981195449829,1.0352661609649658,reservoir_n100000_seed42,100000,phase1c1_v2
data/raw/WiFI_and_MQTT/attacks/pcap/train/TCP_IP-DoS-ICMP3_train.pcap,attacks,ATTACK,DoS,DoS_ICMP,,,,DoS_ICMP_3,25,30.0,1.0,10863247,0,0,1,434529,10863225,1,22,0.999997974822813,21972,0.050565094619691664,0.0,0.0010604064213036446,0.0005970001220703125,0.0035441398620605358,0.00617981195449829,1.0352661609649658,reservoir_n100000_seed42,100000,phase1c1_v2
data/raw/WiFI_and_MQTT/attacks/pcap/train/TCP_IP-DoS-ICMP3_train.pcap,attacks,ATTACK,DoS,DoS_ICMP,,,,DoS_ICMP_3,50,5.0,1.0,10863247,0,0,1,217264,10863200,1,47,0.9999956734851008,1204,0.005541645187421754,0.0,0.0021649451512231314,0.0020079612731933594,0.005140066146850586,0.008251914978027339,1.7170171737670898,reservoir_n100000_seed42,100000,phase1c1_v2
data/raw/WiFI_and_MQTT/attacks/pcap/train/TCP_IP-DoS-ICMP3_train.pcap,attacks,ATTACK,DoS,DoS_ICMP,,,,DoS_ICMP_3,50,30.0,1.0,10863247,0,0,1,217264,10863200,1,47,0.9999956734851008,1204,0.005541645187421754,0.0,0.0021649451512231314,0.0020079612731933594,0.005140066146850586,0.008251914978027339,1.7170171737670898,reservoir_n100000_seed42,100000,phase1c1_v2
data/raw/WiFI_and_MQTT/attacks/pcap/train/TCP_IP-DoS-ICMP3_train.pcap,attacks,ATTACK,DoS,DoS_ICMP,,,,DoS_ICMP_3,100,5.0,1.0,10863247,0,0,1,108632,10863200,1,47,0.9999956734851008,31,0.00028536711098019,0.0,0.00437221606154006,0.00409388542175293,0.008506107330322255,0.012511978149414058,1.7550640106201172,reservoir_n100000_seed42,100000,phase1c1_v2
data/raw/WiFI_and_MQTT/attacks/pcap/train/TCP_IP-DoS-ICMP3_train.pcap,attacks,ATTACK,DoS,DoS_ICMP,,,,DoS_ICMP_3,100,30.0,1.0,10863247,0,0,1,108632,10863200,1,47,0.9999956734851008,31,0.00028536711098019,0.0,0.00437221606154006,0.00409388542175293,0.008506107330322255,0.012511978149414058,1.7550640106201172,reservoir_n100000_seed42,100000,phase1c1_v2
data/raw/WiFI_and_MQTT/attacks/pcap/train/TCP_IP-DoS-ICMP4_train.pcap,attacks,ATTACK,DoS,DoS_ICMP,,,,DoS_ICMP_4,25,5.0,1.0,10607586,1,0,2,424302,10607550,2,36,0.9999966062023914,0,0.0,1.3113021850585938e-05,0.0017899556549734832,0.0004761219024658203,0.004259145259857169,0.00980128765106194,2.009770154953003,reservoir_n100000_seed42,100000,phase1c1_v2
data/raw/WiFI_and_MQTT/attacks/pcap/train/TCP_IP-DoS-ICMP4_train.pcap,attacks,ATTACK,DoS,DoS_ICMP,,,,DoS_ICMP_4,25,30.0,1.0,10607586,1,0,2,424302,10607550,2,36,0.9999966062023914,0,0.0,1.3113021850585938e-05,0.0017899556549734832,0.0004761219024658203,0.004259145259857169,0.00980128765106194,2.009770154953003,reservoir_n100000_seed42,100000,phase1c1_v2
data/raw/WiFI_and_MQTT/attacks/pcap/train/TCP_IP-DoS-ICMP4_train.pcap,attacks,ATTACK,DoS,DoS_ICMP,,,,DoS_ICMP_4,50,5.0,1.0,10607586,1,0,2,212151,10607550,2,36,0.9999966062023914,0,0.0,4.1961669921875e-05,0.0036632334568299455,0.0021009445190429688,0.006469011306762695,0.02314558982849088,3.0080721378326416,reservoir_n100000_seed42,100000,phase1c1_v2
data/raw/WiFI_and_MQTT/attacks/pcap/train/TCP_IP-DoS-ICMP4_train.pcap,attacks,ATTACK,DoS,DoS_ICMP,,,,DoS_ICMP_4,50,30.0,1.0,10607586,1,0,2,212151,10607550,2,36,0.9999966062023914,0,0.0,4.1961669921875e-05,0.0036632334568299455,0.0021009445190429688,0.006469011306762695,0.02314558982849088,3.0080721378326416,reservoir_n100000_seed42,100000,phase1c1_v2
data/raw/WiFI_and_MQTT/attacks/pcap/train/TCP_IP-DoS-ICMP4_train.pcap,attacks,ATTACK,DoS,DoS_ICMP,,,,DoS_ICMP_4,100,5.0,1.0,10607586,1,0,2,106075,10607500,2,86,0.9999918925946016,0,0.0,0.0001068115234375,0.007406378965627296,0.0043489933013916016,0.010488140583038305,0.053059856891632055,5.130781173706055,reservoir_n100000_seed42,100000,phase1c1_v2
data/raw/WiFI_and_MQTT/attacks/pcap/train/TCP_IP-DoS-ICMP4_train.pcap,attacks,ATTACK,DoS,DoS_ICMP,,,,DoS_ICMP_4,100,30.0,1.0,10607586,1,0,2,106075,10607500,2,86,0.9999918925946016,0,0.0,0.0001068115234375,0.007406378965627296,0.0043489933013916016,0.010488140583038305,0.053059856891632055,5.130781173706055,reservoir_n100000_seed42,100000,phase1c1_v2
data/raw/WiFI_and_MQTT/attacks/pcap/train/TCP_IP-DoS-SYN1_train.pcap,attacks,ATTACK,DoS,DoS_SYN,,,,DoS_SYN_1,25,5.0,1.0,11138638,0,0,1,445545,11138625,1,13,0.9999988328914181,2925,0.006564993435006565,0.0,0.0010013488747741296,0.0007178783416748047,0.002889871597290039,0.004776954650878906,0.16363310813903809,reservoir_n100000_seed42,100000,phase1c1_v2
data/raw/WiFI_and_MQTT/attacks/pcap/train/TCP_IP-DoS-SYN1_train.pcap,attacks,ATTACK,DoS,DoS_SYN,,,,DoS_SYN_1,25,30.0,1.0,11138638,0,0,1,445545,11138625,1,13,0.9999988328914181,2925,0.006564993435006565,0.0,0.0010013488747741296,0.0007178783416748047,0.002889871597290039,0.004776954650878906,0.16363310813903809,reservoir_n100000_seed42,100000,phase1c1_v2
data/raw/WiFI_and_MQTT/attacks/pcap/train/TCP_IP-DoS-SYN1_train.pcap,attacks,ATTACK,DoS,DoS_SYN,,,,DoS_SYN_1,50,5.0,1.0,11138638,0,0,1,222772,11138600,1,38,0.9999965884518377,51,0.0002289336182285027,0.0,0.002044537492810673,0.0017468929290771484,0.004681837558746335,0.007013082504272461,0.23954296112060547,reservoir_n100000_seed42,100000,phase1c1_v2
data/raw/WiFI_and_MQTT/attacks/pcap/train/TCP_IP-DoS-SYN1_train.pcap,attacks,ATTACK,DoS,DoS_SYN,,,,DoS_SYN_1,50,30.0,1.0,11138638,0,0,1,222772,11138600,1,38,0.9999965884518377,51,0.0002289336182285027,0.0,0.002044537492810673,0.0017468929290771484,0.004681837558746335,0.007013082504272461,0.23954296112060547,reservoir_n100000_seed42,100000,phase1c1_v2
data/raw/WiFI_and_MQTT/attacks/pcap/train/TCP_IP-DoS-SYN1_train.pcap,attacks,ATTACK,DoS,DoS_SYN,,,,DoS_SYN_1,100,5.0,1.0,11138638,0,0,1,111386,11138600,1,38,0.9999965884518377,0,0.0,2.5033950805664062e-05,0.004131918677569972,0.003701925277709961,0.007787036895751942,0.011615068912506087,0.24106884002685547,reservoir_n100000_seed42,100000,phase1c1_v2
data/raw/WiFI_and_MQTT/attacks/pcap/train/TCP_IP-DoS-SYN1_train.pcap,attacks,ATTACK,DoS,DoS_SYN,,,,DoS_SYN_1,100,30.0,1.0,11138638,0,0,1,111386,11138600,1,38,0.9999965884518377,0,0.0,2.5033950805664062e-05,0.004131918677569972,0.003701925277709961,0.007787036895751942,0.011615068912506087,0.24106884002685547,reservoir_n100000_seed42,100000,phase1c1_v2
data/raw/WiFI_and_MQTT/attacks/pcap/train/TCP_IP-DoS-SYN2_train.pcap,attacks,ATTACK,DoS,DoS_SYN,,,,DoS_SYN_2,25,5.0,1.0,11160843,1,0,2,446432,11160800,2,43,0.9999961472444331,744,0.001666547200917497,0.0,0.0013924728801033247,0.0007178783416748047,0.004353046417236328,0.006932973861694336,0.7109661102294922,reservoir_n100000_seed42,100000,phase1c1_v2
data/raw/WiFI_and_MQTT/attacks/pcap/train/TCP_IP-DoS-SYN2_train.pcap,attacks,ATTACK,DoS,DoS_SYN,,,,DoS_SYN_2,25,30.0,1.0,11160843,1,0,2,446432,11160800,2,43,0.9999961472444331,744,0.001666547200917497,0.0,0.0013924728801033247,0.0007178783416748047,0.004353046417236328,0.006932973861694336,0.7109661102294922,reservoir_n100000_seed42,100000,phase1c1_v2
data/raw/WiFI_and_MQTT/attacks/pcap/train/TCP_IP-DoS-SYN2_train.pcap,attacks,ATTACK,DoS,DoS_SYN,,,,DoS_SYN_2,50,5.0,1.0,11160843,1,0,2,223215,11160750,2,93,0.9999916672960995,14,6.271979929664225e-05,0.0,0.0028435597824446337,0.0022439956665039062,0.006500971317291257,0.01019312858581542,1.0303809642791748,reservoir_n100000_seed42,100000,phase1c1_v2
data/raw/WiFI_and_MQTT/attacks/pcap/train/TCP_IP-DoS-SYN2_train.pcap,attacks,ATTACK,DoS,DoS_SYN,,,,DoS_SYN_2,50,30.0,1.0,11160843,1,0,2,223215,11160750,2,93,0.9999916672960995,14,6.271979929664225e-05,0.0,0.0028435597824446337,0.0022439956665039062,0.006500971317291257,0.01019312858581542,1.0303809642791748,reservoir_n100000_seed42,100000,phase1c1_v2
data/raw/WiFI_and_MQTT/attacks/pcap/train/TCP_IP-DoS-SYN2_train.pcap,attacks,ATTACK,DoS,DoS_SYN,,,,DoS_SYN_2,100,5.0,1.0,11160843,1,0,2,111607,11160700,2,143,0.9999871873477657,0,0.0,2.384185791015625e-05,0.0057441634230858225,0.00481104850769043,0.011356115341186523,0.017328083515167205,1.7845501899719238,reservoir_n100000_seed42,100000,phase1c1_v2
data/raw/WiFI_and_MQTT/attacks/pcap/train/TCP_IP-DoS-SYN2_train.pcap,attacks,ATTACK,DoS,DoS_SYN,,,,DoS_SYN_2,100,30.0,1.0,11160843,1,0,2,111607,11160700,2,143,0.9999871873477657,0,0.0,2.384185791015625e-05,0.0057441634230858225,0.00481104850769043,0.011356115341186523,0.017328083515167205,1.7845501899719238,reservoir_n100000_seed42,100000,phase1c1_v2
data/raw/WiFI_and_MQTT/attacks/pcap/train/TCP_IP-DoS-SYN3_train.pcap,attacks,ATTACK,DoS,DoS_SYN,,,,DoS_SYN_3,25,5.0,1.0,10813744,2,0,3,432548,10813700,3,44,0.9999959311039729,6,1.3871292896973283e-05,0.0,0.002218037549090145,0.0008499622344970703,0.003857862949371335,0.01164205074310299,2.00239896774292,reservoir_n100000_seed42,100000,phase1c1_v2
data/raw/WiFI_and_MQTT/attacks/pcap/train/TCP_IP-DoS-SYN3_train.pcap,attacks,ATTACK,DoS,DoS_SYN,,,,DoS_SYN_3,25,30.0,1.0,10813744,2,0,3,432548,10813700,3,44,0.9999959311039729,6,1.3871292896973283e-05,0.0,0.002218037549090145,0.0008499622344970703,0.003857862949371335,0.01164205074310299,2.00239896774292,reservoir_n100000_seed42,100000,phase1c1_v2
data/raw/WiFI_and_MQTT/attacks/pcap/train/TCP_IP-DoS-SYN3_train.pcap,attacks,ATTACK,DoS,DoS_SYN,,,,DoS_SYN_3,50,5.0,1.0,10813744,2,0,3,216273,10813650,3,94,0.9999913073584875,0,0.0,4.00543212890625e-05,0.004528311987757909,0.0019199848175048828,0.006559133529663086,0.019886088371276818,2.9979751110076904,reservoir_n100000_seed42,100000,phase1c1_v2
data/raw/WiFI_and_MQTT/attacks/pcap/train/TCP_IP-DoS-SYN3_train.pcap,attacks,ATTACK,DoS,DoS_SYN,,,,DoS_SYN_3,50,30.0,1.0,10813744,2,0,3,216273,10813650,3,94,0.9999913073584875,0,0.0,4.00543212890625e-05,0.004528311987757909,0.0019199848175048828,0.006559133529663086,0.019886088371276818,2.9979751110076904,reservoir_n100000_seed42,100000,phase1c1_v2
data/raw/WiFI_and_MQTT/attacks/pcap/train/TCP_IP-DoS-SYN3_train.pcap,attacks,ATTACK,DoS,DoS_SYN,,,,DoS_SYN_3,100,5.0,1.0,10813744,2,0,3,108136,10813600,3,144,0.9999866836130021,0,0.0,8.988380432128906e-05,0.009149185286265307,0.004123210906982422,0.012065982818603493,0.03658699989318848,5.49373984336853,reservoir_n100000_seed42,100000,phase1c1_v2
data/raw/WiFI_and_MQTT/attacks/pcap/train/TCP_IP-DoS-SYN3_train.pcap,attacks,ATTACK,DoS,DoS_SYN,,,,DoS_SYN_3,100,30.0,1.0,10813744,2,0,3,108136,10813600,3,144,0.9999866836130021,0,0.0,8.988380432128906e-05,0.009149185286265307,0.004123210906982422,0.012065982818603493,0.03658699989318848,5.49373984336853,reservoir_n100000_seed42,100000,phase1c1_v2
data/raw/WiFI_and_MQTT/attacks/pcap/train/TCP_IP-DoS-SYN4_train.pcap,attacks,ATTACK,DoS,DoS_SYN,,,,DoS_SYN_4,25,5.0,1.0,11059982,2,0,3,442398,11059950,3,32,0.9999971066860688,528,0.0011934954497985976,0.0,0.0030513003226873767,0.0007779598236083984,0.013014149665832447,0.03102718830108637,2.001322031021118,reservoir_n100000_seed42,100000,phase1c1_v2
data/raw/WiFI_and_MQTT/attacks/pcap/train/TCP_IP-DoS-SYN4_train.pcap,attacks,ATTACK,DoS,DoS_SYN,,,,DoS_SYN_4,25,30.0,1.0,11059982,2,0,3,442398,11059950,3,32,0.9999971066860688,528,0.0011934954497985976,0.0,0.0030513003226873767,0.0007779598236083984,0.013014149665832447,0.03102718830108637,2.001322031021118,reservoir_n100000_seed42,100000,phase1c1_v2
data/raw/WiFI_and_MQTT/attacks/pcap/train/TCP_IP-DoS-SYN4_train.pcap,attacks,ATTACK,DoS,DoS_SYN,,,,DoS_SYN_4,50,5.0,1.0,11059982,2,0,3,221198,11059900,3,82,0.9999925858830512,9,4.068752882033291e-05,0.0,0.006230442709066503,0.002054929733276367,0.021351134777069083,0.04465661764144867,3.003484010696411,reservoir_n100000_seed42,100000,phase1c1_v2
data/raw/WiFI_and_MQTT/attacks/pcap/train/TCP_IP-DoS-SYN4_train.pcap,attacks,ATTACK,DoS,DoS_SYN,,,,DoS_SYN_4,50,30.0,1.0,11059982,2,0,3,221198,11059900,3,82,0.9999925858830512,9,4.068752882033291e-05,0.0,0.006230442709066503,0.002054929733276367,0.021351134777069083,0.04465661764144867,3.003484010696411,reservoir_n100000_seed42,100000,phase1c1_v2
data/raw/WiFI_and_MQTT/attacks/pcap/train/TCP_IP-DoS-SYN4_train.pcap,attacks,ATTACK,DoS,DoS_SYN,,,,DoS_SYN_4,100,5.0,1.0,11059982,2,0,3,110598,11059800,3,182,0.999983544277016,0,0.0,1.3113021850585938e-05,0.012599152726146997,0.005475044250488281,0.03728810548782345,0.06819142103195172,6.00109601020813,reservoir_n100000_seed42,100000,phase1c1_v2
data/raw/WiFI_and_MQTT/attacks/pcap/train/TCP_IP-DoS-SYN4_train.pcap,attacks,ATTACK,DoS,DoS_SYN,,,,DoS_SYN_4,100,30.0,1.0,11059982,2,0,3,110598,11059800,3,182,0.999983544277016,0,0.0,1.3113021850585938e-05,0.012599152726146997,0.005475044250488281,0.03728810548782345,0.06819142103195172,6.00109601020813,reservoir_n100000_seed42,100000,phase1c1_v2
data/raw/WiFI_and_MQTT/attacks/pcap/train/TCP_IP-DoS-TCP1_train.pcap,attacks,ATTACK,DoS,DoS_TCP,,,,DoS_TCP_1,25,5.0,1.0,9537689,1,0,2,381507,9537675,2,14,0.9999985321391797,2,5.242367767826016e-06,0.0,0.0028887486851348755,0.0008220672607421875,0.013325929641723633,0.031822242736816386,1.9235870838165283,reservoir_n100000_seed42,100000,phase1c1_v2
data/raw/WiFI_and_MQTT/attacks/pcap/train/TCP_IP-DoS-TCP1_train.pcap,attacks,ATTACK,DoS,DoS_TCP,,,,DoS_TCP_1,25,30.0,1.0,9537689,1,0,2,381507,9537675,2,14,0.9999985321391797,2,5.242367767826016e-06,0.0,0.0028887486851348755,0.0008220672607421875,0.013325929641723633,0.031822242736816386,1.9235870838165283,reservoir_n100000_seed42,100000,phase1c1_v2
data/raw/WiFI_and_MQTT/attacks/pcap/train/TCP_IP-DoS-TCP1_train.pcap,attacks,ATTACK,DoS,DoS_TCP,,,,DoS_TCP_1,50,5.0,1.0,9537689,1,0,2,190753,9537650,2,39,0.9999959109591432,0,0.0,4.696846008300781e-05,0.005907375630685309,0.0018720626831054688,0.0228091239929199,0.04662815809249869,2.9146969318389893,reservoir_n100000_seed42,100000,phase1c1_v2
data/raw/WiFI_and_MQTT/attacks/pcap/train/TCP_IP-DoS-TCP1_train.pcap,attacks,ATTACK,DoS,DoS_TCP,,,,DoS_TCP_1,50,30.0,1.0,9537689,1,0,2,190753,9537650,2,39,0.9999959109591432,0,0.0,4.696846008300781e-05,0.005907375630685309,0.0018720626831054688,0.0228091239929199,0.04662815809249869,2.9146969318389893,reservoir_n100000_seed42,100000,phase1c1_v2
data/raw/WiFI_and_MQTT/attacks/pcap/train/TCP_IP-DoS-TCP1_train.pcap,attacks,ATTACK,DoS,DoS_TCP,,,,DoS_TCP_1,100,5.0,1.0,9537689,1,0,2,95376,9537600,2,89,0.9999906685990705,0,0.0,0.0001571178436279297,0.011938446723680891,0.0043790340423583984,0.04049760103225708,0.07184702157974243,5.0010130405426025,exact,95376,phase1c1_v2
data/raw/WiFI_and_MQTT/attacks/pcap/train/TCP_IP-DoS-TCP1_train.pcap,attacks,ATTACK,DoS,DoS_TCP,,,,DoS_TCP_1,100,30.0,1.0,9537689,1,0,2,95376,9537600,2,89,0.9999906685990705,0,0.0,0.0001571178436279297,0.011938446723680891,0.0043790340423583984,0.04049760103225708,0.07184702157974243,5.0010130405426025,exact,95376,phase1c1_v2
data/raw/WiFI_and_MQTT/attacks/pcap/train/TCP_IP-DoS-TCP2_train.pcap,attacks,ATTACK,DoS,DoS_TCP,,,,DoS_TCP_2,25,5.0,1.0,9548514,2,0,3,381940,9548500,2,14,0.9999985338032703,2,5.236424569304079e-06,0.0,0.0021496578536807924,0.0008268356323242188,0.0032070159912109264,0.006567966938018793,2.009934902191162,reservoir_n100000_seed42,100000,phase1c1_v2
data/raw/WiFI_and_MQTT/attacks/pcap/train/TCP_IP-DoS-TCP2_train.pcap,attacks,ATTACK,DoS,DoS_TCP,,,,DoS_TCP_2,25,30.0,1.0,9548514,2,0,3,381940,9548500,2,14,0.9999985338032703,2,5.236424569304079e-06,0.0,0.0021496578536807924,0.0008268356323242188,0.0032070159912109264,0.006567966938018793,2.009934902191162,reservoir_n100000_seed42,100000,phase1c1_v2
data/raw/WiFI_and_MQTT/attacks/pcap/train/TCP_IP-DoS-TCP2_train.pcap,attacks,ATTACK,DoS,DoS_TCP,,,,DoS_TCP_2,50,5.0,1.0,9548514,2,0,3,190969,9548450,2,64,0.9999932973863787,0,0.0,4.887580871582031e-05,0.004393455916276687,0.0016911029815673828,0.004784107208251953,0.0108521962165832,4.001938819885254,reservoir_n100000_seed42,100000,phase1c1_v2
data/raw/WiFI_and_MQTT/attacks/pcap/train/TCP_IP-DoS-TCP2_train.pcap,attacks,ATTACK,DoS,DoS_TCP,,,,DoS_TCP_2,50,30.0,1.0,9548514,2,0,3,190969,9548450,2,64,0.9999932973863787,0,0.0,4.887580871582031e-05,0.004393455916276687,0.0016911029815673828,0.004784107208251953,0.0108521962165832,4.001938819885254,reservoir_n100000_seed42,100000,phase1c1_v2
data/raw/WiFI_and_MQTT/attacks/pcap/train/TCP_IP-DoS-TCP2_train.pcap,attacks,ATTACK,DoS,DoS_TCP,,,,DoS_TCP_2,100,5.0,1.0,9548514,2,0,3,95484,9548400,2,114,0.999988060969487,0,0.0,0.00015211105346679688,0.00885623177347043,0.0035400390625,0.007923901081085195,0.018849315643310535,7.002111911773682,exact,95484,phase1c1_v2
data/raw/WiFI_and_MQTT/attacks/pcap/train/TCP_IP-DoS-TCP2_train.pcap,attacks,ATTACK,DoS,DoS_TCP,,,,DoS_TCP_2,100,30.0,1.0,9548514,2,0,3,95484,9548400,2,114,0.999988060969487,0,0.0,0.00015211105346679688,0.00885623177347043,0.0035400390625,0.007923901081085195,0.018849315643310535,7.002111911773682,exact,95484,phase1c1_v2
data/raw/WiFI_and_MQTT/attacks/pcap/train/TCP_IP-DoS-TCP3_train.pcap,attacks,ATTACK,DoS,DoS_TCP,,,,DoS_TCP_3,25,5.0,1.0,9592792,0,0,1,383711,9592775,1,17,0.999998227836067,1,2.606128049495584e-06,0.0,0.0013043434079062454,0.0006108283996582031,0.004168081283569325,0.0063178563117980945,0.14503812789916992,reservoir_n100000_seed42,100000,phase1c1_v2
data/raw/WiFI_and_MQTT/attacks/pcap/train/TCP_IP-DoS-TCP3_train.pcap,attacks,ATTACK,DoS,DoS_TCP,,,,DoS_TCP_3,25,30.0,1.0,9592792,0,0,1,383711,9592775,1,17,0.999998227836067,1,2.606128049495584e-06,0.0,0.0013043434079062454,0.0006108283996582031,0.004168081283569325,0.0063178563117980945,0.14503812789916992,reservoir_n100000_seed42,100000,phase1c1_v2
data/raw/WiFI_and_MQTT/attacks/pcap/train/TCP_IP-DoS-TCP3_train.pcap,attacks,ATTACK,DoS,DoS_TCP,,,,DoS_TCP_3,50,5.0,1.0,9592792,0,0,1,191855,9592750,1,42,0.9999956217126359,0,0.0,4.482269287109375e-05,0.002662758750037683,0.0022449493408203125,0.006002914905548093,0.008737823963165272,0.14668917655944824,reservoir_n100000_seed42,100000,phase1c1_v2
data/raw/WiFI_and_MQTT/attacks/pcap/train/TCP_IP-DoS-TCP3_train.pcap,attacks,ATTACK,DoS,DoS_TCP,,,,DoS_TCP_3,50,30.0,1.0,9592792,0,0,1,191855,9592750,1,42,0.9999956217126359,0,0.0,4.482269287109375e-05,0.002662758750037683,0.0022449493408203125,0.006002914905548093,0.008737823963165272,0.14668917655944824,reservoir_n100000_seed42,100000,phase1c1_v2
data/raw/WiFI_and_MQTT/attacks/pcap/train/TCP_IP-DoS-TCP3_train.pcap,attacks,ATTACK,DoS,DoS_TCP,,,,DoS_TCP_3,100,5.0,1.0,9592792,0,0,1,95927,9592700,1,92,0.9999904094657739,0,0.0,9.393692016601562e-05,0.005379560056450963,0.004734992980957031,0.009823298454284663,0.014710407257080088,0.15096616744995117,exact,95927,phase1c1_v2
data/raw/WiFI_and_MQTT/attacks/pcap/train/TCP_IP-DoS-TCP3_train.pcap,attacks,ATTACK,DoS,DoS_TCP,,,,DoS_TCP_3,100,30.0,1.0,9592792,0,0,1,95927,9592700,1,92,0.9999904094657739,0,0.0,9.393692016601562e-05,0.005379560056450963,0.004734992980957031,0.009823298454284663,0.014710407257080088,0.15096616744995117,exact,95927,phase1c1_v2
data/raw/WiFI_and_MQTT/attacks/pcap/train/TCP_IP-DoS-TCP4_train.pcap,attacks,ATTACK,DoS,DoS_TCP,,,,DoS_TCP_4,25,5.0,1.0,9345102,2,0,3,373802,9345050,3,52,0.9999944355877549,2,5.350426161443759e-06,0.0,0.002373151801217881,0.0008730888366699219,0.0038421154022216797,0.011304004192352241,2.0025930404663086,reservoir_n100000_seed42,100000,phase1c1_v2
data/raw/WiFI_and_MQTT/attacks/pcap/train/TCP_IP-DoS-TCP4_train.pcap,attacks,ATTACK,DoS,DoS_TCP,,,,DoS_TCP_4,25,30.0,1.0,9345102,2,0,3,373802,9345050,3,52,0.9999944355877549,2,5.350426161443759e-06,0.0,0.002373151801217881,0.0008730888366699219,0.0038421154022216797,0.011304004192352241,2.0025930404663086,reservoir_n100000_seed42,100000,phase1c1_v2
data/raw/WiFI_and_MQTT/attacks/pcap/train/TCP_IP-DoS-TCP4_train.pcap,attacks,ATTACK,DoS,DoS_TCP,,,,DoS_TCP_4,50,5.0,1.0,9345102,2,0,3,186900,9345000,3,102,0.9999890851913655,0,0.0,4.7206878662109375e-05,0.004845697540468937,0.0018470287322998047,0.006396102905273426,0.018673465251922334,3.0027880668640137,reservoir_n100000_seed42,100000,phase1c1_v2
data/raw/WiFI_and_MQTT/attacks/pcap/train/TCP_IP-DoS-TCP4_train.pcap,attacks,ATTACK,DoS,DoS_TCP,,,,DoS_TCP_4,50,30.0,1.0,9345102,2,0,3,186900,9345000,3,102,0.9999890851913655,0,0.0,4.7206878662109375e-05,0.004845697540468937,0.0018470287322998047,0.006396102905273426,0.018673465251922334,3.0027880668640137,reservoir_n100000_seed42,100000,phase1c1_v2
data/raw/WiFI_and_MQTT/attacks/pcap/train/TCP_IP-DoS-TCP4_train.pcap,attacks,ATTACK,DoS,DoS_TCP,,,,DoS_TCP_4,100,5.0,1.0,9345102,2,0,3,93450,9345000,3,102,0.9999890851913655,0,0.0,0.00015497207641601562,0.009812165125606532,0.003933072090148926,0.011774051189422614,0.03462872028350825,5.001841068267822,exact,93450,phase1c1_v2
data/raw/WiFI_and_MQTT/attacks/pcap/train/TCP_IP-DoS-TCP4_train.pcap,attacks,ATTACK,DoS,DoS_TCP,,,,DoS_TCP_4,100,30.0,1.0,9345102,2,0,3,93450,9345000,3,102,0.9999890851913655,0,0.0,0.00015497207641601562,0.009812165125606532,0.003933072090148926,0.011774051189422614,0.03462872028350825,5.001841068267822,exact,93450,phase1c1_v2
data/raw/WiFI_and_MQTT/attacks/pcap/train/TCP_IP-DoS-UDP1_train.pcap,attacks,ATTACK,DoS,DoS_UDP,,,,DoS_UDP_1,25,5.0,1.0,13695288,2,0,3,547810,13695250,3,38,0.9999972253230455,0,0.0,2.3126602172851562e-05,0.001993220500187367,0.0007948875427246094,0.006067991256713867,0.019627153873443572,1.9257190227508545,reservoir_n100000_seed42,100000,phase1c1_v2
data/raw/WiFI_and_MQTT/attacks/pcap/train/TCP_IP-DoS-UDP1_train.pcap,attacks,ATTACK,DoS,DoS_UDP,,,,DoS_UDP_1,25,30.0,1.0,13695288,2,0,3,547810,13695250,3,38,0.9999972253230455,0,0.0,2.3126602172851562e-05,0.001993220500187367,0.0007948875427246094,0.006067991256713867,0.019627153873443572,1.9257190227508545,reservoir_n100000_seed42,100000,phase1c1_v2
data/raw/WiFI_and_MQTT/attacks/pcap/train/TCP_IP-DoS-UDP1_train.pcap,attacks,ATTACK,DoS,DoS_UDP,,,,DoS_UDP_1,50,5.0,1.0,13695288,2,0,3,273904,13695200,3,88,0.9999935744323157,0,0.0,6.818771362304688e-05,0.0040649456414909545,0.0018689632415771484,0.01232854127883902,0.03217911958694446,2.727534055709839,reservoir_n100000_seed42,100000,phase1c1_v2
data/raw/WiFI_and_MQTT/attacks/pcap/train/TCP_IP-DoS-UDP1_train.pcap,attacks,ATTACK,DoS,DoS_UDP,,,,DoS_UDP_1,50,30.0,1.0,13695288,2,0,3,273904,13695200,3,88,0.9999935744323157,0,0.0,6.818771362304688e-05,0.0040649456414909545,0.0018689632415771484,0.01232854127883902,0.03217911958694446,2.727534055709839,reservoir_n100000_seed42,100000,phase1c1_v2
data/raw/WiFI_and_MQTT/attacks/pcap/train/TCP_IP-DoS-UDP1_train.pcap,attacks,ATTACK,DoS,DoS_UDP,,,,DoS_UDP_1,100,5.0,1.0,13695288,2,0,3,136952,13695200,3,88,0.9999935744323157,0,0.0,0.00017905235290527344,0.008211576534394133,0.004178047180175781,0.02359827756881712,0.0527153134346007,4.709728002548218,reservoir_n100000_seed42,100000,phase1c1_v2
data/raw/WiFI_and_MQTT/attacks/pcap/train/TCP_IP-DoS-UDP1_train.pcap,attacks,ATTACK,DoS,DoS_UDP,,,,DoS_UDP_1,100,30.0,1.0,13695288,2,0,3,136952,13695200,3,88,0.9999935744323157,0,0.0,0.00017905235290527344,0.008211576534394133,0.004178047180175781,0.02359827756881712,0.0527153134346007,4.709728002548218,reservoir_n100000_seed42,100000,phase1c1_v2
data/raw/WiFI_and_MQTT/attacks/pcap/train/TCP_IP-DoS-UDP2_train.pcap,attacks,ATTACK,DoS,DoS_UDP,,,,DoS_UDP_2,25,5.0,1.0,14043139,2,0,3,561724,14043100,3,39,0.9999972228431264,0,0.0,2.9802322387695312e-05,0.0019100601978502881,0.0007840394973754883,0.003737246990203849,0.008510153293609598,2.0020079612731934,reservoir_n100000_seed42,100000,phase1c1_v2
data/raw/WiFI_and_MQTT/attacks/pcap/train/TCP_IP-DoS-UDP2_train.pcap,attacks,ATTACK,DoS,DoS_UDP,,,,DoS_UDP_2,25,30.0,1.0,14043139,2,0,3,561724,14043100,3,39,0.9999972228431264,0,0.0,2.9802322387695312e-05,0.0019100601978502881,0.0007840394973754883,0.003737246990203849,0.008510153293609598,2.0020079612731934,reservoir_n100000_seed42,100000,phase1c1_v2
data/raw/WiFI_and_MQTT/attacks/pcap/train/TCP_IP-DoS-UDP2_train.pcap,attacks,ATTACK,DoS,DoS_UDP,,,,DoS_UDP_2,50,5.0,1.0,14043139,2,0,3,280861,14043050,3,89,0.9999936623855963,0,0.0,6.604194641113281e-05,0.0038927744458499554,0.00186920166015625,0.005777156352996818,0.015328052043914731,3.003385066986084,reservoir_n100000_seed42,100000,phase1c1_v2
data/raw/WiFI_and_MQTT/attacks/pcap/train/TCP_IP-DoS-UDP2_train.pcap,attacks,ATTACK,DoS,DoS_UDP,,,,DoS_UDP_2,50,30.0,1.0,14043139,2,0,3,280861,14043050,3,89,0.9999936623855963,0,0.0,6.604194641113281e-05,0.0038927744458499554,0.00186920166015625,0.005777156352996818,0.015328052043914731,3.003385066986084,reservoir_n100000_seed42,100000,phase1c1_v2
data/raw/WiFI_and_MQTT/attacks/pcap/train/TCP_IP-DoS-UDP2_train.pcap,attacks,ATTACK,DoS,DoS_UDP,,,,DoS_UDP_2,100,5.0,1.0,14043139,2,0,3,140430,14043000,3,139,0.999990101928066,0,0.0,0.00016188621520996094,0.007870862043066038,0.004058122634887695,0.009507894515991211,0.02733422517776476,5.9998509883880615,reservoir_n100000_seed42,100000,phase1c1_v2
data/raw/WiFI_and_MQTT/attacks/pcap/train/TCP_IP-DoS-UDP2_train.pcap,attacks,ATTACK,DoS,DoS_UDP,,,,DoS_UDP_2,100,30.0,1.0,14043139,2,0,3,140430,14043000,3,139,0.999990101928066,0,0.0,0.00016188621520996094,0.007870862043066038,0.004058122634887695,0.009507894515991211,0.02733422517776476,5.9998509883880615,reservoir_n100000_seed42,100000,phase1c1_v2
data/raw/WiFI_and_MQTT/attacks/pcap/train/TCP_IP-DoS-UDP3_train.pcap,attacks,ATTACK,DoS,DoS_UDP,,,,DoS_UDP_3,25,5.0,1.0,14608427,0,0,1,584337,14608425,1,2,0.9999998630927204,0,0.0,1.811981201171875e-05,0.00101440213005133,0.0008051395416259766,0.0025370121002197266,0.00570419311523436,0.1569349765777588,reservoir_n100000_seed42,100000,phase1c1_v2
data/raw/WiFI_and_MQTT/attacks/pcap/train/TCP_IP-DoS-UDP3_train.pcap,attacks,ATTACK,DoS,DoS_UDP,,,,DoS_UDP_3,25,30.0,1.0,14608427,0,0,1,584337,14608425,1,2,0.9999998630927204,0,0.0,1.811981201171875e-05,0.00101440213005133,0.0008051395416259766,0.0025370121002197266,0.00570419311523436,0.1569349765777588,reservoir_n100000_seed42,100000,phase1c1_v2
data/raw/WiFI_and_MQTT/attacks/pcap/train/TCP_IP-DoS-UDP3_train.pcap,attacks,ATTACK,DoS,DoS_UDP,,,,DoS_UDP_3,50,5.0,1.0,14608427,0,0,1,292168,14608400,1,27,0.9999981517517252,0,0.0,6.699562072753906e-05,0.0020708784476118026,0.0016779899597167969,0.004408848285675046,0.007982997894287094,0.15962696075439453,reservoir_n100000_seed42,100000,phase1c1_v2
data/raw/WiFI_and_MQTT/attacks/pcap/train/TCP_IP-DoS-UDP3_train.pcap,attacks,ATTACK,DoS,DoS_UDP,,,,DoS_UDP_3,50,30.0,1.0,14608427,0,0,1,292168,14608400,1,27,0.9999981517517252,0,0.0,6.699562072753906e-05,0.0020708784476118026,0.0016779899597167969,0.004408848285675046,0.007982997894287094,0.15962696075439453,reservoir_n100000_seed42,100000,phase1c1_v2
data/raw/WiFI_and_MQTT/attacks/pcap/train/TCP_IP-DoS-UDP3_train.pcap,attacks,ATTACK,DoS,DoS_UDP,,,,DoS_UDP_3,100,5.0,1.0,14608427,0,0,1,146084,14608400,1,27,0.9999981517517252,0,0.0,0.00015306472778320312,0.004184034656960642,0.0034890174865722656,0.007948160171508789,0.013203163146972646,0.1602191925048828,reservoir_n100000_seed42,100000,phase1c1_v2
data/raw/WiFI_and_MQTT/attacks/pcap/train/TCP_IP-DoS-UDP3_train.pcap,attacks,ATTACK,DoS,DoS_UDP,,,,DoS_UDP_3,100,30.0,1.0,14608427,0,0,1,146084,14608400,1,27,0.9999981517517252,0,0.0,0.00015306472778320312,0.004184034656960642,0.0034890174865722656,0.007948160171508789,0.013203163146972646,0.1602191925048828,reservoir_n100000_seed42,100000,phase1c1_v2
data/raw/WiFI_and_MQTT/attacks/pcap/train/TCP_IP-DoS-UDP4_train.pcap,attacks,ATTACK,DoS,DoS_UDP,,,,DoS_UDP_4,25,5.0,1.0,14324896,3,0,4,572994,14324850,4,46,0.9999967888074022,0,0.0,2.4080276489257812e-05,0.004020932741849916,0.0008411407470703125,0.00829796791076659,0.022838385105132916,2.0119709968566895,reservoir_n100000_seed42,100000,phase1c1_v2
data/raw/WiFI_and_MQTT/attacks/pcap/train/TCP_IP-DoS-UDP4_train.pcap,attacks,ATTACK,DoS,DoS_UDP,,,,DoS_UDP_4,25,30.0,1.0,14324896,3,0,4,572994,14324850,4,46,0.9999967888074022,0,0.0,2.4080276489257812e-05,0.004020932741849916,0.0008411407470703125,0.00829796791076659,0.022838385105132916,2.0119709968566895,reservoir_n100000_seed42,100000,phase1c1_v2
data/raw/WiFI_and_MQTT/attacks/pcap/train/TCP_IP-DoS-UDP4_train.pcap,attacks,ATTACK,DoS,DoS_UDP,,,,DoS_UDP_4,50,5.0,1.0,14324896,3,0,4,286496,14324800,4,96,0.9999932983806654,0,0.0,6.985664367675781e-05,0.008173225392819143,0.0017809867858886719,0.014526224136352517,0.03311645269393903,4.005948066711426,reservoir_n100000_seed42,100000,phase1c1_v2
data/raw/WiFI_and_MQTT/attacks/pcap/train/TCP_IP-DoS-UDP4_train.pcap,attacks,ATTACK,DoS,DoS_UDP,,,,DoS_UDP_4,50,30.0,1.0,14324896,3,0,4,286496,14324800,4,96,0.9999932983806654,0,0.0,6.985664367675781e-05,0.008173225392819143,0.0017809867858886719,0.014526224136352517,0.03311645269393903,4.005948066711426,reservoir_n100000_seed42,100000,phase1c1_v2
data/raw/WiFI_and_MQTT/attacks/pcap/train/TCP_IP-DoS-UDP4_train.pcap,attacks,ATTACK,DoS,DoS_UDP,,,,DoS_UDP_4,100,5.0,1.0,14324896,3,0,4,143247,14324700,4,196,0.9999863175271918,0,0.0,0.00017189979553222656,0.016502831055724268,0.0037288665771484375,0.02641615867614744,0.052319087982177714,7.001898765563965,reservoir_n100000_seed42,100000,phase1c1_v2
data/raw/WiFI_and_MQTT/attacks/pcap/train/TCP_IP-DoS-UDP4_train.pcap,attacks,ATTACK,DoS,DoS_UDP,,,,DoS_UDP_4,100,30.0,1.0,14324896,3,0,4,143247,14324700,4,196,0.9999863175271918,0,0.0,0.00017189979553222656,0.016502831055724268,0.0037288665771484375,0.02641615867614744,0.052319087982177714,7.001898765563965,reservoir_n100000_seed42,100000,phase1c1_v2
data/raw/WiFI_and_MQTT/profiling/PCAP/Active/Active.pcap,profiling,BENIGN,,,active,standard,,Active,25,5.0,1.0,1040643,11,0,12,41622,1040550,12,93,0.9999106321764525,6,0.00014415453366008361,0.0,2.392297128289272,0.6143931150436401,9.323523414134964,13.596107037067416,20.731569051742554,exact,41622,phase1c1_v2
data/raw/WiFI_and_MQTT/profiling/PCAP/Active/Active.pcap,profiling,BENIGN,,,active,standard,,Active,25,30.0,1.0,1040643,8,0,9,41623,1040575,9,68,0.999934655784933,6,0.00014415107032169714,0.0,2.392910858441662,0.614098072052002,9.326304197311403,13.65040945529937,20.493293046951294,exact,41623,phase1c1_v2
data/raw/WiFI_and_MQTT/profiling/PCAP/Active/Active.pcap,profiling,BENIGN,,,active,standard,,Active,50,5.0,1.0,1040643,11,0,12,20810,1040500,12,143,0.9998625849594914,0,0.0,7.009506225585938e-05,4.883701203947512,1.5427519083023071,17.74984301328658,24.854372029304503,32.87277698516846,exact,20810,phase1c1_v2
data/raw/WiFI_and_MQTT/profiling/PCAP/Active/Active.pcap,profiling,BENIGN,,,active,standard,,Active,50,30.0,1.0,1040643,8,0,9,20810,1040500,9,143,0.9998625849594914,0,0.0,7.009506225585938e-05,4.8847216843183885,1.5509024858474731,17.82633240222931,24.849962766170503,34.236173152923584,exact,20810,phase1c1_v2
data/raw/WiFI_and_MQTT/profiling/PCAP/Active/Active.pcap,profiling,BENIGN,,,active,standard,,Active,100,5.0,1.0,1040643,11,0,12,10402,1040200,12,443,0.9995743016577251,0,0.0,0.0031969547271728516,9.86249341799236,4.606806039810181,34.444132840633394,43.97640785217284,55.11915898323059,exact,10402,phase1c1_v2
data/raw/WiFI_and_MQTT/profiling/PCAP/Active/Active.pcap,profiling,BENIGN,,,active,standard,,Active,100,30.0,1.0,1040643,8,0,9,10402,1040200,9,443,0.9995743016577251,0,0.0,0.0031969547271728516,9.865609014384955,4.626780390739441,34.443427610397336,44.032288274765016,58.10738205909729,exact,10402,phase1c1_v2
data/raw/WiFI_and_MQTT/profiling/PCAP/Broker/ActiveBroker.pcap,profiling,BENIGN,,,active,active_broker,,ActiveBroker,25,5.0,1.0,1981055,8,0,9,79238,1980950,9,105,0.9999469979379674,0,0.0,0.00011706352233886719,1.2560883889563823,1.0013890266418457,2.0017690658569336,2.0048795986175536,2.018817901611328,exact,79238,phase1c1_v2
data/raw/WiFI_and_MQTT/profiling/PCAP/Broker/ActiveBroker.pcap,profiling,BENIGN,,,active,active_broker,,ActiveBroker,25,30.0,1.0,1981055,8,0,9,79238,1980950,9,105,0.9999469979379674,0,0.0,0.00011706352233886719,1.2560883889563823,1.0013890266418457,2.0017690658569336,2.0048795986175536,2.018817901611328,exact,79238,phase1c1_v2
data/raw/WiFI_and_MQTT/profiling/PCAP/Broker/ActiveBroker.pcap,profiling,BENIGN,,,active,active_broker,,ActiveBroker,50,5.0,1.0,1981055,8,0,9,39618,1980900,9,155,0.999921758860809,0,0.0,0.0005199909210205078,2.5637550073146844,2.9989099502563477,3.99931001663208,4.001491136550904,4.0173749923706055,exact,39618,phase1c1_v2
data/raw/WiFI_and_MQTT/profiling/PCAP/Broker/ActiveBroker.pcap,profiling,BENIGN,,,active,active_broker,,ActiveBroker,50,30.0,1.0,1981055,8,0,9,39618,1980900,9,155,0.999921758860809,0,0.0,0.0005199909210205078,2.5637550073146844,2.9989099502563477,3.99931001663208,4.001491136550904,4.0173749923706055,exact,39618,phase1c1_v2
data/raw/WiFI_and_MQTT/profiling/PCAP/Broker/ActiveBroker.pcap,profiling,BENIGN,,,active,active_broker,,ActiveBroker,100,5.0,1.0,1981055,8,0,9,19807,1980700,9,355,0.9998208025521755,0,0.0,0.0015349388122558594,5.182012198230984,5.997793912887573,6.998075413703918,7.001572260856628,7.012570142745972,exact,19807,phase1c1_v2
data/raw/WiFI_and_MQTT/profiling/PCAP/Broker/ActiveBroker.pcap,profiling,BENIGN,,,active,active_broker,,ActiveBroker,100,30.0,1.0,1981055,8,0,9,19807,1980700,9,355,0.9998208025521755,0,0.0,0.0015349388122558594,5.182012198230984,5.997793912887573,6.998075413703918,7.001572260856628,7.012570142745972,exact,19807,phase1c1_v2
data/raw/WiFI_and_MQTT/profiling/PCAP/Idle/Idle.pcap,profiling,BENIGN,,,idle,,,Idle,25,5.0,1.0,328923,19,0,20,13149,328725,19,198,0.9993980354064629,0,0.0,0.0010728836059570312,6.823056410071387,6.858179807662964,14.262893962860105,17.00045596122742,23.321362018585205,exact,13149,phase1c1_v2
data/raw/WiFI_and_MQTT/profiling/PCAP/Idle/Idle.pcap,profiling,BENIGN,,,idle,,,Idle,25,30.0,1.0,328923,1,0,2,13155,328875,2,48,0.9998540691894455,0,0.0,0.00177001953125,6.822329970558801,6.841685056686401,14.298190498352051,17.236606850624085,22.41347312927246,exact,13155,phase1c1_v2
data/raw/WiFI_and_MQTT/profiling/PCAP/Idle/Idle.pcap,profiling,BENIGN,,,idle,,,Idle,50,5.0,1.0,328923,19,0,20,6567,328350,19,573,0.9982579509490063,0,0.0,0.0220339298248291,13.927120813881224,14.303441047668457,25.392190814018246,29.311213612556458,34.723047971725464,exact,6567,phase1c1_v2
data/raw/WiFI_and_MQTT/profiling/PCAP/Idle/Idle.pcap,profiling,BENIGN,,,idle,,,Idle,50,30.0,1.0,328923,1,0,2,6577,328850,2,73,0.9997780635589485,0,0.0,0.0258181095123291,13.936091229639029,14.320149183273315,25.529581308364865,29.483932676315302,35.00072121620178,exact,6577,phase1c1_v2
data/raw/WiFI_and_MQTT/profiling/PCAP/Idle/Idle.pcap,profiling,BENIGN,,,idle,,,Idle,100,5.0,1.0,328923,19,0,20,3277,327700,19,1223,0.9962818045560815,0,0.0,0.06283092498779297,28.125826300300037,29.091426849365234,44.73595390319824,50.50458346366876,58.90629196166992,exact,3277,phase1c1_v2
data/raw/WiFI_and_MQTT/profiling/PCAP/Idle/Idle.pcap,profiling,BENIGN,,,idle,,,Idle,100,30.0,1.0,328923,1,0,2,3288,328800,2,123,0.9996260522979542,0,0.0,0.06283092498779297,28.168586453454626,29.087189435958862,44.82301580905913,50.47425944328311,59.82072997093201,exact,3288,phase1c1_v2
data/raw/WiFI_and_MQTT/profiling/PCAP/Interactions/Blink_Camera/Blink_Camera_LAN_MIC.pcap,profiling,BENIGN,,,interaction,,Blink_Camera,Blink_Camera_LAN_MIC,25,5.0,1.0,21455,2,0,3,857,21425,2,30,0.9986017245397343,0,0.0,0.001695871353149414,0.30165289858814714,0.2536458969116211,0.6444877624511711,1.121403093338012,5.3168580532073975,exact,857,phase1c1_v2
data/raw/WiFI_and_MQTT/profiling/PCAP/Interactions/Blink_Camera/Blink_Camera_LAN_MIC.pcap,profiling,BENIGN,,,interaction,,Blink_Camera,Blink_Camera_LAN_MIC,25,30.0,1.0,21455,1,0,2,857,21425,2,30,0.9986017245397343,0,0.0,0.001695871353149414,0.32815003756742356,0.25498414039611816,0.63995018005371,1.1638542079925491,23.858680963516235,exact,857,phase1c1_v2
data/raw/WiFI_and_MQTT/profiling/PCAP/Interactions/Blink_Camera/Blink_Camera_LAN_MIC.pcap,profiling,BENIGN,,,interaction,,Blink_Camera,Blink_Camera_LAN_MIC,50,5.0,1.0,21455,2,0,3,428,21400,3,55,0.9974364949895129,0,0.0,0.11570310592651367,0.6150651574134827,0.5128426551818848,1.2563484787940968,2.079601614475254,6.1866559982299805,exact,428,phase1c1_v2
data/raw/WiFI_and_MQTT/profiling/PCAP/Interactions/Blink_Camera/Blink_Camera_LAN_MIC.pcap,profiling,BENIGN,,,interaction,,Blink_Camera,Blink_Camera_LAN_MIC,50,30.0,1.0,21455,1,0,2,428,21400,2,55,0.9974364949895129,0,0.0,0.07251119613647461,0.6682020186263824,0.5240814685821533,1.2539434671401968,2.119266076087957,24.222211837768555,exact,428,phase1c1_v2
data/raw/WiFI_and_MQTT/profiling/PCAP/Interactions/Blink_Camera/Blink_Camera_LAN_MIC.pcap,profiling,BENIGN,,,interaction,,Blink_Camera,Blink_Camera_LAN_MIC,100,5.0,1.0,21455,2,0,3,213,21300,3,155,0.9927755767886274,0,0.0,0.5269529819488525,1.2355292940363638,1.0473110675811768,2.608625650405883,3.6517052745819067,7.939903974533081,exact,213,phase1c1_v2
data/raw/WiFI_and_MQTT/profiling/PCAP/Interactions/Blink_Camera/Blink_Camera_LAN_MIC.pcap,profiling,BENIGN,,,interaction,,Blink_Camera,Blink_Camera_LAN_MIC,100,30.0,1.0,21455,1,0,2,213,21300,2,155,0.9927755767886274,0,0.0,0.4944648742675781,1.3428640208893539,1.0570049285888672,2.526778173446653,5.072023944854731,25.717389822006226,exact,213,phase1c1_v2
data/raw/WiFI_and_MQTT/profiling/PCAP/Interactions/Blink_Camera/Blink_Camera_LAN_WATCH.pcap,profiling,BENIGN,,,interaction,,Blink_Camera,Blink_Camera_LAN_WATCH,25,5.0,1.0,18821,3,0,4,751,18775,4,46,0.9975559215769619,0,0.0,0.002741098403930664,0.3479587079364355,0.3018460273742676,0.8496025800704956,1.2572754621505737,2.458724021911621,exact,751,phase1c1_v2
data/raw/WiFI_and_MQTT/profiling/PCAP/Interactions/Blink_Camera/Blink_Camera_LAN_WATCH.pcap,profiling,BENIGN,,,interaction,,Blink_Camera,Blink_Camera_LAN_WATCH,25,30.0,1.0,18821,1,0,2,752,18800,2,21,0.9988842250677434,0,0.0,0.00238800048828125,0.35443351211700036,0.3037679195404053,0.8491486191749567,1.3054891371726995,6.038916110992432,exact,752,phase1c1_v2
data/raw/WiFI_and_MQTT/profiling/PCAP/Interactions/Blink_Camera/Blink_Camera_LAN_WATCH.pcap,profiling,BENIGN,,,interaction,,Blink_Camera,Blink_Camera_LAN_WATCH,50,5.0,1.0,18821,3,0,4,375,18750,4,71,0.9962276180861803,0,0.0,0.05993509292602539,0.7063055725097657,0.6041948795318604,1.492628836631775,2.489360189437865,3.481123208999634,exact,375,phase1c1_v2
data/raw/WiFI_and_MQTT/profiling/PCAP/Interactions/Blink_Camera/Blink_Camera_LAN_WATCH.pcap,profiling,BENIGN,,,interaction,,Blink_Camera,Blink_Camera_LAN_WATCH,50,30.0,1.0,18821,1,0,2,376,18800,2,21,0.9988842250677434,0,0.0,0.05953097343444824,0.7995916300631584,0.5938243865966797,1.6109480261802673,3.2925891876220703,30.080896854400635,exact,376,phase1c1_v2
data/raw/WiFI_and_MQTT/profiling/PCAP/Interactions/Blink_Camera/Blink_Camera_LAN_WATCH.pcap,profiling,BENIGN,,,interaction,,Blink_Camera,Blink_Camera_LAN_WATCH,100,5.0,1.0,18821,3,0,4,187,18700,4,121,0.9935710111046172,0,0.0,0.46677494049072266,1.4167724484428366,1.1716060638427734,2.983670306205748,3.719768447875965,5.927244186401367,exact,187,phase1c1_v2
data/raw/WiFI_and_MQTT/profiling/PCAP/Interactions/Blink_Camera/Blink_Camera_LAN_WATCH.pcap,profiling,BENIGN,,,interaction,,Blink_Camera,Blink_Camera_LAN_WATCH,100,30.0,1.0,18821,1,0,2,188,18800,2,21,0.9988842250677434,0,0.0,0.46677494049072266,1.6126316227811448,1.163107991218567,3.1867102622985843,5.639862389564507,30.56168484687805,exact,188,phase1c1_v2
data/raw/WiFI_and_MQTT/profiling/PCAP/Interactions/Blink_Camera/Blink_Camera_WAN_MIC.pcap,profiling,BENIGN,,,interaction,,Blink_Camera,Blink_Camera_WAN_MIC,25,5.0,1.0,22173,2,0,3,885,22125,3,48,0.9978352049790286,0,0.0,0.015557050704956055,0.2828722582025043,0.2309250831604004,0.6531366348266601,1.0937548923492417,1.8707280158996582,exact,885,phase1c1_v2
data/raw/WiFI_and_MQTT/profiling/PCAP/Interactions/Blink_Camera/Blink_Camera_WAN_MIC.pcap,profiling,BENIGN,,,interaction,,Blink_Camera,Blink_Camera_WAN_MIC,25,30.0,1.0,22173,1,0,2,886,22150,2,23,0.9989627023857846,0,0.0,0.015557050704956055,0.31548818400966394,0.23248302936553955,0.6886829733848572,1.1257735371589659,29.419919967651367,exact,886,phase1c1_v2
data/raw/WiFI_and_MQTT/profiling/PCAP/Interactions/Blink_Camera/Blink_Camera_WAN_MIC.pcap,profiling,BENIGN,,,interaction,,Blink_Camera,Blink_Camera_WAN_MIC,50,5.0,1.0,22173,2,0,3,442,22100,3,73,0.9967077075722726,0,0.0,0.058474063873291016,0.5751298671394451,0.46419644355773926,1.3960065484046935,1.7946377301216123,2.7326629161834717,exact,442,phase1c1_v2
data/raw/WiFI_and_MQTT/profiling/PCAP/Interactions/Blink_Camera/Blink_Camera_WAN_MIC.pcap,profiling,BENIGN,,,interaction,,Blink_Camera,Blink_Camera_WAN_MIC,50,30.0,1.0,22173,1,0,2,443,22150,2,23,0.9989627023857846,0,0.0,0.058474063873291016,0.6424066024763051,0.46587586402893066,1.3721401453018187,2.045120491981505,30.69560980796814,exact,443,phase1c1_v2
data/raw/WiFI_and_MQTT/profiling/PCAP/Interactions/Blink_Camera/Blink_Camera_WAN_MIC.pcap,profiling,BENIGN,,,interaction,,Blink_Camera,Blink_Camera_WAN_MIC,100,5.0,1.0,22173,2,0,3,220,22000,3,173,0.9921977179452487,0,0.0,0.2549920082092285,1.157546971061013,0.8950464725494385,2.678269338607788,3.3042150568962096,3.846698045730591,exact,220,phase1c1_v2
data/raw/WiFI_and_MQTT/profiling/PCAP/Interactions/Blink_Camera/Blink_Camera_WAN_MIC.pcap,profiling,BENIGN,,,interaction,,Blink_Camera,Blink_Camera_WAN_MIC,100,30.0,1.0,22173,1,0,2,221,22100,2,73,0.9967077075722726,0,0.0,0.2549920082092285,1.2971652309279635,0.8845169544219971,2.788439989089966,3.470081377029421,31.105886936187744,exact,221,phase1c1_v2
data/raw/WiFI_and_MQTT/profiling/PCAP/Interactions/Blink_Camera/Blink_Camera_WAN_WATCH.pcap,profiling,BENIGN,,,interaction,,Blink_Camera,Blink_Camera_WAN_WATCH,25,5.0,1.0,15857,3,0,4,632,15800,4,57,0.9964053730213785,0,0.0,0.018069982528686523,0.39630374161502985,0.31557655334472656,0.9216305255889892,1.8296584439277581,2.845607042312622,exact,632,phase1c1_v2
data/raw/WiFI_and_MQTT/profiling/PCAP/Interactions/Blink_Camera/Blink_Camera_WAN_WATCH.pcap,profiling,BENIGN,,,interaction,,Blink_Camera,Blink_Camera_WAN_WATCH,25,30.0,1.0,15857,1,0,2,633,15825,2,32,0.9979819638014756,0,0.0,0.018069982528686523,0.44845562146926565,0.31919407844543457,0.9273594379425047,1.922961845397945,32.002846002578735,exact,633,phase1c1_v2
data/raw/WiFI_and_MQTT/profiling/PCAP/Interactions/Blink_Camera/Blink_Camera_WAN_WATCH.pcap,profiling,BENIGN,,,interaction,,Blink_Camera,Blink_Camera_WAN_WATCH,50,5.0,1.0,15857,3,0,4,315,15750,4,107,0.9932521914611844,0,0.0,0.05410003662109375,0.809447829685514,0.6554210186004639,1.843991684913635,3.5354906082153383,4.035758018493652,exact,315,phase1c1_v2
data/raw/WiFI_and_MQTT/profiling/PCAP/Interactions/Blink_Camera/Blink_Camera_WAN_WATCH.pcap,profiling,BENIGN,,,interaction,,Blink_Camera,Blink_Camera_WAN_WATCH,50,30.0,1.0,15857,1,0,2,316,15800,2,57,0.9964053730213785,0,0.0,0.05410003662109375,0.9102387066128887,0.667494535446167,1.8439648747444153,3.728847050666812,32.9242000579834,exact,316,phase1c1_v2
data/raw/WiFI_and_MQTT/profiling/PCAP/Interactions/Blink_Camera/Blink_Camera_WAN_WATCH.pcap,profiling,BENIGN,,,interaction,,Blink_Camera,Blink_Camera_WAN_WATCH,100,5.0,1.0,15857,3,0,4,157,15700,4,157,0.9900990099009901,0,0.0,0.27581310272216797,1.6282486338524302,1.410243034362793,3.4822129726409883,5.565233154296875,6.25004506111145,exact,157,phase1c1_v2
data/raw/WiFI_and_MQTT/profiling/PCAP/Interactions/Blink_Camera/Blink_Camera_WAN_WATCH.pcap,profiling,BENIGN,,,interaction,,Blink_Camera,Blink_Camera_WAN_WATCH,100,30.0,1.0,15857,1,0,2,158,15800,2,57,0.9964053730213785,0,0.0,0.27581310272216797,1.8352368692808514,1.3990464210510254,3.4787842750549327,5.933764650821692,34.333678007125854,exact,158,phase1c1_v2
data/raw/WiFI_and_MQTT/profiling/PCAP/Interactions/Ecobee_Camera/Ecobee_Camera_LAN_MIC.pcap,profiling,BENIGN,,,interaction,,Ecobee_Camera,Ecobee_Camera_LAN_MIC,25,5.0,1.0,38731,2,0,3,1547,38675,3,56,0.9985541297668534,0,0.0,0.0010480880737304688,0.1580454549561336,0.1575930118560791,0.19244973659515374,0.38204936981201165,4.5783610343933105,exact,1547,phase1c1_v2
data/raw/WiFI_and_MQTT/profiling/PCAP/Interactions/Ecobee_Camera/Ecobee_Camera_LAN_MIC.pcap,profiling,BENIGN,,,interaction,,Ecobee_Camera,Ecobee_Camera_LAN_MIC,25,30.0,1.0,38731,1,0,2,1548,38700,2,31,0.9991996075495081,0,0.0,0.0009870529174804688,0.17723219755084016,0.15748858451843262,0.1932373404502868,0.37838708877563465,32.12498688697815,exact,1548,phase1c1_v2
data/raw/WiFI_and_MQTT/profiling/PCAP/Interactions/Ecobee_Camera/Ecobee_Camera_LAN_MIC.pcap,profiling,BENIGN,,,interaction,,Ecobee_Camera,Ecobee_Camera_LAN_MIC,50,5.0,1.0,38731,2,0,3,772,38600,3,131,0.9966176964188893,0,0.0,0.07550191879272461,0.3216509624466377,0.3198435306549072,0.3786780714988707,0.7532634425163268,5.001495122909546,exact,772,phase1c1_v2
data/raw/WiFI_and_MQTT/profiling/PCAP/Interactions/Ecobee_Camera/Ecobee_Camera_LAN_MIC.pcap,profiling,BENIGN,,,interaction,,Ecobee_Camera,Ecobee_Camera_LAN_MIC,50,30.0,1.0,38731,1,0,2,773,38650,2,81,0.9979086519841988,0,0.0,0.08787202835083008,0.36038574549389996,0.31971001625061035,0.3785866260528564,0.758673391342163,32.425950050354004,exact,773,phase1c1_v2
data/raw/WiFI_and_MQTT/profiling/PCAP/Interactions/Ecobee_Camera/Ecobee_Camera_LAN_MIC.pcap,profiling,BENIGN,,,interaction,,Ecobee_Camera,Ecobee_Camera_LAN_MIC,100,5.0,1.0,38731,2,0,3,385,38500,3,231,0.9940357852882704,0,0.0,0.21929383277893066,0.6497628967483322,0.6392910480499268,0.7407495021820066,1.4785823249816854,5.6401519775390625,exact,385,phase1c1_v2
data/raw/WiFI_and_MQTT/profiling/PCAP/Interactions/Ecobee_Camera/Ecobee_Camera_LAN_MIC.pcap,profiling,BENIGN,,,interaction,,Ecobee_Camera,Ecobee_Camera_LAN_MIC,100,30.0,1.0,38731,1,0,2,386,38600,2,131,0.9966176964188893,0,0.0,0.37558698654174805,0.7272111152737869,0.6382889747619629,0.7405773401260376,1.4662518143653835,33.18390107154846,exact,386,phase1c1_v2
data/raw/WiFI_and_MQTT/profiling/PCAP/Interactions/Ecobee_Camera/Ecobee_Camera_LAN_WATCH.pcap,profiling,BENIGN,,,interaction,,Ecobee_Camera,Ecobee_Camera_LAN_WATCH,25,5.0,1.0,36647,2,0,3,1464,36600,3,47,0.9987174939285617,0,0.0,0.000946044921875,0.21507118275908174,0.1916348934173584,0.38648571968078593,0.4490554547309875,11.190614938735962,exact,1464,phase1c1_v2
data/raw/WiFI_and_MQTT/profiling/PCAP/Interactions/Ecobee_Camera/Ecobee_Camera_LAN_WATCH.pcap,profiling,BENIGN,,,interaction,,Ecobee_Camera,Ecobee_Camera_LAN_WATCH,25,30.0,1.0,36647,2,0,3,1464,36600,3,47,0.9987174939285617,0,0.0,0.000946044921875,0.21507118275908174,0.1916348934173584,0.38648571968078593,0.4490554547309875,11.190614938735962,exact,1464,phase1c1_v2
data/raw/WiFI_and_MQTT/profiling/PCAP/Interactions/Ecobee_Camera/Ecobee_Camera_LAN_WATCH.pcap,profiling,BENIGN,,,interaction,,Ecobee_Camera,Ecobee_Camera_LAN_WATCH,50,5.0,1.0,36647,2,0,3,732,36600,3,47,0.9987174939285617,0,0.0,0.0020630359649658203,0.43839445693896767,0.3844245672225952,0.8114930033683774,0.8975856995582581,11.329878091812134,exact,732,phase1c1_v2
data/raw/WiFI_and_MQTT/profiling/PCAP/Interactions/Ecobee_Camera/Ecobee_Camera_LAN_WATCH.pcap,profiling,BENIGN,,,interaction,,Ecobee_Camera,Ecobee_Camera_LAN_WATCH,50,30.0,1.0,36647,2,0,3,732,36600,3,47,0.9987174939285617,0,0.0,0.0020630359649658203,0.43839445693896767,0.3844245672225952,0.8114930033683774,0.8975856995582581,11.329878091812134,exact,732,phase1c1_v2
data/raw/WiFI_and_MQTT/profiling/PCAP/Interactions/Ecobee_Camera/Ecobee_Camera_LAN_WATCH.pcap,profiling,BENIGN,,,interaction,,Ecobee_Camera,Ecobee_Camera_LAN_WATCH,100,5.0,1.0,36647,2,0,3,366,36600,3,47,0.9987174939285617,0,0.0,0.027482986450195312,0.8859797846424123,0.7696570158004761,1.6810919046401978,1.7908292174339295,11.91497802734375,exact,366,phase1c1_v2
data/raw/WiFI_and_MQTT/profiling/PCAP/Interactions/Ecobee_Camera/Ecobee_Camera_LAN_WATCH.pcap,profiling,BENIGN,,,interaction,,Ecobee_Camera,Ecobee_Camera_LAN_WATCH,100,30.0,1.0,36647,2,0,3,366,36600,3,47,0.9987174939285617,0,0.0,0.027482986450195312,0.8859797846424123,0.7696570158004761,1.6810919046401978,1.7908292174339295,11.91497802734375,exact,366,phase1c1_v2
data/raw/WiFI_and_MQTT/profiling/PCAP/Interactions/Ecobee_Camera/Ecobee_Camera_WAN_MIC.pcap,profiling,BENIGN,,,interaction,,Ecobee_Camera,Ecobee_Camera_WAN_MIC,25,5.0,1.0,35853,2,0,3,1433,35825,3,28,0.9992190332747608,0,0.0,0.0008730888366699219,0.17688579203278887,0.16616487503051758,0.29418964385986324,0.383833684921265,3.2236440181732178,exact,1433,phase1c1_v2
data/raw/WiFI_and_MQTT/profiling/PCAP/Interactions/Ecobee_Camera/Ecobee_Camera_WAN_MIC.pcap,profiling,BENIGN,,,interaction,,Ecobee_Camera,Ecobee_Camera_WAN_MIC,25,30.0,1.0,35853,2,0,3,1433,35825,3,28,0.9992190332747608,0,0.0,0.0008730888366699219,0.17688579203278887,0.16616487503051758,0.29418964385986324,0.383833684921265,3.2236440181732178,exact,1433,phase1c1_v2
data/raw/WiFI_and_MQTT/profiling/PCAP/Interactions/Ecobee_Camera/Ecobee_Camera_WAN_MIC.pcap,profiling,BENIGN,,,interaction,,Ecobee_Camera,Ecobee_Camera_WAN_MIC,50,5.0,1.0,35853,2,0,3,716,35800,3,53,0.9985217415557973,0,0.0,0.004887104034423828,0.3605859552681779,0.3359454870223999,0.5801345109939575,0.7656773209571843,3.4215641021728516,exact,716,phase1c1_v2
data/raw/WiFI_and_MQTT/profiling/PCAP/Interactions/Ecobee_Camera/Ecobee_Camera_WAN_MIC.pcap,profiling,BENIGN,,,interaction,,Ecobee_Camera,Ecobee_Camera_WAN_MIC,50,30.0,1.0,35853,2,0,3,716,35800,3,53,0.9985217415557973,0,0.0,0.004887104034423828,0.3605859552681779,0.3359454870223999,0.5801345109939575,0.7656773209571843,3.4215641021728516,exact,716,phase1c1_v2
data/raw/WiFI_and_MQTT/profiling/PCAP/Interactions/Ecobee_Camera/Ecobee_Camera_WAN_MIC.pcap,profiling,BENIGN,,,interaction,,Ecobee_Camera,Ecobee_Camera_WAN_MIC,100,5.0,1.0,35853,2,0,3,358,35800,3,53,0.9985217415557973,0,0.0,0.02285313606262207,0.7286219170639635,0.6752724647521973,1.1459687948226924,1.4706478381156924,4.185555934906006,exact,358,phase1c1_v2
data/raw/WiFI_and_MQTT/profiling/PCAP/Interactions/Ecobee_Camera/Ecobee_Camera_WAN_MIC.pcap,profiling,BENIGN,,,interaction,,Ecobee_Camera,Ecobee_Camera_WAN_MIC,100,30.0,1.0,35853,2,0,3,358,35800,3,53,0.9985217415557973,0,0.0,0.02285313606262207,0.7286219170639635,0.6752724647521973,1.1459687948226924,1.4706478381156924,4.185555934906006,exact,358,phase1c1_v2
data/raw/WiFI_and_MQTT/profiling/PCAP/Interactions/Ecobee_Camera/Ecobee_Camera_WAN_WATCH.pcap,profiling,BENIGN,,,interaction,,Ecobee_Camera,Ecobee_Camera_WAN_WATCH,25,5.0,1.0,33376,2,0,3,1334,33350,2,26,0.9992209971236817,0,0.0,0.0009508132934570312,0.21335406264086357,0.19086098670959473,0.3967606544494628,0.4673988556861881,8.094649076461792,exact,1334,phase1c1_v2
data/raw/WiFI_and_MQTT/profiling/PCAP/Interactions/Ecobee_Camera/Ecobee_Camera_WAN_WATCH.pcap,profiling,BENIGN,,,interaction,,Ecobee_Camera,Ecobee_Camera_WAN_WATCH,25,30.0,1.0,33376,1,0,2,1335,33375,1,1,0.9999700383509108,0,0.0,0.0007488727569580078,0.23389132049646272,0.19012808799743652,0.39249215126037573,0.45694748878479025,29.16411781311035,exact,1335,phase1c1_v2
data/raw/WiFI_and_MQTT/profiling/PCAP/Interactions/Ecobee_Camera/Ecobee_Camera_WAN_WATCH.pcap,profiling,BENIGN,,,interaction,,Ecobee_Camera,Ecobee_Camera_WAN_WATCH,50,5.0,1.0,33376,2,0,3,666,33300,3,76,0.9977229146692234,0,0.0,0.06303000450134277,0.43481303013122835,0.3844510316848755,0.8321671485900879,0.9140578627586367,8.3089599609375,exact,666,phase1c1_v2
data/raw/WiFI_and_MQTT/profiling/PCAP/Interactions/Ecobee_Camera/Ecobee_Camera_WAN_WATCH.pcap,profiling,BENIGN,,,interaction,,Ecobee_Camera,Ecobee_Camera_WAN_WATCH,50,30.0,1.0,33376,1,0,2,667,33350,2,26,0.9992209971236817,0,0.0,0.06303000450134277,0.4760778393523804,0.38380908966064453,0.8364641427993773,0.9125123929977419,29.55907392501831,exact,667,phase1c1_v2
data/raw/WiFI_and_MQTT/profiling/PCAP/Interactions/Ecobee_Camera/Ecobee_Camera_WAN_WATCH.pcap,profiling,BENIGN,,,interaction,,Ecobee_Camera,Ecobee_Camera_WAN_WATCH,100,5.0,1.0,33376,2,0,3,332,33200,3,176,0.9947267497603068,0,0.0,0.3236861228942871,0.8765761644007212,0.7697446346282959,1.6756792187690732,1.8174197459220887,9.15126895904541,exact,332,phase1c1_v2
data/raw/WiFI_and_MQTT/profiling/PCAP/Interactions/Ecobee_Camera/Ecobee_Camera_WAN_WATCH.pcap,profiling,BENIGN,,,interaction,,Ecobee_Camera,Ecobee_Camera_WAN_WATCH,100,30.0,1.0,33376,1,0,2,333,33300,2,76,0.9977229146692234,0,0.0,0.3236861228942871,0.960376963601098,0.7716450691223145,1.7247113227844237,1.7912137699127197,30.248206853866577,exact,333,phase1c1_v2
data/raw/WiFI_and_MQTT/profiling/PCAP/Interactions/M1T_Camera/M1T_Camera_LAN_MIC.pcap,profiling,BENIGN,,,interaction,,M1T_Camera,M1T_Camera_LAN_MIC,25,5.0,1.0,16106,2,0,3,643,16075,3,31,0.9980752514590836,0,0.0,0.07892799377441406,0.4362319212864569,0.39836907386779785,0.8469992399215698,1.1602929496765144,1.3808019161224365,exact,643,phase1c1_v2
data/raw/WiFI_and_MQTT/profiling/PCAP/Interactions/M1T_Camera/M1T_Camera_LAN_MIC.pcap,profiling,BENIGN,,,interaction,,M1T_Camera,M1T_Camera_LAN_MIC,25,30.0,1.0,16106,2,0,3,643,16075,3,31,0.9980752514590836,0,0.0,0.07892799377441406,0.4362319212864569,0.39836907386779785,0.8469992399215698,1.1602929496765144,1.3808019161224365,exact,643,phase1c1_v2
data/raw/WiFI_and_MQTT/profiling/PCAP/Interactions/M1T_Camera/M1T_Camera_LAN_MIC.pcap,profiling,BENIGN,,,interaction,,M1T_Camera,M1T_Camera_LAN_MIC,50,5.0,1.0,16106,2,0,3,321,16050,3,56,0.9965230348938284,0,0.0,0.2181720733642578,0.8904966223648404,0.8033928871154785,1.668734073638916,2.2908244609832766,2.5808608531951904,exact,321,phase1c1_v2
data/raw/WiFI_and_MQTT/profiling/PCAP/Interactions/M1T_Camera/M1T_Camera_LAN_MIC.pcap,profiling,BENIGN,,,interaction,,M1T_Camera,M1T_Camera_LAN_MIC,50,30.0,1.0,16106,2,0,3,321,16050,3,56,0.9965230348938284,0,0.0,0.2181720733642578,0.8904966223648404,0.8033928871154785,1.668734073638916,2.2908244609832766,2.5808608531951904,exact,321,phase1c1_v2
data/raw/WiFI_and_MQTT/profiling/PCAP/Interactions/M1T_Camera/M1T_Camera_LAN_MIC.pcap,profiling,BENIGN,,,interaction,,M1T_Camera,M1T_Camera_LAN_MIC,100,5.0,1.0,16106,2,0,3,160,16000,3,106,0.993418601763318,0,0.0,0.5419712066650391,1.7898761317133904,1.6152150630950928,3.435058295726775,4.214499461650847,4.371557950973511,exact,160,phase1c1_v2
data/raw/WiFI_and_MQTT/profiling/PCAP/Interactions/M1T_Camera/M1T_Camera_LAN_MIC.pcap,profiling,BENIGN,,,interaction,,M1T_Camera,M1T_Camera_LAN_MIC,100,30.0,1.0,16106,2,0,3,160,16000,3,106,0.993418601763318,0,0.0,0.5419712066650391,1.7898761317133904,1.6152150630950928,3.435058295726775,4.214499461650847,4.371557950973511,exact,160,phase1c1_v2
data/raw/WiFI_and_MQTT/profiling/PCAP/Interactions/M1T_Camera/M1T_Camera_LAN_PHOTO.pcap,profiling,BENIGN,,,interaction,,M1T_Camera,M1T_Camera_LAN_PHOTO,25,5.0,1.0,1439,5,0,6,56,1400,6,39,0.9728978457261988,0,0.0,0.36091089248657227,1.0129046312400274,1.0164068937301636,1.258558750152588,1.7286394476890594,2.2901079654693604,exact,56,phase1c1_v2
data/raw/WiFI_and_MQTT/profiling/PCAP/Interactions/M1T_Camera/M1T_Camera_LAN_PHOTO.pcap,profiling,BENIGN,,,interaction,,M1T_Camera,M1T_Camera_LAN_PHOTO,25,30.0,1.0,1439,2,0,3,56,1400,3,39,0.9728978457261988,0,0.0,0.41904687881469727,1.4611147684710366,1.0450575351715088,3.4752396941184998,10.220452713966386,13.293623924255371,exact,56,phase1c1_v2
data/raw/WiFI_and_MQTT/profiling/PCAP/Interactions/M1T_Camera/M1T_Camera_LAN_PHOTO.pcap,profiling,BENIGN,,,interaction,,M1T_Camera,M1T_Camera_LAN_PHOTO,50,5.0,1.0,1439,5,0,6,28,1400,6,39,0.9728978457261988,0,0.0,1.3634209632873535,2.0643564462661743,2.0030804872512817,2.4252194285392763,3.080436308383942,3.3133649826049805,exact,28,phase1c1_v2
data/raw/WiFI_and_MQTT/profiling/PCAP/Interactions/M1T_Camera/M1T_Camera_LAN_PHOTO.pcap,profiling,BENIGN,,,interaction,,M1T_Camera,M1T_Camera_LAN_PHOTO,50,30.0,1.0,1439,2,0,3,28,1400,3,39,0.9728978457261988,0,0.0,1.337899923324585,2.9691420793533325,2.0541164875030518,8.58348388671875,12.765109908580783,14.297486066818237,exact,28,phase1c1_v2
data/raw/WiFI_and_MQTT/profiling/PCAP/Interactions/M1T_Camera/M1T_Camera_LAN_PHOTO.pcap,profiling,BENIGN,,,interaction,,M1T_Camera,M1T_Camera_LAN_PHOTO,100,5.0,1.0,1439,5,0,6,13,1300,6,139,0.9034051424600417,0,0.0,3.5847809314727783,4.1835714670328,4.198921203613281,4.760137367248534,5.088124237060546,5.17012095451355,exact,13,phase1c1_v2
data/raw/WiFI_and_MQTT/profiling/PCAP/Interactions/M1T_Camera/M1T_Camera_LAN_PHOTO.pcap,profiling,BENIGN,,,interaction,,M1T_Camera,M1T_Camera_LAN_PHOTO,100,30.0,1.0,1439,2,0,3,13,1300,3,139,0.9034051424600417,0,0.0,3.81191086769104,6.132262670076811,4.33898401260376,13.008771324157706,15.628148727416988,16.28299307823181,exact,13,phase1c1_v2
data/raw/WiFI_and_MQTT/profiling/PCAP/Interactions/M1T_Camera/M1T_Camera_LAN_PRECORDING.pcap,profiling,BENIGN,,,interaction,,M1T_Camera,M1T_Camera_LAN_PRECORDING,25,5.0,1.0,8484,4,0,5,338,8450,5,34,0.995992456388496,0,0.0,0.054698944091796875,0.7872351062368359,0.6516144275665283,1.2149614810943603,1.33422479391098,6.138878107070923,exact,338,phase1c1_v2
data/raw/WiFI_and_MQTT/profiling/PCAP/Interactions/M1T_Camera/M1T_Camera_LAN_PRECORDING.pcap,profiling,BENIGN,,,interaction,,M1T_Camera,M1T_Camera_LAN_PRECORDING,25,30.0,1.0,8484,1,0,2,339,8475,1,9,0.998939179632249,0,0.0,0.05444693565368652,0.8953841344445153,0.6369860172271729,1.2251723527908325,1.3478400468826295,18.821030139923096,exact,339,phase1c1_v2
data/raw/WiFI_and_MQTT/profiling/PCAP/Interactions/M1T_Camera/M1T_Camera_LAN_PRECORDING.pcap,profiling,BENIGN,,,interaction,,M1T_Camera,M1T_Camera_LAN_PRECORDING,50,5.0,1.0,8484,4,0,5,168,8400,5,84,0.9900990099009901,0,0.0,0.3451268672943115,1.60590607495535,1.6159169673919678,2.376259791851044,2.4852147412300125,7.183408975601196,exact,168,phase1c1_v2
data/raw/WiFI_and_MQTT/profiling/PCAP/Interactions/M1T_Camera/M1T_Camera_LAN_PRECORDING.pcap,profiling,BENIGN,,,interaction,,M1T_Camera,M1T_Camera_LAN_PRECORDING,50,30.0,1.0,8484,1,0,2,169,8450,2,34,0.995992456388496,0,0.0,0.4215550422668457,1.8257839538641936,1.550611972808838,2.398152923583984,13.283036279678306,19.45633316040039,exact,169,phase1c1_v2
data/raw/WiFI_and_MQTT/profiling/PCAP/Interactions/M1T_Camera/M1T_Camera_LAN_PRECORDING.pcap,profiling,BENIGN,,,interaction,,M1T_Camera,M1T_Camera_LAN_PRECORDING,100,5.0,1.0,8484,4,0,5,83,8300,5,184,0.9783121169259783,0,0.0,1.9063708782196045,3.2320637846567544,3.527024030685425,4.46468448638916,5.575552229881255,9.018186092376709,exact,83,phase1c1_v2
data/raw/WiFI_and_MQTT/profiling/PCAP/Interactions/M1T_Camera/M1T_Camera_LAN_PRECORDING.pcap,profiling,BENIGN,,,interaction,,M1T_Camera,M1T_Camera_LAN_PRECORDING,100,30.0,1.0,8484,1,0,2,84,8400,2,84,0.9900990099009901,0,0.0,1.8957149982452393,3.6813102137474787,3.500508427619934,4.673238456249235,19.321168537139897,21.686861991882324,exact,84,phase1c1_v2
data/raw/WiFI_and_MQTT/profiling/PCAP/Interactions/M1T_Camera/M1T_Camera_LAN_WATCH.pcap,profiling,BENIGN,,,interaction,,M1T_Camera,M1T_Camera_LAN_WATCH,25,5.0,1.0,11865,2,0,3,473,11825,3,40,0.9966287399915719,0,0.0,0.04992198944091797,0.4073527988369319,0.47597599029541016,0.6464038372039795,0.9729618072509754,5.46755313873291,exact,473,phase1c1_v2
data/raw/WiFI_and_MQTT/profiling/PCAP/Interactions/M1T_Camera/M1T_Camera_LAN_WATCH.pcap,profiling,BENIGN,,,interaction,,M1T_Camera,M1T_Camera_LAN_WATCH,25,30.0,1.0,11865,1,0,2,474,11850,1,15,0.9987357774968394,0,0.0,0.041647911071777344,0.46457396730591977,0.47780096530914307,0.6438691854476928,1.015525181293487,27.260942935943604,exact,474,phase1c1_v2
data/raw/WiFI_and_MQTT/profiling/PCAP/Interactions/M1T_Camera/M1T_Camera_LAN_WATCH.pcap,profiling,BENIGN,,,interaction,,M1T_Camera,M1T_Camera_LAN_WATCH,50,5.0,1.0,11865,2,0,3,235,11750,3,115,0.9903076274757691,0,0.0,0.13010406494140625,0.8212403135096773,0.9653410911560059,1.2598769187927246,1.6461483144760125,5.736053943634033,exact,235,phase1c1_v2
data/raw/WiFI_and_MQTT/profiling/PCAP/Interactions/M1T_Camera/M1T_Camera_LAN_WATCH.pcap,profiling,BENIGN,,,interaction,,M1T_Camera,M1T_Camera_LAN_WATCH,50,30.0,1.0,11865,1,0,2,236,11800,2,65,0.9945217024863042,0,0.0,0.13767790794372559,0.9381503644636122,0.9624980688095093,1.2705769538879395,1.8127948045730597,28.30818009376526,exact,236,phase1c1_v2
data/raw/WiFI_and_MQTT/profiling/PCAP/Interactions/M1T_Camera/M1T_Camera_LAN_WATCH.pcap,profiling,BENIGN,,,interaction,,M1T_Camera,M1T_Camera_LAN_WATCH,100,5.0,1.0,11865,2,0,3,117,11700,3,165,0.9860935524652339,0,0.0,0.3333261013031006,1.6546007710644322,2.0458600521087646,2.4635686397552483,3.0229064846038827,6.113371133804321,exact,117,phase1c1_v2
data/raw/WiFI_and_MQTT/profiling/PCAP/Interactions/M1T_Camera/M1T_Camera_LAN_WATCH.pcap,profiling,BENIGN,,,interaction,,M1T_Camera,M1T_Camera_LAN_WATCH,100,30.0,1.0,11865,1,0,2,118,11800,2,65,0.9945217024863042,0,0.0,0.3357279300689697,1.8927733393038733,2.048367500305176,2.5081331491470333,5.5987809395790045,29.80904507637024,exact,118,phase1c1_v2
data/raw/WiFI_and_MQTT/profiling/PCAP/Interactions/M1T_Camera/M1T_Camera_WAN_MIC.pcap,profiling,BENIGN,,,interaction,,M1T_Camera,M1T_Camera_WAN_MIC,25,5.0,1.0,17354,2,0,3,693,17325,3,29,0.9983289155237985,0,0.0,0.06380701065063477,0.3710298328344612,0.3592081069946289,0.8051250934600828,1.0924346065521244,1.2782549858093262,exact,693,phase1c1_v2
data/raw/WiFI_and_MQTT/profiling/PCAP/Interactions/M1T_Camera/M1T_Camera_WAN_MIC.pcap,profiling,BENIGN,,,interaction,,M1T_Camera,M1T_Camera_WAN_MIC,25,30.0,1.0,17354,1,0,2,693,17325,2,29,0.9983289155237985,0,0.0,0.06380701065063477,0.3998564889420679,0.3592870235443115,0.8077579498291014,1.092232999801636,20.502707958221436,exact,693,phase1c1_v2
data/raw/WiFI_and_MQTT/profiling/PCAP/Interactions/M1T_Camera/M1T_Camera_WAN_MIC.pcap,profiling,BENIGN,,,interaction,,M1T_Camera,M1T_Camera_WAN_MIC,50,5.0,1.0,17354,2,0,3,345,17250,3,104,0.9940071453267258,0,0.0,0.16228508949279785,0.7522311369578044,0.7197780609130859,1.5974560737609869,2.1333161926269533,2.295412063598633,exact,345,phase1c1_v2
data/raw/WiFI_and_MQTT/profiling/PCAP/Interactions/M1T_Camera/M1T_Camera_WAN_MIC.pcap,profiling,BENIGN,,,interaction,,M1T_Camera,M1T_Camera_WAN_MIC,50,30.0,1.0,17354,1,0,2,346,17300,2,54,0.9968883254581077,0,0.0,0.22225213050842285,0.8133568653481544,0.7238709926605225,1.585417926311493,2.1577699422836307,21.731645822525024,exact,346,phase1c1_v2
data/raw/WiFI_and_MQTT/profiling/PCAP/Interactions/M1T_Camera/M1T_Camera_WAN_MIC.pcap,profiling,BENIGN,,,interaction,,M1T_Camera,M1T_Camera_WAN_MIC,100,5.0,1.0,17354,2,0,3,171,17100,3,254,0.9853636049325804,0,0.0,0.5233700275421143,1.5018258652491876,1.456315040588379,3.0113829374313354,3.9520509958267223,4.105295896530151,exact,171,phase1c1_v2
data/raw/WiFI_and_MQTT/profiling/PCAP/Interactions/M1T_Camera/M1T_Camera_WAN_MIC.pcap,profiling,BENIGN,,,interaction,,M1T_Camera,M1T_Camera_WAN_MIC,100,30.0,1.0,17354,1,0,2,172,17200,2,154,0.991125965195344,0,0.0,0.5292420387268066,1.6301957091619803,1.457854986190796,3.119544661045074,4.055735089778899,23.455598831176758,exact,172,phase1c1_v2
data/raw/WiFI_and_MQTT/profiling/PCAP/Interactions/M1T_Camera/M1T_Camera_WAN_PHOTO.pcap,profiling,BENIGN,,,interaction,,M1T_Camera,M1T_Camera_WAN_PHOTO,25,5.0,1.0,5769,2,0,3,229,5725,3,44,0.9923730282544635,0,0.0,0.0724802017211914,0.40071307103186193,0.2103290557861328,1.09377064704895,1.2759783363342285,1.5507559776306152,exact,229,phase1c1_v2
data/raw/WiFI_and_MQTT/profiling/PCAP/Interactions/M1T_Camera/M1T_Camera_WAN_PHOTO.pcap,profiling,BENIGN,,,interaction,,M1T_Camera,M1T_Camera_WAN_PHOTO,25,30.0,1.0,5769,1,0,2,230,5750,2,19,0.9967065349280638,0,0.0,0.07851481437683105,0.5008117240408193,0.2054579257965088,1.1093932509422302,1.2756213474273683,23.61506986618042,exact,230,phase1c1_v2
data/raw/WiFI_and_MQTT/profiling/PCAP/Interactions/M1T_Camera/M1T_Camera_WAN_PHOTO.pcap,profiling,BENIGN,,,interaction,,M1T_Camera,M1T_Camera_WAN_PHOTO,50,5.0,1.0,5769,2,0,3,113,5650,3,119,0.9793725082336627,0,0.0,0.24364805221557617,0.8045737785575664,0.4303278923034668,2.160220146179199,2.3376261997222896,2.7066099643707275,exact,113,phase1c1_v2
data/raw/WiFI_and_MQTT/profiling/PCAP/Interactions/M1T_Camera/M1T_Camera_WAN_PHOTO.pcap,profiling,BENIGN,,,interaction,,M1T_Camera,M1T_Camera_WAN_PHOTO,50,30.0,1.0,5769,1,0,2,114,5700,2,69,0.9880395215808633,0,0.0,0.24929499626159668,1.0131028995179294,0.42514514923095703,2.1716262459754945,2.545078961849214,24.703012943267822,exact,114,phase1c1_v2
data/raw/WiFI_and_MQTT/profiling/PCAP/Interactions/M1T_Camera/M1T_Camera_WAN_PHOTO.pcap,profiling,BENIGN,,,interaction,,M1T_Camera,M1T_Camera_WAN_PHOTO,100,5.0,1.0,5769,2,0,3,55,5500,3,269,0.953371468192061,0,0.0,0.5466690063476562,1.5748297561298716,0.8698339462280273,4.077568244934081,4.720916576385498,5.062391996383667,exact,55,phase1c1_v2
data/raw/WiFI_and_MQTT/profiling/PCAP/Interactions/M1T_Camera/M1T_Camera_WAN_PHOTO.pcap,profiling,BENIGN,,,interaction,,M1T_Camera,M1T_Camera_WAN_PHOTO,100,30.0,1.0,5769,1,0,2,56,5600,2,169,0.9707054948864621,0,0.0,0.5466690063476562,2.0131206469876424,0.8687574863433838,4.323558568954468,14.332622623443665,25.963761806488037,exact,56,phase1c1_v2
data/raw/WiFI_and_MQTT/profiling/PCAP/Interactions/M1T_Camera/M1T_Camera_WAN_RECORDING.pcap,profiling,BENIGN,,,interaction,,M1T_Camera,M1T_Camera_WAN_RECORDING,25,5.0,1.0,16442,2,0,3,657,16425,3,17,0.9989660625228074,0,0.0,0.03535795211791992,0.38999815763766726,0.3729970455169678,0.9285929203033447,1.1306952571868885,1.361670970916748,exact,657,phase1c1_v2
data/raw/WiFI_and_MQTT/profiling/PCAP/Interactions/M1T_Camera/M1T_Camera_WAN_RECORDING.pcap,profiling,BENIGN,,,interaction,,M1T_Camera,M1T_Camera_WAN_RECORDING,25,30.0,1.0,16442,2,0,3,657,16425,3,17,0.9989660625228074,0,0.0,0.03535795211791992,0.38999815763766726,0.3729970455169678,0.9285929203033447,1.1306952571868885,1.361670970916748,exact,657,phase1c1_v2
data/raw/WiFI_and_MQTT/profiling/PCAP/Interactions/M1T_Camera/M1T_Camera_WAN_RECORDING.pcap,profiling,BENIGN,,,interaction,,M1T_Camera,M1T_Camera_WAN_RECORDING,50,5.0,1.0,16442,2,0,3,328,16400,3,42,0.9974455662328184,0,0.0,0.11826300621032715,0.7969693526989077,0.7399519681930542,1.8621626377105698,2.118197996616364,2.3181328773498535,exact,328,phase1c1_v2
data/raw/WiFI_and_MQTT/profiling/PCAP/Interactions/M1T_Camera/M1T_Camera_WAN_RECORDING.pcap,profiling,BENIGN,,,interaction,,M1T_Camera,M1T_Camera_WAN_RECORDING,50,30.0,1.0,16442,2,0,3,328,16400,3,42,0.9974455662328184,0,0.0,0.11826300621032715,0.7969693526989077,0.7399519681930542,1.8621626377105698,2.118197996616364,2.3181328773498535,exact,328,phase1c1_v2
data/raw/WiFI_and_MQTT/profiling/PCAP/Interactions/M1T_Camera/M1T_Camera_WAN_RECORDING.pcap,profiling,BENIGN,,,interaction,,M1T_Camera,M1T_Camera_WAN_RECORDING,100,5.0,1.0,16442,2,0,3,163,16300,3,142,0.9913635810728622,0,0.0,0.30101895332336426,1.5934794139276984,1.5395019054412842,3.5946971893310544,4.163964967727661,4.286581039428711,exact,163,phase1c1_v2
data/raw/WiFI_and_MQTT/profiling/PCAP/Interactions/M1T_Camera/M1T_Camera_WAN_RECORDING.pcap,profiling,BENIGN,,,interaction,,M1T_Camera,M1T_Camera_WAN_RECORDING,100,30.0,1.0,16442,2,0,3,163,16300,3,142,0.9913635810728622,0,0.0,0.30101895332336426,1.5934794139276984,1.5395019054412842,3.5946971893310544,4.163964967727661,4.286581039428711,exact,163,phase1c1_v2
data/raw/WiFI_and_MQTT/profiling/PCAP/Interactions/M1T_Camera/M1T_Camera_WAN_WATCH.pcap,profiling,BENIGN,,,interaction,,M1T_Camera,M1T_Camera_WAN_WATCH,25,5.0,1.0,15752,2,0,3,629,15725,3,27,0.9982859319451498,0,0.0,0.016546964645385742,0.46718933661905115,0.47864413261413574,1.0124351501464846,1.1798370361328132,4.235098123550415,exact,629,phase1c1_v2
data/raw/WiFI_and_MQTT/profiling/PCAP/Interactions/M1T_Camera/M1T_Camera_WAN_WATCH.pcap,profiling,BENIGN,,,interaction,,M1T_Camera,M1T_Camera_WAN_WATCH,25,30.0,1.0,15752,1,0,2,629,15725,2,27,0.9982859319451498,0,0.0,0.016546964645385742,0.5060679961842839,0.4823908805847168,1.0240515232086183,1.2032570552825939,25.4103422164917,exact,629,phase1c1_v2
data/raw/WiFI_and_MQTT/profiling/PCAP/Interactions/M1T_Camera/M1T_Camera_WAN_WATCH.pcap,profiling,BENIGN,,,interaction,,M1T_Camera,M1T_Camera_WAN_WATCH,50,5.0,1.0,15752,2,0,3,313,15650,3,102,0.9935246317927883,0,0.0,0.15983796119689941,0.9508760523872254,0.9631462097167969,2.0288227558135983,2.2515908908843993,4.480386018753052,exact,313,phase1c1_v2
data/raw/WiFI_and_MQTT/profiling/PCAP/Interactions/M1T_Camera/M1T_Camera_WAN_WATCH.pcap,profiling,BENIGN,,,interaction,,M1T_Camera,M1T_Camera_WAN_WATCH,50,30.0,1.0,15752,1,0,2,314,15700,2,52,0.9966988318943626,0,0.0,0.16451311111450195,1.0315159377019116,0.9693465232849121,2.0475977897644038,2.255048496723175,25.965933084487915,exact,314,phase1c1_v2
data/raw/WiFI_and_MQTT/profiling/PCAP/Interactions/M1T_Camera/M1T_Camera_WAN_WATCH.pcap,profiling,BENIGN,,,interaction,,M1T_Camera,M1T_Camera_WAN_WATCH,100,5.0,1.0,15752,2,0,3,155,15500,3,252,0.984002031488065,0,0.0,0.5182361602783203,1.8979421923237463,1.9368259906768799,3.8740039348602293,4.403403444290163,4.885244131088257,exact,155,phase1c1_v2
data/raw/WiFI_and_MQTT/profiling/PCAP/Interactions/M1T_Camera/M1T_Camera_WAN_WATCH.pcap,profiling,BENIGN,,,interaction,,M1T_Camera,M1T_Camera_WAN_WATCH,100,30.0,1.0,15752,1,0,2,156,15600,2,152,0.9903504316912138,0,0.0,0.5318529605865479,2.0685269175431666,1.9352909326553345,3.8882946372032166,4.64962174892425,27.912320137023926,exact,156,phase1c1_v2
data/raw/WiFI_and_MQTT/profiling/PCAP/Interactions/Owltron_Camera/Owltron_Camera_LAN_MIC.pcap,profiling,BENIGN,,,interaction,,Owltron_Camera,Owltron_Camera_LAN_MIC,25,5.0,1.0,38911,2,0,3,1555,38875,3,36,0.9990748117498908,0,0.0,0.010530948638916016,0.15959516813517383,0.1341240406036377,0.4058477401733397,0.7304347705841066,3.7108678817749023,exact,1555,phase1c1_v2
data/raw/WiFI_and_MQTT/profiling/PCAP/Interactions/Owltron_Camera/Owltron_Camera_LAN_MIC.pcap,profiling,BENIGN,,,interaction,,Owltron_Camera,Owltron_Camera_LAN_MIC,25,30.0,1.0,38911,1,0,2,1555,38875,2,36,0.9990748117498908,0,0.0,0.010530948638916016,0.17207396406069445,0.13192081451416016,0.39992859363555877,0.7430950736999515,22.043273210525513,exact,1555,phase1c1_v2
data/raw/WiFI_and_MQTT/profiling/PCAP/Interactions/Owltron_Camera/Owltron_Camera_LAN_MIC.pcap,profiling,BENIGN,,,interaction,,Owltron_Camera,Owltron_Camera_LAN_MIC,50,5.0,1.0,38911,2,0,3,777,38850,3,61,0.9984323199095372,0,0.0,0.02746295928955078,0.3256692496659366,0.2988731861114502,0.7795852184295637,1.498798589706422,4.008207082748413,exact,777,phase1c1_v2
data/raw/WiFI_and_MQTT/profiling/PCAP/Interactions/Owltron_Camera/Owltron_Camera_LAN_MIC.pcap,profiling,BENIGN,,,interaction,,Owltron_Camera,Owltron_Camera_LAN_MIC,50,30.0,1.0,38911,1,0,2,777,38850,2,61,0.9984323199095372,0,0.0,0.02746295928955078,0.35053841855995443,0.2988731861114502,0.7795852184295637,1.4560215568542483,22.199090003967285,exact,777,phase1c1_v2
data/raw/WiFI_and_MQTT/profiling/PCAP/Interactions/Owltron_Camera/Owltron_Camera_LAN_MIC.pcap,profiling,BENIGN,,,interaction,,Owltron_Camera,Owltron_Camera_LAN_MIC,100,5.0,1.0,38911,2,0,3,388,38800,3,111,0.9971473362288299,0,0.0,0.09765005111694336,0.657847455481893,0.5406464338302612,1.4720128417015066,3.3157398748397826,6.15067195892334,exact,388,phase1c1_v2
data/raw/WiFI_and_MQTT/profiling/PCAP/Interactions/Owltron_Camera/Owltron_Camera_LAN_MIC.pcap,profiling,BENIGN,,,interaction,,Owltron_Camera,Owltron_Camera_LAN_MIC,100,30.0,1.0,38911,1,0,2,388,38800,2,111,0.9971473362288299,0,0.0,0.09765005111694336,0.7078414461047379,0.5386805534362793,1.481563377380371,3.3291978359222405,23.570638179779053,exact,388,phase1c1_v2
data/raw/WiFI_and_MQTT/profiling/PCAP/Interactions/Owltron_Camera/Owltron_Camera_LAN_PHOTO.pcap,profiling,BENIGN,,,interaction,,Owltron_Camera,Owltron_Camera_LAN_PHOTO,25,5.0,1.0,8810,2,0,3,351,8775,3,35,0.9960272417707151,0,0.0,0.007472991943359375,0.2641194084091404,0.17444896697998047,1.1684885025024414,1.4143500328063965,2.402675151824951,exact,351,phase1c1_v2
data/raw/WiFI_and_MQTT/profiling/PCAP/Interactions/Owltron_Camera/Owltron_Camera_LAN_PHOTO.pcap,profiling,BENIGN,,,interaction,,Owltron_Camera,Owltron_Camera_LAN_PHOTO,25,30.0,1.0,8810,1,0,2,351,8775,2,35,0.9960272417707151,0,0.0,0.007472991943359375,0.3100894163137148,0.16672611236572266,1.219425916671753,1.7245275974273682,16.91163992881775,exact,351,phase1c1_v2
data/raw/WiFI_and_MQTT/profiling/PCAP/Interactions/Owltron_Camera/Owltron_Camera_LAN_PHOTO.pcap,profiling,BENIGN,,,interaction,,Owltron_Camera,Owltron_Camera_LAN_PHOTO,50,5.0,1.0,8810,2,0,3,174,8700,3,110,0.9875141884222475,0,0.0,0.034219980239868164,0.5413797038725052,0.37248337268829346,2.336364066600799,2.890567662715915,3.866901159286499,exact,174,phase1c1_v2
data/raw/WiFI_and_MQTT/profiling/PCAP/Interactions/Owltron_Camera/Owltron_Camera_LAN_PHOTO.pcap,profiling,BENIGN,,,interaction,,Owltron_Camera,Owltron_Camera_LAN_PHOTO,50,30.0,1.0,8810,1,0,2,175,8750,2,60,0.9931895573212258,0,0.0,0.03603506088256836,0.6333491883959089,0.35008692741394043,2.4021333932876585,3.3068120431899954,17.16160488128662,exact,175,phase1c1_v2
data/raw/WiFI_and_MQTT/profiling/PCAP/Interactions/Owltron_Camera/Owltron_Camera_LAN_PHOTO.pcap,profiling,BENIGN,,,interaction,,Owltron_Camera,Owltron_Camera_LAN_PHOTO,100,5.0,1.0,8810,2,0,3,86,8600,3,210,0.9761634506242906,0,0.0,0.09372901916503906,1.0943673655044202,0.6671169996261597,4.737326741218567,5.115285050868991,5.494712829589844,exact,86,phase1c1_v2
data/raw/WiFI_and_MQTT/profiling/PCAP/Interactions/Owltron_Camera/Owltron_Camera_LAN_PHOTO.pcap,profiling,BENIGN,,,interaction,,Owltron_Camera,Owltron_Camera_LAN_PHOTO,100,30.0,1.0,8810,1,0,2,87,8700,2,110,0.9875141884222475,0,0.0,0.09372901916503906,1.2820983947008506,0.661780834197998,4.8412284612655645,7.200503373146065,17.67893099784851,exact,87,phase1c1_v2
data/raw/WiFI_and_MQTT/profiling/PCAP/Interactions/Owltron_Camera/Owltron_Camera_LAN_RECORDING.pcap,profiling,BENIGN,,,interaction,,Owltron_Camera,Owltron_Camera_LAN_RECORDING,25,5.0,1.0,36662,2,0,3,1465,36625,2,37,0.9989907806448093,0,0.0,0.010840177536010742,0.16727354192896507,0.12949299812316895,0.3581426620483399,1.2785770416259759,2.593994140625,exact,1465,phase1c1_v2
data/raw/WiFI_and_MQTT/profiling/PCAP/Interactions/Owltron_Camera/Owltron_Camera_LAN_RECORDING.pcap,profiling,BENIGN,,,interaction,,Owltron_Camera,Owltron_Camera_LAN_RECORDING,25,30.0,1.0,36662,1,0,2,1465,36625,2,37,0.9989907806448093,0,0.0,0.010840177536010742,0.16727354192896507,0.12949299812316895,0.3581426620483399,1.2785770416259759,2.593994140625,exact,1465,phase1c1_v2
data/raw/WiFI_and_MQTT/profiling/PCAP/Interactions/Owltron_Camera/Owltron_Camera_LAN_RECORDING.pcap,profiling,BENIGN,,,interaction,,Owltron_Camera,Owltron_Camera_LAN_RECORDING,50,5.0,1.0,36662,2,0,3,731,36550,3,112,0.9969450657356391,0,0.0,0.03279399871826172,0.3411690862658249,0.2877511978149414,0.6965728998184204,2.6349610805511525,2.850477933883667,exact,731,phase1c1_v2
data/raw/WiFI_and_MQTT/profiling/PCAP/Interactions/Owltron_Camera/Owltron_Camera_LAN_RECORDING.pcap,profiling,BENIGN,,,interaction,,Owltron_Camera,Owltron_Camera_LAN_RECORDING,50,30.0,1.0,36662,1,0,2,732,36600,2,62,0.998308875675086,0,0.0,0.03352689743041992,0.36700949838252667,0.28778505325317383,0.689906537532806,2.655037596225735,20.668977975845337,exact,732,phase1c1_v2
data/raw/WiFI_and_MQTT/profiling/PCAP/Interactions/Owltron_Camera/Owltron_Camera_LAN_RECORDING.pcap,profiling,BENIGN,,,interaction,,Owltron_Camera,Owltron_Camera_LAN_RECORDING,100,5.0,1.0,36662,2,0,3,365,36500,3,162,0.9955812557961923,0,0.0,0.08393502235412598,0.6894093957665849,0.610145092010498,1.2989418506622314,5.190096302032474,5.730031967163086,exact,365,phase1c1_v2
data/raw/WiFI_and_MQTT/profiling/PCAP/Interactions/Owltron_Camera/Owltron_Camera_LAN_RECORDING.pcap,profiling,BENIGN,,,interaction,,Owltron_Camera,Owltron_Camera_LAN_RECORDING,100,30.0,1.0,36662,1,0,2,366,36600,2,62,0.998308875675086,0,0.0,0.08299398422241211,0.7412145769661241,0.584913969039917,1.2984456419944763,5.338649761676789,21.253671169281006,exact,366,phase1c1_v2
data/raw/WiFI_and_MQTT/profiling/PCAP/Interactions/Owltron_Camera/Owltron_Camera_LAN_WATCH.pcap,profiling,BENIGN,,,interaction,,Owltron_Camera,Owltron_Camera_LAN_WATCH,25,5.0,1.0,30605,2,0,3,1223,30575,2,30,0.9990197680117627,0,0.0,0.009624958038330078,0.19125516709010326,0.16767501831054688,0.4061244964599607,1.2512721347808835,3.0436670780181885,exact,1223,phase1c1_v2
data/raw/WiFI_and_MQTT/profiling/PCAP/Interactions/Owltron_Camera/Owltron_Camera_LAN_WATCH.pcap,profiling,BENIGN,,,interaction,,Owltron_Camera,Owltron_Camera_LAN_WATCH,25,30.0,1.0,30605,1,0,2,1223,30575,2,30,0.9990197680117627,0,0.0,0.009624958038330078,0.205849133840079,0.16767501831054688,0.4039900302886958,1.292287893295288,20.326953172683716,exact,1223,phase1c1_v2
data/raw/WiFI_and_MQTT/profiling/PCAP/Interactions/Owltron_Camera/Owltron_Camera_LAN_WATCH.pcap,profiling,BENIGN,,,interaction,,Owltron_Camera,Owltron_Camera_LAN_WATCH,50,5.0,1.0,30605,2,0,3,611,30550,2,55,0.9982029080215651,0,0.0,0.03273320198059082,0.3905155818708204,0.3560450077056885,0.7786450386047363,2.514761185646055,3.238908052444458,exact,611,phase1c1_v2
data/raw/WiFI_and_MQTT/profiling/PCAP/Interactions/Owltron_Camera/Owltron_Camera_LAN_WATCH.pcap,profiling,BENIGN,,,interaction,,Owltron_Camera,Owltron_Camera_LAN_WATCH,50,30.0,1.0,30605,1,0,2,611,30550,2,55,0.9982029080215651,0,0.0,0.03273320198059082,0.41954866212635694,0.3560450077056885,0.7742284536361694,2.514761185646055,20.575350046157837,exact,611,phase1c1_v2
data/raw/WiFI_and_MQTT/profiling/PCAP/Interactions/Owltron_Camera/Owltron_Camera_LAN_WATCH.pcap,profiling,BENIGN,,,interaction,,Owltron_Camera,Owltron_Camera_LAN_WATCH,100,5.0,1.0,30605,2,0,3,305,30500,2,105,0.9965691880411698,0,0.0,0.08519506454467773,0.7894004133881115,0.70489501953125,1.4648230552673343,4.677118139266964,5.516836166381836,exact,305,phase1c1_v2
data/raw/WiFI_and_MQTT/profiling/PCAP/Interactions/Owltron_Camera/Owltron_Camera_LAN_WATCH.pcap,profiling,BENIGN,,,interaction,,Owltron_Camera,Owltron_Camera_LAN_WATCH,100,30.0,1.0,30605,1,0,2,305,30500,2,105,0.9965691880411698,0,0.0,0.07513308525085449,0.8472191685535869,0.7033889293670654,1.4912872314453125,4.942603616714472,21.040372133255005,exact,305,phase1c1_v2
data/raw/WiFI_and_MQTT/profiling/PCAP/Interactions/Owltron_Camera/Owltron_Camera_WAN_MIC.pcap,profiling,BENIGN,,,interaction,,Owltron_Camera,Owltron_Camera_WAN_MIC,25,5.0,1.0,37326,2,0,3,1491,37275,3,51,0.9986336601832503,0,0.0,0.012162923812866211,0.1570018017395961,0.13392114639282227,0.3748140335083008,1.1021977186202871,2.145684003829956,exact,1491,phase1c1_v2
data/raw/WiFI_and_MQTT/profiling/PCAP/Interactions/Owltron_Camera/Owltron_Camera_WAN_MIC.pcap,profiling,BENIGN,,,interaction,,Owltron_Camera,Owltron_Camera_WAN_MIC,25,30.0,1.0,37326,1,0,2,1492,37300,2,26,0.9993034346032257,0,0.0,0.012162923812866211,0.16331508396138456,0.1338135004043579,0.37424619197845466,1.101335639953601,10.726945877075195,exact,1492,phase1c1_v2
data/raw/WiFI_and_MQTT/profiling/PCAP/Interactions/Owltron_Camera/Owltron_Camera_WAN_MIC.pcap,profiling,BENIGN,,,interaction,,Owltron_Camera,Owltron_Camera_WAN_MIC,50,5.0,1.0,37326,2,0,3,745,37250,3,76,0.9979638857632749,0,0.0,0.03430795669555664,0.32023181755270735,0.2993900775909424,0.7350434303283688,1.8928086566924986,2.8485498428344727,exact,745,phase1c1_v2
data/raw/WiFI_and_MQTT/profiling/PCAP/Interactions/Owltron_Camera/Owltron_Camera_WAN_MIC.pcap,profiling,BENIGN,,,interaction,,Owltron_Camera,Owltron_Camera_WAN_MIC,50,30.0,1.0,37326,1,0,2,746,37300,2,26,0.9993034346032257,0,0.0,0.03430795669555664,0.3330533542837598,0.2924696207046509,0.7345818281173706,2.162869846820813,10.916534900665283,exact,746,phase1c1_v2
data/raw/WiFI_and_MQTT/profiling/PCAP/Interactions/Owltron_Camera/Owltron_Camera_WAN_MIC.pcap,profiling,BENIGN,,,interaction,,Owltron_Camera,Owltron_Camera_WAN_MIC,100,5.0,1.0,37326,2,0,3,371,37100,3,226,0.9939452392434228,0,0.0,0.08069205284118652,0.6475202439608921,0.5563681125640869,1.3248709440231323,3.681850743293769,5.490557909011841,exact,371,phase1c1_v2
data/raw/WiFI_and_MQTT/profiling/PCAP/Interactions/Owltron_Camera/Owltron_Camera_WAN_MIC.pcap,profiling,BENIGN,,,interaction,,Owltron_Camera,Owltron_Camera_WAN_MIC,100,30.0,1.0,37326,1,0,2,372,37200,2,126,0.9966243369233242,0,0.0,0.08069205284118652,0.6731906872923656,0.5656019449234009,1.33663033246994,3.9690867710113666,10.957626104354858,exact,372,phase1c1_v2
data/raw/WiFI_and_MQTT/profiling/PCAP/Interactions/Owltron_Camera/Owltron_Camera_WAN_PHOTO.pcap,profiling,BENIGN,,,interaction,,Owltron_Camera,Owltron_Camera_WAN_PHOTO,25,5.0,1.0,5695,3,0,4,226,5650,4,45,0.9920983318700615,0,0.0,0.002285003662109375,0.3182840494982964,0.16865754127502441,1.3747159242630005,3.8005008697509766,4.328342914581299,exact,226,phase1c1_v2
data/raw/WiFI_and_MQTT/profiling/PCAP/Interactions/Owltron_Camera/Owltron_Camera_WAN_PHOTO.pcap,profiling,BENIGN,,,interaction,,Owltron_Camera,Owltron_Camera_WAN_PHOTO,25,30.0,1.0,5695,0,0,1,227,5675,1,20,0.9964881474978051,0,0.0,0.002285003662109375,0.5037148870560566,0.17006397247314453,1.4034293651580807,4.922787432670601,23.2983820438385,exact,227,phase1c1_v2
data/raw/WiFI_and_MQTT/profiling/PCAP/Interactions/Owltron_Camera/Owltron_Camera_WAN_PHOTO.pcap,profiling,BENIGN,,,interaction,,Owltron_Camera,Owltron_Camera_WAN_PHOTO,50,5.0,1.0,5695,3,0,4,112,5600,4,95,0.9833187006145742,0,0.0,0.03546786308288574,0.6540313618523734,0.3487764596939087,2.8311985373497,4.638975687026978,6.439558982849121,exact,112,phase1c1_v2
data/raw/WiFI_and_MQTT/profiling/PCAP/Interactions/Owltron_Camera/Owltron_Camera_WAN_PHOTO.pcap,profiling,BENIGN,,,interaction,,Owltron_Camera,Owltron_Camera_WAN_PHOTO,50,30.0,1.0,5695,0,0,1,113,5650,1,45,0.9920983318700615,0,0.0,0.03546786308288574,1.017985873517737,0.34925103187561035,2.882745456695557,20.900918140411306,23.508652925491333,exact,113,phase1c1_v2
data/raw/WiFI_and_MQTT/profiling/PCAP/Interactions/Owltron_Camera/Owltron_Camera_WAN_PHOTO.pcap,profiling,BENIGN,,,interaction,,Owltron_Camera,Owltron_Camera_WAN_PHOTO,100,5.0,1.0,5695,3,0,4,55,5500,4,195,0.9657594381035997,0,0.0,0.09715604782104492,1.277981203252619,0.652040958404541,6.185215687751767,7.222629761695862,7.3671040534973145,exact,55,phase1c1_v2
data/raw/WiFI_and_MQTT/profiling/PCAP/Interactions/Owltron_Camera/Owltron_Camera_WAN_PHOTO.pcap,profiling,BENIGN,,,interaction,,Owltron_Camera,Owltron_Camera_WAN_PHOTO,100,30.0,1.0,5695,0,0,1,56,5600,1,95,0.9833187006145742,0,0.0,0.09715604782104492,2.050302633217403,0.643807053565979,7.391570508480072,25.63763649463654,25.71674919128418,exact,56,phase1c1_v2
data/raw/WiFI_and_MQTT/profiling/PCAP/Interactions/Owltron_Camera/Owltron_Camera_WAN_RECORDING.pcap,profiling,BENIGN,,,interaction,,Owltron_Camera,Owltron_Camera_WAN_RECORDING,25,5.0,1.0,40120,2,0,3,1604,40100,3,20,0.9995014955134596,0,0.0,0.012581110000610352,0.15208142163450283,0.13646745681762695,0.3151248812675476,1.2066131472587593,3.942507028579712,exact,1604,phase1c1_v2
data/raw/WiFI_and_MQTT/profiling/PCAP/Interactions/Owltron_Camera/Owltron_Camera_WAN_RECORDING.pcap,profiling,BENIGN,,,interaction,,Owltron_Camera,Owltron_Camera_WAN_RECORDING,25,30.0,1.0,40120,2,0,3,1604,40100,3,20,0.9995014955134596,0,0.0,0.012581110000610352,0.15208142163450283,0.13646745681762695,0.3151248812675476,1.2066131472587593,3.942507028579712,exact,1604,phase1c1_v2
data/raw/WiFI_and_MQTT/profiling/PCAP/Interactions/Owltron_Camera/Owltron_Camera_WAN_RECORDING.pcap,profiling,BENIGN,,,interaction,,Owltron_Camera,Owltron_Camera_WAN_RECORDING,50,5.0,1.0,40120,2,0,3,801,40050,3,70,0.9982552342971087,0,0.0,0.03472304344177246,0.31000411108638465,0.28107500076293945,0.6366169452667236,2.385747194290161,4.244085073471069,exact,801,phase1c1_v2
data/raw/WiFI_and_MQTT/profiling/PCAP/Interactions/Owltron_Camera/Owltron_Camera_WAN_RECORDING.pcap,profiling,BENIGN,,,interaction,,Owltron_Camera,Owltron_Camera_WAN_RECORDING,50,30.0,1.0,40120,2,0,3,801,40050,3,70,0.9982552342971087,0,0.0,0.03472304344177246,0.31000411108638465,0.28107500076293945,0.6366169452667236,2.385747194290161,4.244085073471069,exact,801,phase1c1_v2
data/raw/WiFI_and_MQTT/profiling/PCAP/Interactions/Owltron_Camera/Owltron_Camera_WAN_RECORDING.pcap,profiling,BENIGN,,,interaction,,Owltron_Camera,Owltron_Camera_WAN_RECORDING,100,5.0,1.0,40120,2,0,3,399,39900,3,220,0.9945164506480558,0,0.0,0.08497881889343262,0.6259065827630218,0.5472090244293213,1.1516932487487788,4.976879711151111,6.255254030227661,exact,399,phase1c1_v2
data/raw/WiFI_and_MQTT/profiling/PCAP/Interactions/Owltron_Camera/Owltron_Camera_WAN_RECORDING.pcap,profiling,BENIGN,,,interaction,,Owltron_Camera,Owltron_Camera_WAN_RECORDING,100,30.0,1.0,40120,2,0,3,399,39900,3,220,0.9945164506480558,0,0.0,0.08497881889343262,0.6259065827630218,0.5472090244293213,1.1516932487487788,4.976879711151111,6.255254030227661,exact,399,phase1c1_v2
data/raw/WiFI_and_MQTT/profiling/PCAP/Interactions/Owltron_Camera/Owltron_Camera_WAN_WATCH.pcap,profiling,BENIGN,,,interaction,,Owltron_Camera,Owltron_Camera_WAN_WATCH,25,5.0,1.0,35040,2,0,3,1400,35000,3,40,0.9988584474885844,0,0.0,0.008314847946166992,0.17024439896856036,0.13507544994354248,0.3864494442939758,1.3569614481925965,2.9176769256591797,exact,1400,phase1c1_v2
data/raw/WiFI_and_MQTT/profiling/PCAP/Interactions/Owltron_Camera/Owltron_Camera_WAN_WATCH.pcap,profiling,BENIGN,,,interaction,,Owltron_Camera,Owltron_Camera_WAN_WATCH,25,30.0,1.0,35040,1,0,2,1400,35000,2,40,0.9988584474885844,0,0.0,0.008314847946166992,0.17798455817358835,0.13967204093933105,0.3805882453918457,1.3496866703033448,12.75960087776184,exact,1400,phase1c1_v2
data/raw/WiFI_and_MQTT/profiling/PCAP/Interactions/Owltron_Camera/Owltron_Camera_WAN_WATCH.pcap,profiling,BENIGN,,,interaction,,Owltron_Camera,Owltron_Camera_WAN_WATCH,50,5.0,1.0,35040,2,0,3,699,34950,3,90,0.997431506849315,0,0.0,0.03132510185241699,0.34729078638024935,0.3009190559387207,0.7235305070877075,2.645458173751831,3.0999248027801514,exact,699,phase1c1_v2
data/raw/WiFI_and_MQTT/profiling/PCAP/Interactions/Owltron_Camera/Owltron_Camera_WAN_WATCH.pcap,profiling,BENIGN,,,interaction,,Owltron_Camera,Owltron_Camera_WAN_WATCH,50,30.0,1.0,35040,1,0,2,699,34950,2,90,0.997431506849315,0,0.0,0.03132510185241699,0.3624579967858965,0.3009190559387207,0.6990617990493775,2.7166797161102285,12.96695590019226,exact,699,phase1c1_v2
data/raw/WiFI_and_MQTT/profiling/PCAP/Interactions/Owltron_Camera/Owltron_Camera_WAN_WATCH.pcap,profiling,BENIGN,,,interaction,,Owltron_Camera,Owltron_Camera_WAN_WATCH,100,5.0,1.0,35040,2,0,3,349,34900,3,140,0.9960045662100456,0,0.0,0.08207511901855469,0.7022198974915426,0.5820250511169434,1.3153279304504388,5.368570957183835,5.764967918395996,exact,349,phase1c1_v2
data/raw/WiFI_and_MQTT/profiling/PCAP/Interactions/Owltron_Camera/Owltron_Camera_WAN_WATCH.pcap,profiling,BENIGN,,,interaction,,Owltron_Camera,Owltron_Camera_WAN_WATCH,100,30.0,1.0,35040,1,0,2,349,34900,2,140,0.9960045662100456,0,0.0,0.08207511901855469,0.7331739565021329,0.565950870513916,1.3269364356994626,5.535873441696164,13.405905961990356,exact,349,phase1c1_v2
data/raw/WiFI_and_MQTT/profiling/PCAP/Interactions/Singcall/Singcall_LAN_PHYSICAL.pcap,profiling,BENIGN,,,interaction,,Singcall,Singcall_LAN_PHYSICAL,25,5.0,1.0,419,6,0,7,16,400,7,19,0.954653937947494,0,0.0,1.7263801097869873,3.976183235645294,4.010918021202087,5.594326615333557,6.587020611762999,6.835194110870361,exact,16,phase1c1_v2
data/raw/WiFI_and_MQTT/profiling/PCAP/Interactions/Singcall/Singcall_LAN_PHYSICAL.pcap,profiling,BENIGN,,,interaction,,Singcall,Singcall_LAN_PHYSICAL,25,30.0,1.0,419,2,0,3,16,400,3,19,0.954653937947494,0,0.0,1.7263801097869873,4.552422508597374,4.033514022827148,8.53754860162735,12.62319937944412,13.644612073898315,exact,16,phase1c1_v2
data/raw/WiFI_and_MQTT/profiling/PCAP/Interactions/Singcall/Singcall_LAN_PHYSICAL.pcap,profiling,BENIGN,,,interaction,,Singcall,Singcall_LAN_PHYSICAL,50,5.0,1.0,419,6,0,7,7,350,7,69,0.8353221957040573,0,0.0,5.849393844604492,7.980804409299578,8.63330888748169,10.610945034027099,10.916166744232177,10.992472171783447,exact,7,phase1c1_v2
data/raw/WiFI_and_MQTT/profiling/PCAP/Interactions/Singcall/Singcall_LAN_PHYSICAL.pcap,profiling,BENIGN,,,interaction,,Singcall,Singcall_LAN_PHYSICAL,50,30.0,1.0,419,2,0,3,7,350,3,69,0.8353221957040573,0,0.0,5.780987977981567,9.383667162486486,8.63330888748169,16.420753788948055,18.281878914833065,18.74716019630432,exact,7,phase1c1_v2
data/raw/WiFI_and_MQTT/profiling/PCAP/Interactions/Singcall/Singcall_LAN_PHYSICAL.pcap,profiling,BENIGN,,,interaction,,Singcall,Singcall_LAN_PHYSICAL,100,5.0,1.0,419,6,0,7,3,300,7,119,0.7159904534606205,0,0.0,14.613496780395508,15.03644323348999,14.889577865600586,15.534587335586547,15.59192151069641,15.606255054473877,exact,3,phase1c1_v2
data/raw/WiFI_and_MQTT/profiling/PCAP/Interactions/Singcall/Singcall_LAN_PHYSICAL.pcap,profiling,BENIGN,,,interaction,,Singcall,Singcall_LAN_PHYSICAL,100,30.0,1.0,419,2,0,3,3,300,3,119,0.7159904534606205,0,0.0,14.613496780395508,18.249300003051758,15.606255054473877,23.635958862304687,24.34971031188965,24.52814817428589,exact,3,phase1c1_v2
data/raw/WiFI_and_MQTT/profiling/PCAP/Interactions/Singcall/Singcall_WAN_PHYSICAL.pcap,profiling,BENIGN,,,interaction,,Singcall,Singcall_WAN_PHYSICAL,25,5.0,1.0,334,2,0,3,12,300,3,34,0.8982035928143712,0,0.0,3.38946795463562,4.379292845726013,3.934380531311035,6.144317424297332,6.334595448970795,6.38216495513916,exact,12,phase1c1_v2
data/raw/WiFI_and_MQTT/profiling/PCAP/Interactions/Singcall/Singcall_WAN_PHYSICAL.pcap,profiling,BENIGN,,,interaction,,Singcall,Singcall_WAN_PHYSICAL,25,30.0,1.0,334,2,0,3,12,300,3,34,0.8982035928143712,0,0.0,3.38946795463562,4.379292845726013,3.934380531311035,6.144317424297332,6.334595448970795,6.38216495513916,exact,12,phase1c1_v2
data/raw/WiFI_and_MQTT/profiling/PCAP/Interactions/Singcall/Singcall_WAN_PHYSICAL.pcap,profiling,BENIGN,,,interaction,,Singcall,Singcall_WAN_PHYSICAL,50,5.0,1.0,334,2,0,3,6,300,3,34,0.8982035928143712,0,0.0,6.942718982696533,8.881512681643168,8.849434494972229,10.813875317573547,10.964034295082094,11.001574039459229,exact,6,phase1c1_v2
data/raw/WiFI_and_MQTT/profiling/PCAP/Interactions/Singcall/Singcall_WAN_PHYSICAL.pcap,profiling,BENIGN,,,interaction,,Singcall,Singcall_WAN_PHYSICAL,50,30.0,1.0,334,2,0,3,6,300,3,34,0.8982035928143712,0,0.0,6.942718982696533,8.881512681643168,8.849434494972229,10.813875317573547,10.964034295082094,11.001574039459229,exact,6,phase1c1_v2
data/raw/WiFI_and_MQTT/profiling/PCAP/Interactions/Singcall/Singcall_WAN_PHYSICAL.pcap,profiling,BENIGN,,,interaction,,Singcall,Singcall_WAN_PHYSICAL,100,5.0,1.0,334,2,0,3,3,300,3,34,0.8982035928143712,0,0.0,17.698868989944458,17.828794082005818,17.843181133270264,17.934217023849488,17.942309103012082,17.944332122802734,exact,3,phase1c1_v2
data/raw/WiFI_and_MQTT/profiling/PCAP/Interactions/Singcall/Singcall_WAN_PHYSICAL.pcap,profiling,BENIGN,,,interaction,,Singcall,Singcall_WAN_PHYSICAL,100,30.0,1.0,334,2,0,3,3,300,3,34,0.8982035928143712,0,0.0,17.698868989944458,17.828794082005818,17.843181133270264,17.934217023849488,17.942309103012082,17.944332122802734,exact,3,phase1c1_v2
data/raw/WiFI_and_MQTT/profiling/PCAP/Power/Blink_Mini_Camera_Power.pcap,profiling,BENIGN,,,power,,Blink_Camera,Blink_Camera_Power,25,5.0,1.0,568,54,0,55,15,375,55,193,0.6602112676056338,0,0.0,0.37767601013183594,1.7862733999888103,0.7514429092407227,5.83265881538391,6.127983865737915,6.201815128326416,exact,15,phase1c1_v2
data/raw/WiFI_and_MQTT/profiling/PCAP/Power/Blink_Mini_Camera_Power.pcap,profiling,BENIGN,,,power,,Blink_Camera,Blink_Camera_Power,25,30.0,1.0,568,4,0,5,20,500,5,68,0.8802816901408451,0,0.0,0.37767601013183594,17.872773194313048,0.9599459171295166,89.37881621122361,89.8877631354332,90.0149998664856,exact,20,phase1c1_v2
data/raw/WiFI_and_MQTT/profiling/PCAP/Power/Blink_Mini_Camera_Power.pcap,profiling,BENIGN,,,power,,Blink_Camera,Blink_Camera_Power,50,5.0,1.0,568,54,0,55,6,300,55,268,0.528169014084507,0,0.0,0.7912540435791016,4.139561136563619,3.8543405532836914,7.682845830917358,7.876028203964234,7.924323797225952,exact,6,phase1c1_v2
data/raw/WiFI_and_MQTT/profiling/PCAP/Power/Blink_Mini_Camera_Power.pcap,profiling,BENIGN,,,power,,Blink_Camera,Blink_Camera_Power,50,30.0,1.0,568,4,0,5,9,450,5,118,0.7922535211267606,0,0.0,0.7912540435791016,19.81570922003852,6.958411931991577,61.689142894744876,62.52363981246948,62.732264041900635,exact,9,phase1c1_v2
data/raw/WiFI_and_MQTT/profiling/PCAP/Power/Blink_Mini_Camera_Power.pcap,profiling,BENIGN,,,power,,Blink_Camera,Blink_Camera_Power,100,5.0,1.0,568,54,0,55,3,300,55,268,0.528169014084507,0,0.0,6.960050106048584,8.279815991719564,8.4998779296875,9.291555738449096,9.361927099227904,9.379519939422607,exact,3,phase1c1_v2
data/raw/WiFI_and_MQTT/profiling/PCAP/Power/Blink_Mini_Camera_Power.pcap,profiling,BENIGN,,,power,,Blink_Camera,Blink_Camera_Power,100,30.0,1.0,568,4,0,5,3,300,5,268,0.528169014084507,0,0.0,6.960050106048584,8.279815991719564,8.4998779296875,9.291555738449096,9.361927099227904,9.379519939422607,exact,3,phase1c1_v2
data/raw/WiFI_and_MQTT/profiling/PCAP/Power/Ecobee_Camera_Power.pcap,profiling,BENIGN,,,power,,Ecobee_Camera,Ecobee_Camera_Power,25,5.0,1.0,2651,46,0,47,90,2250,47,401,0.8487363259147491,0,0.0,0.00023889541625976562,1.045490656958686,0.08643698692321777,6.033679687976836,14.377890188694,15.38459587097168,exact,90,phase1c1_v2
data/raw/WiFI_and_MQTT/profiling/PCAP/Power/Ecobee_Camera_Power.pcap,profiling,BENIGN,,,power,,Ecobee_Camera,Ecobee_Camera_Power,25,30.0,1.0,2651,9,0,10,104,2600,10,51,0.980761976612599,0,0.0,0.00023889541625976562,5.780325726820872,0.39293551445007324,31.52722078561783,60.13966714620588,63.99958086013794,exact,104,phase1c1_v2
data/raw/WiFI_and_MQTT/profiling/PCAP/Power/Ecobee_Camera_Power.pcap,profiling,BENIGN,,,power,,Ecobee_Camera,Ecobee_Camera_Power,50,5.0,1.0,2651,46,0,47,43,2150,47,501,0.8110147114296492,0,0.0,0.007547140121459961,2.0665071398712866,0.23019003868103027,11.940162467956537,18.031856117248523,20.355194807052612,exact,43,phase1c1_v2
data/raw/WiFI_and_MQTT/profiling/PCAP/Power/Ecobee_Camera_Power.pcap,profiling,BENIGN,,,power,,Ecobee_Camera,Ecobee_Camera_Power,50,30.0,1.0,2651,9,0,10,51,2550,10,101,0.961901169370049,0,0.0,0.007547140121459961,9.763433573292751,0.9994409084320068,50.7771520614624,74.49633860588074,92.71302509307861,exact,51,phase1c1_v2
data/raw/WiFI_and_MQTT/profiling/PCAP/Power/Ecobee_Camera_Power.pcap,profiling,BENIGN,,,power,,Ecobee_Camera,Ecobee_Camera_Power,100,5.0,1.0,2651,46,0,47,20,2000,47,651,0.7544322897019993,0,0.0,0.020876169204711914,2.0762234210968016,0.4161449670791626,8.887039387226105,8.939832727909089,8.953031063079834,exact,20,phase1c1_v2
data/raw/WiFI_and_MQTT/profiling/PCAP/Power/Ecobee_Camera_Power.pcap,profiling,BENIGN,,,power,,Ecobee_Camera,Ecobee_Camera_Power,100,30.0,1.0,2651,9,0,10,25,2500,10,151,0.9430403621274991,0,0.0,0.020876169204711914,18.595468463897706,1.2061858177185059,85.22089619636535,116.71000070571891,126.46608209609985,exact,25,phase1c1_v2
data/raw/WiFI_and_MQTT/profiling/PCAP/Power/M1T_Camera_Power.pcap,profiling,BENIGN,,,power,,M1T_Camera,M1T_Camera_Power,25,5.0,1.0,413,14,0,15,13,325,14,88,0.7869249394673123,0,0.0,0.9598188400268555,2.4376957416534424,1.175950050354004,7.000031518936156,7.1033783054351805,7.1292150020599365,exact,13,phase1c1_v2
data/raw/WiFI_and_MQTT/profiling/PCAP/Power/M1T_Camera_Power.pcap,profiling,BENIGN,,,power,,M1T_Camera,M1T_Camera_Power,25,30.0,1.0,413,2,0,3,16,400,3,13,0.9685230024213075,0,0.0,0.9598188400268555,16.66304922103882,1.2353594303131104,76.20374739170074,113.82580063343046,123.23131394386292,exact,16,phase1c1_v2
data/raw/WiFI_and_MQTT/profiling/PCAP/Power/M1T_Camera_Power.pcap,profiling,BENIGN,,,power,,M1T_Camera,M1T_Camera_Power,50,5.0,1.0,413,14,0,15,6,300,15,113,0.7263922518159807,0,0.0,2.19974684715271,5.076314290364583,4.987684845924377,8.072610557079315,8.103153359889985,8.110789060592651,exact,6,phase1c1_v2
data/raw/WiFI_and_MQTT/profiling/PCAP/Power/M1T_Camera_Power.pcap,profiling,BENIGN,,,power,,M1T_Camera,M1T_Camera_Power,50,30.0,1.0,413,2,0,3,7,350,3,63,0.847457627118644,0,0.0,2.19974684715271,25.812594686235702,7.61322283744812,107.59443066120137,141.70310778141013,150.2302770614624,exact,7,phase1c1_v2
data/raw/WiFI_and_MQTT/profiling/PCAP/Power/M1T_Camera_Power.pcap,profiling,BENIGN,,,power,,M1T_Camera,M1T_Camera_Power,100,5.0,1.0,413,14,0,15,3,300,15,113,0.7263922518159807,0,0.0,9.827627897262573,10.1529012521108,10.310650825500488,10.31944761276245,10.320229549407959,10.320425033569336,exact,3,phase1c1_v2
data/raw/WiFI_and_MQTT/profiling/PCAP/Power/M1T_Camera_Power.pcap,profiling,BENIGN,,,power,,M1T_Camera,M1T_Camera_Power,100,30.0,1.0,413,2,0,3,3,300,3,113,0.7263922518159807,0,0.0,9.827627897262573,10.1529012521108,10.310650825500488,10.31944761276245,10.320229549407959,10.320425033569336,exact,3,phase1c1_v2
data/raw/WiFI_and_MQTT/profiling/PCAP/Power/Owltron_Camera_Power.pcap,profiling,BENIGN,,,power,,Owltron_Camera,Owltron_Camera_Power,25,5.0,1.0,1207,64,0,65,40,1000,64,207,0.8285004142502072,0,0.0,0.2564389705657959,1.9595575869083404,0.954344630241394,9.25566827058792,11.199333753585815,11.966778039932251,exact,40,phase1c1_v2
data/raw/WiFI_and_MQTT/profiling/PCAP/Power/Owltron_Camera_Power.pcap,profiling,BENIGN,,,power,,Owltron_Camera,Owltron_Camera_Power,25,30.0,1.0,1207,3,0,4,47,1175,4,32,0.9734879867439934,0,0.0,0.2564389705657959,15.891244502777749,1.1693689823150635,69.2084535360336,188.15850600719452,192.47810697555542,exact,47,phase1c1_v2
data/raw/WiFI_and_MQTT/profiling/PCAP/Power/Owltron_Camera_Power.pcap,profiling,BENIGN,,,power,,Owltron_Camera,Owltron_Camera_Power,50,5.0,1.0,1207,64,0,65,19,950,65,257,0.7870753935376967,0,0.0,0.8068869113922119,3.0136833316401432,1.8963539600372314,10.09845848083496,10.414289321899414,10.493247032165527,exact,19,phase1c1_v2
data/raw/WiFI_and_MQTT/profiling/PCAP/Power/Owltron_Camera_Power.pcap,profiling,BENIGN,,,power,,Owltron_Camera,Owltron_Camera_Power,50,30.0,1.0,1207,3,0,4,22,1100,4,107,0.9113504556752279,0,0.0,0.8068869113922119,14.350876927375793,2.048493504524231,85.52279720306396,93.29775355100631,95.24880599975586,exact,22,phase1c1_v2
data/raw/WiFI_and_MQTT/profiling/PCAP/Power/Owltron_Camera_Power.pcap,profiling,BENIGN,,,power,,Owltron_Camera,Owltron_Camera_Power,100,5.0,1.0,1207,64,0,65,9,900,65,307,0.7456503728251864,0,0.0,1.879714012145996,5.269387430614895,4.7138190269470215,11.096929550170898,12.20432662963867,12.481175899505615,exact,9,phase1c1_v2
data/raw/WiFI_and_MQTT/profiling/PCAP/Power/Owltron_Camera_Power.pcap,profiling,BENIGN,,,power,,Owltron_Camera,Owltron_Camera_Power,100,30.0,1.0,1207,3,0,4,10,1000,4,207,0.8285004142502072,0,0.0,1.879714012145996,14.424182581901551,4.99776303768158,58.86606557369223,89.22708426952363,96.81733894348145,exact,10,phase1c1_v2
data/raw/WiFI_and_MQTT/profiling/PCAP/Power/Singcall_Power.pcap,profiling,BENIGN,,,power,,Singcall,Singcall_Power,25,5.0,1.0,506,10,0,11,16,400,9,106,0.7905138339920948,0,0.0,1.2680881023406982,3.855185717344284,3.114623546600342,8.482591092586517,8.614211738109589,8.647116899490356,exact,16,phase1c1_v2
data/raw/WiFI_and_MQTT/profiling/PCAP/Power/Singcall_Power.pcap,profiling,BENIGN,,,power,,Singcall,Singcall_Power,25,30.0,1.0,506,5,0,6,19,475,3,31,0.9387351778656127,0,0.0,1.2680881023406982,6.33328622265866,4.850584030151367,12.646766853332498,20.219402160644535,22.112560987472534,exact,19,phase1c1_v2
data/raw/WiFI_and_MQTT/profiling/PCAP/Power/Singcall_Power.pcap,profiling,BENIGN,,,power,,Singcall,Singcall_Power,50,5.0,1.0,506,10,0,11,5,250,10,256,0.49407114624505927,0,0.0,3.3288469314575195,7.647700405120849,7.7724480628967285,11.128887701034547,11.395769414901734,11.46248984336853,exact,5,phase1c1_v2
data/raw/WiFI_and_MQTT/profiling/PCAP/Power/Singcall_Power.pcap,profiling,BENIGN,,,power,,Singcall,Singcall_Power,50,30.0,1.0,506,5,0,6,8,400,5,106,0.7905138339920948,0,0.0,3.3288469314575195,11.044617980718613,10.187147855758667,18.764804768562314,20.14932497501373,20.495455026626587,exact,8,phase1c1_v2
data/raw/WiFI_and_MQTT/profiling/PCAP/Power/Singcall_Power.pcap,profiling,BENIGN,,,power,,Singcall,Singcall_Power,100,5.0,1.0,506,10,0,11,1,100,11,406,0.1976284584980237,0,0.0,14.902821779251099,14.902821779251099,14.902821779251099,14.902821779251099,14.902821779251099,14.902821779251099,exact,1,phase1c1_v2
data/raw/WiFI_and_MQTT/profiling/PCAP/Power/Singcall_Power.pcap,profiling,BENIGN,,,power,,Singcall,Singcall_Power,100,30.0,1.0,506,5,0,6,2,200,6,306,0.3952569169960474,0,0.0,14.902821779251099,19.68268382549286,19.68268382549286,23.984559667110442,24.366948630809784,24.46254587173462,exact,2,phase1c1_v2
